name,province,district
DE LA SALLE COLLEGE,Western,Colombo
MODARA ANANDA M.M.V.,Western,Colombo
ST.ANTHONY'S B.M.V.,Western,Colombo
KUMARA V.,Western,Colombo
MATT.ST.JOHN'S M.V.,Western,Colombo
ST.LUCIA'S COLLEGE,Western,Colombo
CATHEDRAL BOYS COLLEGE,Western,Colombo
KOTAHENA PRESIDENT COLLEGE,Western,Colombo
ST.ANDREW'S V.,Western,Colombo
MODARA SRI MEDHANANDA V.,Western,Colombo
MODARA ST.JOHN'S V.,Western,Colombo
AVE MARIA V.,Western,Colombo
SRI SANGHABODHI M.V.,Western,Colombo
BLOEMENDHAL SIN.V.,Western,Colombo
SRI GUNANANDA V.,Western,Colombo
THOTAWATTA METHODIST V.,Western,Colombo
ROMAN CATHOLIC B.V.,Western,Colombo
ST.JAME'S P.V.,Western,Colombo
MAHAWATTA ST.ANTHONY'S SIN.V.,Western,Colombo
ST.ANTHONY'S B.P.V.,Western,Colombo
AGAMETHI V.,Western,Colombo
KOTAHENA M.M.V.,Western,Colombo
SRI SANGARAJA M.M.V.,Western,Colombo
MAHABODHI M.V.,Western,Colombo
RAJASINGHE M.V.,Western,Colombo
MIHINDU MAWATHA SIN.M.V.,Western,Colombo
SIRI SARIPUTHTHA M.V.,Western,Colombo
VIJAYABA M.V.,Western,Colombo
ST.JOSEPH'S B.M.V.,Western,Colombo
ST.JOSEPH'S BOYS V.,Western,Colombo
WOLFENDHAL B.M.V.,Western,Colombo
CLIFTON B.M.V.,Western,Colombo
HOLY ROSARY R.C.SIN.V.,Western,Colombo
VIHARAMAHA DEVI B.V.,Western,Colombo
HEMAMALI B.V.,Western,Colombo
ST.MARY'S V.,Western,Colombo
HARWARD V.,Western,Colombo
JAYANTHI V.,Western,Colombo
KOTAHENA SIN.K.V.,Western,Colombo
A.E.GUNASINGHA V.,Western,Colombo
ST.SEBASTIAN SIN.V.,Western,Colombo
SIR BARON JAYATHILAKA V.,Western,Colombo
ROYAL COLLEGE,Western,Colombo
ANANDA COLLEGE,Western,Colombo
NALANDA COLLEGE,Western,Colombo
THURSTAN COLLEGE,Western,Colombo
ST.MATHEWS COLLEGE,Western,Colombo
ANANDA B.V.,Western,Colombo
GOTHAMI B.V.,Western,Colombo
ST.JOHN'S COLLEGE,Western,Colombo
SEEVALI M.M.V.,Western,Colombo
SUSAMAYAWARDHANA V.,Western,Colombo
ANURUDDHA B.V.,Western,Colombo
MAHINDA V.,Western,Colombo
YASODARA B.V.,Western,Colombo
PRESBYTERIAN GIRL'S SCHOOL,Western,Colombo
RATHNAWALI B.M.V.,Western,Colombo
D.S.SENANAYAKE COLLEGE,Western,Colombo
ALL SAINTS' B.M.V.,Western,Colombo
VELUWANA COLLEGE,Western,Colombo
SRI SANGHAMITHTHA B.V.,Western,Colombo
ASOKA V.,Western,Colombo
C.W.W.KANNANGARA V.,Western,Colombo
DEVI B.V.,Western,Colombo
SUJATHA B.V.,Western,Colombo
ARETHUSA V.,Western,Colombo
SRI PARAKRAMABAHU M.V.,Western,Colombo
MAHAMATHYA V.,Western,Colombo
SRI SADDHARMODAYA M.V.,Western,Colombo
S.W.R.D. BANDARANAYAKE V.,Western,Colombo
THIMBIRIGASYAYA VIDYATHILAKA V.,Western,Colombo
SIRIMAVO BANDARANAYAKE V.,Western,Colombo
DUDLEY SENANAYAKA V.,Western,Colombo
ISIPATHANA COLLEGE,Western,Colombo
LUMBINI V.,Western,Colombo
MAHANAMA COLLEGE,Western,Colombo
ST. PAUL'S GIRL'S SCHOOL,Western,Colombo
VISAKHA V.,Western,Colombo
ST.CLARE'S B.M.V.,Western,Colombo
LINDSAY B.V.,Western,Colombo
SRI WAISHAKA B.V.,Western,Colombo
ST.MARY'S B.M.V.,Western,Colombo
ST.MICHAEL'S COLLEGE,Western,Colombo
ST.MARY'S SIN.MIX.V.,Western,Colombo
S.DE.S. JAYASINGHE CENTRAL COLLEGE,Western,Colombo
HOLY FAMILY CONVENT,Western,Colombo
BUDDHAGHOSHA M.V.,Western,Colombo
PRESBYTERIAN B.V,Western,Colombo
ST.JOSEPH'S GIRL'S S.,Western,Colombo
ST'MARY'S COLLEGE,Western,Colombo
METHODIST V.,Western,Colombo
VIJAYA V. - KARAGAMPITIYA,Western,Colombo
SUBODHA B.V.,Western,Colombo
SUMAGA V.,Western,Colombo
BUDDHIST GIRLS' COLLEGE,Western,Colombo
GIRLS' HIGH SCHOOL,Western,Colombo
SRI DHARMARAMA V.,Western,Colombo
KOTHALAWALAPURA M.V.,Western,Colombo
SCIENGE COLLEGE,Western,Colombo
SHASTRANANDA M.V.,Western,Colombo
CHRIST CHURCH COLLEGE,Western,Colombo
ST.ANTHONY'S JUNIOR SCHOOL,Western,Colombo
LALITH ATHULATHMUDALI COLLEGE,Western,Colombo
SRI ATHTHADASSE V.,Western,Colombo
SRI GNANENDRA V.,Western,Colombo
ROMAN CATHOLIC SCHOOL,Western,Colombo
KANDAWALA NAVODYA V.,Western,Colombo
ATTIDIYA MODEL PRIMARY SCHOOL,Western,Colombo
KAVIDHAJA V.,Western,Colombo
SRI PUNYAKAMI V.,Western,Colombo
DHARMODAYA V.,Western,Colombo
KOLONNAWA BALIKA VIDYALAYA,Western,Colombo
SEDAWATTA SIDDHARTHA CENTRAL COLLEGE,Western,Colombo
SRI RAJASINGHE CENTRAL COLLEGE,Western,Colombo
SRI RAHULA MAHA VIDYALAYA,Western,Colombo
TERRENCE N DE SILVA MAHA VIDYALAYA,Western,Colombo
GOTHATUWA MAHA VIDYALAYA,Western,Colombo
AMBATHALE TIKIRI KUMARA VIDYALAYA,Western,Colombo
AMBATHALE SAMUDRADEVI BALIKA VIDYALAYA,Western,Colombo
KUDA BUTHGAMUWA DHARMAPALA MAHA VIDYALAYA,Western,Colombo
SOMADEVI BALIKA VIDYALAYA,Western,Colombo
GAMINI VIDYALAYA,Western,Colombo
ST.JOSEPH COLLEGE,Western,Colombo
VIDYAWARDANA VIDYALAYA,Western,Colombo
WERAGODA VIDYALAYA,Western,Colombo
KOTIKAWATTA ROMAN CATHOLIC V.,Western,Colombo
TIBET S MAHINDA VIDYALAYA,Western,Colombo
HENRY OLCOTT MAHA VIDYALAYA,Western,Colombo
ANANDA SHASTHRALAYA,Western,Colombo
ANANDA BALIKA MAHA VIDYALAYA,Western,Colombo
ANULA VIDYALAYA,Western,Colombo
SAMUDRADEVI BALIKA VIDYALAYA,Western,Colombo
SRI JAYAWARDHANAPURA M.V.,Western,Colombo
SRI JAYAWARDHANAPURA BALIKA VIDYALAYA,Western,Colombo
ST.THOMAS COLLEGE,Western,Colombo
SRI WIJAYARAMA M.V.,Western,Colombo
SIRI PERAKUMBA VIDYALAYA,Western,Colombo
JANADHIPATHI BALIKA VIDYALAYA,Western,Colombo
HEWAVITHARANA M.V.,Western,Colombo
SRI REVATHA ROYAL COLLEGE,Western,Colombo
PRESIDENT PRIMARY SCHOOL,Western,Colombo
SRI SOBHITHA VIDYALAYA,Western,Colombo
HEWAWITHARANA MODEL P.V.,Western,Colombo
PRESIDENT'S COLLEGE,Western,Colombo
PRINCE OF WALES COLLEGE,Western,Colombo
PRINCESS OF WALES' COLLEGE,Western,Colombo
MORATU MAHA V.,Western,Colombo
DE SOYZA M.V.,Western,Colombo
SRI SUNANDOPANANDA NAVODYA M.V.,Western,Colombo
DHAMMARATHANA V.,Western,Colombo
LAKSHAPATHIYA SHIKSHADANA V.,Western,Colombo
SRI RAHULA M.V.,Western,Colombo
METHODIST HIGH SCHOOL,Western,Colombo
KORALAWELLA ROMAN CATHOLIC V.,Western,Colombo
JANAJAYA V.,Western,Colombo
ST.SEBASTIAN'S GIRL'S SCHOOL,Western,Colombo
ST.ANTHONY'S COLLEGE,Western,Colombo
MORATUMULLA LANKA SABHA V.,Western,Colombo
PODUJAYA V.,Western,Colombo
BODHIRAJA V.,Western,Colombo
WEERAPURAN APPU MODEL S.,Western,Colombo
RAWATAWATTA ROMAN CATHOLIC SCHOOL,Western,Colombo
RAWATHAWATTA METHODIST C.,Western,Colombo
UYANA JUNIOR S.,Western,Colombo
SALEENA V.,Western,Colombo
WILLORAWATTA GNANISSARA BUDDHIST V.,Western,Colombo
SRI NAGASENA VIDYALAYA,Western,Colombo
KATUKURUNDA ST. MARY'S COLLEGE,Western,Colombo
SRI SUNANDOPANANDA PRIMARY SCHOOL,Western,Colombo
SUGATHADHARMADHARA V.,Western,Colombo
EGODA UYANA JUNIOR S.,Western,Colombo
AL HIDHAYA V.,Western,Colombo
AL IQBAL B.V.,Western,Colombo
AL NASSER V.,Western,Colombo
HAMEED AL HUSSEINIE COLLEGE,Western,Colombo
DHARUSSALAAM M.V.,Western,Colombo
T.B.JAYAH ZAHIRA V.,Western,Colombo
FATHIMA MUS.B.V.,Western,Colombo
KHAIRIYA B.V.,Western,Colombo
ST.SEBASTIAN T.M.V.,Western,Colombo
VIVEKANANDA NATIONAL SCHOOL,Western,Colombo
AL HIKMA V.,Western,Colombo
MARADANA HINDU V. (THONDAR GOV. T.V.),Western,Colombo
ST. ANNE'S B.M.V.,Western,Colombo
ST.ANTHONY'S BOYS M.V.,Western,Colombo
KANAPATHY HINDU LADIES M.V.,Western,Colombo
HOLY ROSARY T.V.,Western,Colombo
COLOMBO CENTRAL HINDU M.V.,Western,Colombo
DR. BADIUDDIN MAHMUD COLLEGE,Western,Colombo
SIR RAZIK FAREED MUS.V.,Western,Colombo
HAMZA MUS.V.,Western,Colombo
KALAIMAGAL T.V.,Western,Colombo
MAHAWATTA ST.ANTHONY'S T.M.V.,Western,Colombo
GOOD SHEPHERD G.T.V.,Western,Colombo
HINDU COLLEGE,Western,Colombo
KOTAHENA METHODIST T.V.,Western,Colombo
AL-HAKEEM V.,Western,Colombo
VIPULANANTHA T.M.V.,Western,Colombo
AL HIJRA MUS.V.,Western,Colombo
DR. THANINAYAGAM T.V.,Western,Colombo
KUMARAUTHAYAM T.V.,Western,Colombo
RAMAKRISHNA V.,Western,Colombo
MUSLIM LADIES COLLEGE,Western,Colombo
AL AMEEN V.,Western,Colombo
ST.MARY'S T.V.,Western,Colombo
KOLLUPITIYA METHODIST G.T.V.,Western,Colombo
RAMANATHAN HINDU LADIES COLLEGE,Western,Colombo
NUGEGODA TAMIL M.V.,Western,Colombo
MEELAD MUSLIM V.,Western,Colombo
DEHIWALA TAMIL M.V.,Western,Colombo
SRI JAYAWARDHANAPURA HINDU VIDYALAYA,Western,Colombo
RAJAGIRIYA ROMAN CATHOLIC TAMIL VIDYALAYA,Western,Colombo
ARAFATH MUSLIM M.V.,Western,Colombo
SUBHUTHI NATIONAL SCHOOL,Western,Colombo
SRI RAHULA BALIKA MAHA VIDYALAYA,Western,Colombo
BOMIRIYA CENTRAL COLLAGE,Western,Colombo
SRI SIDDHARTHA MAHA VIDYALAYA,Western,Colombo
THALAHENA M.V.,Western,Colombo
SRI DEVAMITHTHA MAHA VIDYALAYA,Western,Colombo
MAHAMATHYA VIDYALAYA,Western,Colombo
KOTHALAWALA MAHA VIDYALAYA,Western,Colombo
KORATHOTA SRI SOMANANDA M.V.,Western,Colombo
VIDYAWARDHANA MAHA VIDYALAYA,Western,Colombo
VIDYARAJA M.V.,Western,Colombo
WELIVITA ST.MARY'S MAHA VIDYALAYA,Western,Colombo
SRI INDRAJOTHI VIDYALAYA,Western,Colombo
SRI YASODARA MAHA VIDYALAYA,Western,Colombo
PHILIP THILAKAWARDANA V.,Western,Colombo
SRI SEELALANKARA V.,Western,Colombo
DEDIGAMUWA KANISHTA VIDYALAYA,Western,Colombo
ORUWALA K.V.,Western,Colombo
GUNASEKARA VIDYALAYA,Western,Colombo
HEWAGAMA KANISTA VIDYALAYA,Western,Colombo
THALANGAMA LANKA SABA KANISTA VIDYALAYA,Western,Colombo
SRI SUBODI KANISHTA VIDYALAYA,Western,Colombo
BOMIRIYA MUNIDASA KUMARATHUNGA V.,Western,Colombo
RANALA MODEL JUNIOR SCHOOL,Western,Colombo
SIRI SUMANATHISSA P.S.,Western,Colombo
PORE JUNIOR SCHOOL,Western,Colombo
SRI SUDARSHANA VIDYALAYA,Western,Colombo
RATHNA KANISHTA VIDYALAYA,Western,Colombo
AVERIHENA VIDYALOKA KANISTA VIDYALAYA,Western,Colombo
IHALA BOMIRIYA PRIMARY SCHOOL,Western,Colombo
M.D.H.JAYAWARDANA MAHA VIDYALAYA,Western,Colombo
BOY'S MODEL SCHOOL - Malabe,Western,Colombo
SEETHAWAKA M.M.V.,Western,Colombo
KOSGAMA M.V.,Western,Colombo
WP/HO/ST. MARY'S COLLEGE,Western,Colombo
ST. JOHN BOSCO'S COLLEGE,Western,Colombo
PUWAKPITIYA NORTH M.V.,Western,Colombo
ESWATHTHA PANDUKABHAYA M.V.,Western,Colombo
AKARAVITA MAHA VIDYALAYA,Western,Colombo
PAGNGNAGULA MAHA VIDYALAYA,Western,Colombo
KAHAHENA BORALUGODA M.V.,Western,Colombo
WAGA SRI RATHANASARA M.V.,Western,Colombo
ILUKOVITA KANISHTA VIDYALAYA,Western,Colombo
WELIKANNA R.C.K.V.,Western,Colombo
KALUAGGALA SRI SIDDHARTHA K.V.,Western,Colombo
KADUGODA K.V.,Western,Colombo
KOSGAMA SUMEDHA VIDYALAYA,Western,Colombo
WP/HO/KANAMPELLA K.V.,Western,Colombo
AUTHAMBALAMA JUNIOR MODEL SCHOOL,Western,Colombo
MANAKADA JUNIOR SCHOOL,Western,Colombo
ESWATHTHA SOUTH JUNIOR SCHOOL,Western,Colombo
WP/HO/PUWAKPITIYA SOUTH K.V.,Western,Colombo
PUWAKPITIYA ROMAN CATHOLIC PRIMARY,Western,Colombo
WP/HO/BOLLATHAWA K.V.,Western,Colombo
LAHIRUGAMA BUDDHIST K.V.,Western,Colombo
AVISSAWELLA JANADHIPATHI VIDYALAYA,Western,Colombo
PUWAKPITIYA C.C. TAMIL M.V.,Western,Colombo
SALAWAWATHTHA TAMIL V.,Western,Colombo
WP/HO/SIRINIWASA TAMIL K.V.,Western,Colombo
WAGAWATHTHA TAMIL K.V.,Western,Colombo
HANWELLA RAJASINGHE CENTRAL COLLEGE,Western,Colombo
SIRI PIYARATHANA CENTRAL COLLEGE,Western,Colombo
PINNAWALA RAJAPOLA M.V.,Western,Colombo
BOPE RAJASINGHE M.V.,Western,Colombo
MAYADUNNA MAHA VIDYALAYA,Western,Colombo
MALAGALA MAHA VIDYALAYA,Western,Colombo
SIRI SUMANAJOTHI M.V.,Western,Colombo
WP/HO/PAHALA HANWELLA K.V.,Western,Colombo
WP/HO/PAHATHGAMA ROMAN CATHOLIC JUNIOR SCHOOL,Western,Colombo
WP/HO/NIRIPOLA ROMAN CATHOLIC K.V.,Western,Colombo
DIDDENIYA K V,Western,Colombo
DAMBORA K.V.,Western,Colombo
WP/HO/ANGAMPITIYA K.V.,Western,Colombo
UDAGAMA K.V.,Western,Colombo
SRI GNANAWIMALA K.V.,Western,Colombo
AMARASIRI PADMAPERUMA K.V.,Western,Colombo
ANGAMUWA K.V.,Western,Colombo
M.D.H. JAYAWARDHANA JUNIOR SCHOOL,Western,Colombo
GALAGEDARA K.V.,Western,Colombo
MAWATHAGAMA MODEL JUNIOR SCHOOL,Western,Colombo
GALAGEDARA MUSLIM VIDYALAYA,Western,Colombo
MALIYADEWA M K V,Western,Colombo
KELIMADALA PRIMAY SCHOOL,Western,Colombo
BORALUWATHENNA K.V.,Western,Colombo
SIRI PIYARATHANA K.V.,Western,Colombo
PITUMPE K.V.,Western,Colombo
PADUKKA TAMIL VIDYALAYA,Western,Colombo
HOMAGAMA CENTRAL COLLEGE,Western,Colombo
MEEGODA MAHA VIDYALAYA,Western,Colombo
WETHARA M V,Western,Colombo
WIJAYAWARDANA MAHA VIDYALAYA,Western,Colombo
PITIPANA MAHA VIDYALAYA,Western,Colombo
JALTHARA MAHA VIDYALAYA,Western,Colombo
SRI PARAKRAMA MAHA VIDYALAYA,Western,Colombo
MADOLUWAWA M.V.,Western,Colombo
MULLEGAMA MAHA VIDYALAYA,Western,Colombo
OLABODUWA ZOYSA MAHA VIDYALAYA,Western,Colombo
MATTEGODA VIDYADEEPA MAHA VIDYALAYA,Western,Colombo
DEEPANGODA SRI MEDANANDA MAHA VIDYALAYA,Western,Colombo
MAGAMMANA MAHA VIDYALAYA,Western,Colombo
WETHARA PRIMARY SCHOOL,Western,Colombo
SIYAMBALAGODA DHARMAPALA K.V.,Western,Colombo
PALAGAMA SIRI PARAKUM VIDYALAYA,Western,Colombo
KAHATHUDUWA W N PERERA KANISHTA VIDYALAYA,Western,Colombo
SIRIPATHI VIDYALAYA,Western,Colombo
JAYATHILAKA VIDYALAYA,Western,Colombo
DIYAGAMA JUNIOR SCHOOL,Western,Colombo
HOMAGAMA MAHA VIDYALAYA,Western,Colombo
MEEGODA BUDDHIST JUNIOR SCHOOL,Western,Colombo
WATAREKA KANISHTA VIDYALAYA,Western,Colombo
PANALUWA K.V.,Western,Colombo
BATAWALA KANISHTA VIDYALAYA,Western,Colombo
ARMY SCHOOL,Western,Colombo
DAMPE K.V.,Western,Colombo
MEEGODA DHARMARAJA VIDYALAYA,Western,Colombo
LENAGALA JUNIOR SECONDARY SCHOOL,Western,Colombo
HABARAKADA JUNIOR SCHOOL,Western,Colombo
DOLAHENA K V,Western,Colombo
MAWATHGAMA JUNIOR SECONDARY SCHOOL,Western,Colombo
PITIPANA JUNIOR SCHOOL,Western,Colombo
NIYADAGALA VIDYAKEERTHI K V,Western,Colombo
ARTIGALA JUNIOR SCHOOL,Western,Colombo
SANGARAMA MADDUMA BANDARA JUNIOR SCHOOL,Western,Colombo
LIYANWALA ANANDA SAMARAKOON K.V.,Western,Colombo
DEEPANGODA K V,Western,Colombo
SUBHARATHI MAHAMATHYA MAHA VIDYALAYA,Western,Colombo
PRESIDENTS COLLEGE,Western,Colombo
DHARMAPALA VIDYALAYA,Western,Colombo
VIDYAKARA B.M.V.,Western,Colombo
KOTTAWA ANANDA M.V.,Western,Colombo
BUWANEKABA M.V.,Western,Colombo
CENTRAL COLLEGE MAHARAGAMA,Western,Colombo
VIDYADANA M.V.,Western,Colombo
THALAWATHUGODA PRIME MINISTER'S COLLEGE,Western,Colombo
RUKMALE M.V.,Western,Colombo
MAHAMAYA B.M.V.,Western,Colombo
BAUDDHA VIDYALAYA,Western,Colombo
DEPANAMA DHARMAPALA K.V.,Western,Colombo
STANLEY THILAKARATHNE VIDYALAYA,Western,Colombo
UDAHAMULLA SIDDHARTHA M.V.,Western,Colombo
WIJAYAGOSHA K.V.,Western,Colombo
DHARMAPALA M.V.,Western,Colombo
KOTTAWA NORTH DHARMAPALA M.V.,Western,Colombo
PAMUNUWA JUNIOR SCHOOL,Western,Colombo
DHARMASHOKA K.V.,Western,Colombo
PILIYANDALA M.M.V.,Western,Colombo
DHARMARAJA M.V.,Western,Colombo
DHARMASENA ATTYGALA B.V,Western,Colombo
PHILIP ATTYGALLE M.V.,Western,Colombo
BORALASGAMUWA M.V.,Western,Colombo
SUNETHRADEVI M.V.,Western,Colombo
VIDYALOKA M.V.,Western,Colombo
BOKUNDARA MAHINDA V.,Western,Colombo
DELTHARA JUNIOR C.,Western,Colombo
MAKULUDUWA NEW MODEL S.,Western,Colombo
ANANDA SAMARAKOON V.,Western,Colombo
BATUWANDARA JUNIOR S.,Western,Colombo
KAHAPOLA SRI PANNANANDA V.,Western,Colombo
DAMPE JUNIOR S.,Western,Colombo
MAKANDANA SRI SUDARSHANA MODEL S.,Western,Colombo
RATHTHANAPITIYA ANANDA NEW MODEL SCHOOL,Western,Colombo
BORALESGAMUWA MODEL NO 01 PRIMARY S.,Western,Colombo
EAST ARAWWALA DHARMAPALA M.V.,Western,Colombo
NO 01 K.V.,Western,Colombo
SOMAWEERA CHANDRASIRI V,Western,Colombo
SIR JOHN KOTHALAWALA M.V.,Western,Colombo
MAMPE JUNIOR S.,Western,Colombo
HEDIGAMA SRI SUDARSHANA K.V.,Western,Colombo
SUNETHRADEVI BALIKA V.,Western,Colombo
HERMANN GMEINER SCHOOL,Western,Colombo
SRI CHANDRARATHNA MANAWASINGHE M.V.,Western,Colombo
PROF.EDIRIWEERA SARACHCHANDRA VIDYALAYA,Western,Colombo
DEFENCE SERVICES COLLEGE,Western,Colombo
BOPE RAJASINGHE PRIMARY SCHOOL,Western,Colombo
MAHINDA RAJAPAKSHA COLLEGE,Western,Colombo
M.D.H.JAYAWARDANA PRIMARY SCHOOL,Western,Colombo
BUWANEKABA P.V.,Western,Colombo
PUWAKPITIYA PRIMARY TAMIL V.,Western,Colombo
ROYAL P.V.,Western,Colombo
BORALESGAMUMA MODEL PRIMARY SCHOOL,Western,Colombo
SUNEETHA VIDYALAYA,Western,Colombo
MODARA ANANDA P.V.,Western,Colombo
ST.ANTHONY'S M.V.,Western,Gampaha
ST.ANNES B.M.V.,Western,Gampaha
PAMUNUGAMA M.V.,Western,Gampaha
KARUNARATHNA BUDDHIST M.V.,Western,Gampaha
GONSALVEZ M.V.,Western,Gampaha
GOODSHEPERED B.M.V.,Western,Gampaha
KERAWALAPITIYA VIDYALOKA M.V.,Western,Gampaha
ST MARY'S M.V.,Western,Gampaha
HEENKENDA M.V.,Western,Gampaha
NAYAKAKANDA ARCHBISHOPS M.V.,Western,Gampaha
THELAGAPATHA SRI RATHANAPALA,Western,Gampaha
ELPITIWALA CHANDRAWANSHA J.S.,Western,Gampaha
ST. MARY'S COLLEGE,Western,Gampaha
WELIKADAMULLA SRI SIDDHARTHA,Western,Gampaha
DIKOVITA SHATHRALOKA V.,Western,Gampaha
ST.LAZARAS P.V.,Western,Gampaha
DELATHURA J.S.V.,Western,Gampaha
NAYAKAKANDA B.P.V.,Western,Gampaha
MATHTHUMAGALA R.C.V.,Western,Gampaha
ST.JOSEPH P.V.,Western,Gampaha
KRISTHURAJA MAHA VIDYALAYA,Western,Gampaha
PASYALA M.V,Western,Gampaha
D.S.SENANAYAKA M.M.V.,Western,Gampaha
KANDANGAMUWA M.V.,Western,Gampaha
KEENADENIYA M.V.,Western,Gampaha
DANOWITA SRI SIDDHARTHA M.V.,Western,Gampaha
PALLEWELA M.V.,Western,Gampaha
HAPITIGAMA M.V.,Western,Gampaha
BANDARANAYAKA M.V,Western,Gampaha
WEWELDENIYA M.V.,Western,Gampaha
KUMBALOLUWA M.V,Western,Gampaha
GANEGODA RAJASINGHE M.V.,Western,Gampaha
DELWALA OLCOTT M.V,Western,Gampaha
BORUKGAMUWA P.V,Western,Gampaha
SIRI VIDYAKEERTHI K.V,Western,Gampaha
KAHANDAWA P.V,Western,Gampaha
DUDLEY SENANAYAKE M.V.,Western,Gampaha
GASPE P.V.,Western,Gampaha
GIRIULLA MAHINDA P.V,Western,Gampaha
THAWALAMPITIYA M.V,Western,Gampaha
DUMUNNEGEDARA K.V,Western,Gampaha
DEBAHARA K.V.,Western,Gampaha
BALATHAWA K.V.,Western,Gampaha
BOKALAGAMA P.V.,Western,Gampaha
BOTHALE K.V.,Western,Gampaha
MADURUPITIYA P.V.,Western,Gampaha
MEEVITIYA P.V.,Western,Gampaha
WADURAWA K.V.,Western,Gampaha
WEERASURIYAKANDA K.V.,Western,Gampaha
HALUGAMA BUDDHIST K.V.,Western,Gampaha
SRI DEVARAKSHITHA MODLE P.V.,Western,Gampaha
BATALEEYA K.V.,Western,Gampaha
SIRI DHAMMANANDA P.V.,Western,Gampaha
MALIGATHANNA K.V.,Western,Gampaha
D.D.SENANAYAKA PRIMARY SCHOOL,Western,Gampaha
SIRI MIHINDU M.V.,Western,Gampaha
LOLUWAGODA K.V.,Western,Gampaha
HANDURUMULLA K.V.,Western,Gampaha
HENEPOLA K.V.,Western,Gampaha
KUREEKOTUWA K.V.,Western,Gampaha
KANNANGARA P.V.,Western,Gampaha
ELLALAMULLA P.V.,Western,Gampaha
KANDANGAMUWA P.V.,Western,Gampaha
KAPPETIWALANA SIRI SUGATHORASA P.V.,Western,Gampaha
KEENADENIYA P.V.,Western,Gampaha
PASYALA P.V.,Western,Gampaha
MADABAWITA P.V.,Western,Gampaha
HALUGAMA DHARMAPALA P.V.,Western,Gampaha
WEWALDENIYA P.V.,Western,Gampaha
BANDARANAYAKE CENTRAL COLLEGE,Western,Gampaha
SANGABODHI M.M.V.,Western,Gampaha
ALAWALA M.V.,Western,Gampaha
URAPOLA M.M.V.,Western,Gampaha
ELLAKKALA M.V.,Western,Gampaha
KALAGEDIHENA MAHA VIDYALA,Western,Gampaha
PANNILA SRI ANANDA NAHIMI M.V.,Western,Gampaha
KITHTHAMMAHARA M.V.,Western,Gampaha
KURUWAMULLA M.V.,Western,Gampaha
NITTABUWA BAUDDHA M.V.,Western,Gampaha
PITIYEGEDARA M.V.,Western,Gampaha
JANADIPATHI M.V.,Western,Gampaha
ST.MARY'S M.V.,Western,Gampaha
MAGALEGODA P.V.,Western,Gampaha
SIR BARON JAYATHILAKA K.V.,Western,Gampaha
UDUGHAWALPOLA EKABADDHA K.V.,Western,Gampaha
SRI INDRASARA P.V.,Western,Gampaha
ELUWAPITIYA K.V.,Western,Gampaha
OGODAPOLA K.V.,Western,Gampaha
KURAWALANA K.V.,Western,Gampaha
SRI NISSANKA K.V.,Western,Gampaha
G0DAGAMA P.V.,Western,Gampaha
THIHARIYA MAYURAPADA K.V..,Western,Gampaha
DADAGAMUWA K.V.,Western,Gampaha
NIKAHETIKANDA K.V.,Western,Gampaha
THALGASMOTE K.V.,Western,Gampaha
BOPAGAMA K.V.,Western,Gampaha
MATHALANA K.V.,Western,Gampaha
YATIYANA K.V.,Western,Gampaha
RATHAMBALE K.V.,Western,Gampaha
SRI WALAGAMBA K.V.,Western,Gampaha
WELIKADAMULLA K.V.,Western,Gampaha
WEERANGULA K.V.,Western,Gampaha
NITTABUWA ROMAN CATHOLIC P.V.,Western,Gampaha
SRI PAGNGNGNATHISSA K.V.,Western,Gampaha
VIDYALOKA M.V.,Western,Gampaha
URAPOLA P.V.,Western,Gampaha
ASHOKA P.V.,Western,Gampaha
GORAKADENIYA P.V.,Western,Gampaha
PITIYEGEDARA P.V.,Western,Gampaha
YATAWAKA P.V.,Western,Gampaha
VEYANGODA P.V.,Western,Gampaha
HIRIRPITIYA P.V.,Western,Gampaha
RANPOKUNAGAMA M.V.,Western,Gampaha
GALAHITIYAWA CENTRAL COLLEGE,Western,Gampaha
ANURA M.M.V.,Western,Gampaha
AMBARALUWA M.V.,Western,Gampaha
RAJASINGHE M.V.,Western,Gampaha
SRI SEELANANDA M.V.,Western,Gampaha
BANDARANAYAKE M.V.,Western,Gampaha
RATHNAWALEE BALIKA V.,Western,Gampaha
YASODARA DEVI B.M.V.,Western,Gampaha
SRI SIDDHARTHA KUMARA M.V.,Western,Gampaha
HEMAMALI M.V.,Western,Gampaha
SIRI SEEWALI M.V.,Western,Gampaha
SIRIPARAKUMBA M.V.,Western,Gampaha
SRI SWARNAPALI M.V.,Western,Gampaha
SRI VIJAYA M.V.,Western,Gampaha
DHARMAPALA M.V.,Western,Gampaha
VIDYAKARA M.V.,Western,Gampaha
SRI CHANDRAJOTHI M.V.,Western,Gampaha
MADDUMA BANDARA M.V.,Western,Gampaha
HENARATHGODA KEPPETIPOLA M.V.,Western,Gampaha
KUMARADASA K.V.,Western,Gampaha
ANURA JUNIOR K.V.,Western,Gampaha
MIHINDU K.V.,Western,Gampaha
VIJITHA K.V.,Western,Gampaha
SUNETHRA DEVI K.V.,Western,Gampaha
VIHARAMAHADEVI K.V.,Western,Gampaha
SUJATHA MODEL K.V.,Western,Gampaha
LUMBINI K.V.,Western,Gampaha
KARANEKAMULLA GAMINI K.V.,Western,Gampaha
GEMUNU K.V.,Western,Gampaha
SRI SUMANGALA P.V,Western,Gampaha
SIRI SEELARATHANA P.V.,Western,Gampaha
THIBBOTUGODA GAMINI K.V.,Western,Gampaha
MAYADUNNA P.V.,Western,Gampaha
PARAKCRAMA M.V.,Western,Gampaha
GAJABA K.V.,Western,Gampaha
SRI RAHULA K.V.,Western,Gampaha
PANDUKABAYA P.V.,Western,Gampaha
MABIMA VIDYAKARA P.V.,Western,Gampaha
JINARATHANA P.V.,Western,Gampaha
SENARATH K.V.,Western,Gampaha
WIMALADHARMASURIYA K.V.,Western,Gampaha
BODHIRAJA K.V.,Western,Gampaha
MADDUMA BANDARA K.V.,Western,Gampaha
DHARMAPALA P.V.,Western,Gampaha
GOTHAMI K.V.,Western,Gampaha
HORAGOLLA SRILANKA P.V.,Western,Gampaha
SRIBODHI P.V.,Western,Gampaha
HENEGAMA CENTRAL COLLEGE,Western,Gampaha
KADAWATHA M.M.V.,Western,Gampaha
UDUPILA WEERA VIJAYABA M.V.,Western,Gampaha
HOLY FAMIL B.M.V.,Western,Gampaha
KIRILLAWALA C C,Western,Gampaha
BUTHPITIYA M.V.,Western,Gampaha
AMBAGASPITIYA M.V.,Western,Gampaha
BATEPOLA MAHA VIDYALAYA,Western,Gampaha
JAYAKODY M.V.,Western,Gampaha
VIDYASADHAKA M.V.,Western,Gampaha
S.K.K.SOORIARACHCHI SECONDRY SCHOOL,Western,Gampaha
DHARMARAJA M.V.,Western,Gampaha
WEBODA M.V,Western,Gampaha
ST.SEBASTIANS M.V,Western,Gampaha
SIRI SIDUHATH K.V.,Western,Gampaha
VIDYALOKA VIDYALAYA,Western,Gampaha
MAHABODHI P.V.,Western,Gampaha
KADAWATHA ROMAN CATHOLIC K.V.,Western,Gampaha
DHRMADHARSHI P.V.,Western,Gampaha
KAHATANA K.V.,Western,Gampaha
KIRIMETIYAGARA ROMAN CATHOLIC BOYS SCHOOL,Western,Gampaha
VIDYACHANDRA K.V.,Western,Gampaha
SRI SANGAMITHTHA M.V.,Western,Gampaha
WEBODA NORTH VIDYADEEPA M.V.,Western,Gampaha
WILIMBULA K.V.,Western,Gampaha
HENEGAMA MAHABODHI K.V.,Western,Gampaha
KIRIKITHTHA K.V.,Western,Gampaha
SIYANE NEELAMMAHARA PV,Western,Gampaha
UDUPILA P V,Western,Gampaha
VIDYARAJA P.V.,Western,Gampaha
SRI RAHULA VIDYALAYA,Western,Gampaha
S.K.K.SOORIARACHCHI P.V.,Western,Gampaha
DALUPITIYA P.V.,Western,Gampaha
BUTHPITIYA P.V.,Western,Gampaha
WELIPILLEWA PRIMARY SCHOOL,Western,Gampaha
SIWRALUMULLA P.V.,Western,Gampaha
URUWALA K.V.,Western,Gampaha
SOORIYAPRADEEPA P.V.,Western,Gampaha
KIRINDIWELA M.M.V.,Western,Gampaha
PADMAWATHI M.M.V.,Western,Gampaha
SIYANE NATIONAL SCHOOL,Western,Gampaha
MAHAGAMASEKARA M.V.,Western,Gampaha
MANDAWALA M.V.,Western,Gampaha
OVITIGAMA BODHIRAJA M.V.,Western,Gampaha
BANDARANAYAKA M.V.,Western,Gampaha
SIRI PARAKUMBA M.V.,Western,Gampaha
MALWANA M.V.,Western,Gampaha
DOMPE M.V.,Western,Gampaha
WATHURUGAMA M.V.,Western,Gampaha
MEDDEGAMA M.V.,Western,Gampaha
WANARATHANA M.V.,Western,Gampaha
PINGAMUWA M.V.,Western,Gampaha
HISWELLA K.V.,Western,Gampaha
MARYLAND K.V.,Western,Gampaha
SRI JINANANDA P.V.,Western,Gampaha
ANURAGODA K.V.,Western,Gampaha
KERAGALA SANGARAJA M.V.,Western,Gampaha
SRI RAHULA P.V,Western,Gampaha
PALPITA K.V.,Western,Gampaha
PEPILIYAWALA K.V.,Western,Gampaha
MEETHIRIGALA K.V.,Western,Gampaha
TITHTHAPATHTHARA K.V.,Western,Gampaha
HOLLY CROOS M.V.,Western,Gampaha
GIRIDARA SRIBODHI K.V.,Western,Gampaha
GURUWALA P.V.,Western,Gampaha
INDOLAMULL K.V.,Western,Gampaha
KIMBULWILAWATHTHA,Western,Gampaha
SIDDHARTHA MODEL P.V,Western,Gampaha
PALUGAMA K.V.,Western,Gampaha
SIYANE MODEL P.V.,Western,Gampaha
KIRINDIWELA M.V.,Western,Gampaha
BANDARANAYAKAPURA P.V.,Western,Gampaha
KUTTIWILA K.V.,Western,Gampaha
MAHINDA P.V.,Western,Gampaha
NAKANDAPOLA P.V.,Western,Gampaha
OVITIGAMA P.V.,Western,Gampaha
KALUKONDAYAWA P.V.,Western,Gampaha
DOMPE P.V.,Western,Gampaha
DARANAGAMA M.V.,Western,Gampaha
SANGAMITHTHA MAHA VIDYALAYA,Western,Gampaha
KANDEWATHTHE SIRISUMANA V,Western,Gampaha
MAHINDA M.V.,Western,Gampaha
SRI PEMANANDA M.V.,Western,Gampaha
SAPUGASKANDA M.V.,Western,Gampaha
PAMUNUWILA M.V.,Western,Gampaha
KELANITHISSA V,Western,Gampaha
KADAWATHA BUDDHIST P.V.,Western,Gampaha
MAHAMAYA BALIKA M.V.,Western,Gampaha
BAPTIST P.V.,Western,Gampaha
SAPUGASKANDA SOBITHA P.V.,Western,Gampaha
KANDUBODA M.V.,Western,Gampaha
BIYAGAMA M.M.V.,Western,Gampaha
BIYAGAMA PRIMARY SCHOOL,Western,Gampaha
WP.KE.BOLLEGALA M.V.,Western,Gampaha
ANANDA K.V.,Western,Gampaha
SUBHASHIE RAJAKEEYA M.V.,Western,Gampaha
YATIHENA K.V.,Western,Gampaha
SIYAMBALAPEWATTA P.V.,Western,Gampaha
GURUKULA M.V.,Western,Gampaha
SRI DHARMALOKA M.M.V,Western,Gampaha
ST.PAUL'S BALIKA M.V.,Western,Gampaha
SRI SUMANGALA M.V.,Western,Gampaha
WEDAMULLA MAHA VIDYALAYA,Western,Gampaha
HUNUPITIYA BANDARANAYAKA M.V.,Western,Gampaha
KELANI M.V.,Western,Gampaha
ST.FRANCIS M.V.,Western,Gampaha
D.A.RAJAPAKSHA V,Western,Gampaha
KOHALWILA CHANDRARATHANA M.V.,Western,Gampaha
PRESIDENT COLLEGE-PILAPITIYA,Western,Gampaha
PRESIDENT COLLEGE,Western,Gampaha
NAGASENA M.V.,Western,Gampaha
HELENA WIJAYAWARDHANA B.M.V.,Western,Gampaha
HUNUPITIYA P.V.,Western,Gampaha
YASHODARA PRIMARY VIDYALAYA,Western,Gampaha
DIPPITIGODA R.C.P.V.,Western,Gampaha
VIHARAMAHADEVI B.V.,Western,Gampaha
DESHAMANYA H.K.DARMADASA M.V.,Western,Gampaha
PELIYAGODA R.C.P.V.,Western,Gampaha
DUTUGAMUNU M.V.,Western,Gampaha
AL-ASHRAFF M.V.,Western,Gampaha
ROMANU CATHOLIC TAMIL VIDYALAYA,Western,Gampaha
ALIGARH M.V.,Western,Gampaha
BABUSSALAM M.V.,Western,Gampaha
AL-HASSEN K.V.,Western,Gampaha
AL-AZHAR M.M.V.,Western,Gampaha
ALBADRIYA M.V.,Western,Gampaha
ARAFA M.V.,Western,Gampaha
MUSLIM B.M.V.,Western,Gampaha
KUMARIMULLA MUSLIM M.V.,Western,Gampaha
AL MUSTHAFA M.V.,Western,Gampaha
AL-MUBARAK NATIONAL SCHOOL,Western,Gampaha
ZAHIRA M.V.,Western,Gampaha
WELEGODA MUSLIM K.V.,Western,Gampaha
ELLALAMULLA ZAHIRA M.V.,Western,Gampaha
NEWSTEAD GIRLS COLLEGE,Western,Gampaha
HARISHCHANDRA NATIONAL SCHOOL,Western,Gampaha
KOCHCHIKADE M.V.,Western,Gampaha
ST.PETER'S M.V.,Western,Gampaha
ST.ANN'S M.V.,Western,Gampaha
PITIPANA M.V.,Western,Gampaha
ST.ANTHONY'S J.S.V.,Western,Gampaha
THALAHENA M.V.,Western,Gampaha
THILLANDUWA J.S.V.,Western,Gampaha
DALUPOTHA M.V.,Western,Gampaha
DUNGALPITIYA J.S.V.,Western,Gampaha
ST.ANNE'S M.V.,Western,Gampaha
ST.ANNE'S P.V.,Western,Gampaha
ST.PETER'S J.S.V.,Western,Gampaha
NIMALA MARIA M.V.,Western,Gampaha
ST.SEBASTIAN'S M.V.,Western,Gampaha
VIDYALANKARA M.V.,Western,Gampaha
ST.JOSHEP'S J.S.V.,Western,Gampaha
OUR LADY OF MIRACLE M.V.,Western,Gampaha
DUWANA SIN MIXED V.,Western,Gampaha
ST.SYLVESTER SIN MIXED V.,Western,Gampaha
PALANGATHURAYA SIN MIXED K.V.,Western,Gampaha
DUWA J.S.V.,Western,Gampaha
PALLANSENA R.C.P.V.,Western,Gampaha
ST.ANTHONY'S VIDYALAYA,Western,Gampaha
ST.NICHOLA'S SIN.V.,Western,Gampaha
KUDAPADUWA J.S.V.,Western,Gampaha
ST.FRANCIS SALES J.S.V.,Western,Gampaha
AMANDOLUWA M.V.,Western,Gampaha
ANDIAMBALAMA M.V.,Western,Gampaha
VIDYALOKA M.M.,Western,Gampaha
KATUNAYAKE M.V.,Western,Gampaha
ST.SEBASTIAN M.V.,Western,Gampaha
MUDALIDU DAVID MENDIS M.V.,Western,Gampaha
SRI PANGNANANDA NATIONAL COLLEGE,Western,Gampaha
DAVISAMARA M.V.,Western,Gampaha
DHAMMALOKA M.V.,Western,Gampaha
SRI JOTHIRATHANA J.S.V.,Western,Gampaha
ALAWATHUPITIYA J.S.V.,Western,Gampaha
ANDIAMBALAMA BUDDHIST P.V.,Western,Gampaha
ETHGALAR.C.K.V.,Western,Gampaha
MARIYA RAJINIE J.S.V.,Western,Gampaha
ST.JOSEPHS J.S.V.,Western,Gampaha
KATUNAYAKA R.C.M.V.,Western,Gampaha
SRI LANKA AIR FORCE V.,Western,Gampaha
KADIRANA K.V.,Western,Gampaha
KIMBULAPITIYA R.C.P.V.,Western,Gampaha
SRI MEDHANKARAMODEL P.V.,Western,Gampaha
KUSWALA P.V.,Western,Gampaha
KOTUGODA R.C.P.V.,Western,Gampaha
KONDAGAMULLA J.S.V.,Western,Gampaha
ABAYARAJA P.V.,Western,Gampaha
DAVID DE SILVA J.S.V.,Western,Gampaha
ST.JOHN THE BAPTIST M.V.,Western,Gampaha
ST.MARYS J.S.V.,Western,Gampaha
SRI VIJAYA K.V.,Western,Gampaha
MIRISWATTA P.V.,Western,Gampaha
MURUTHANA K.V.,Western,Gampaha
BANDARANAYAKE J.S.V.,Western,Gampaha
WALANA LAKSHMI J.S.V.,Western,Gampaha
SRI RATHANASARA P.V.,Western,Gampaha
WELIHENA SIN MIXD K.V.,Western,Gampaha
SEEDUWA METHODIST P.V,Western,Gampaha
AMANDOLUWAR.C.P.V.,Western,Gampaha
ANDIAMBALAMA R.C.P.V.,Western,Gampaha
SEEDUWA R.C.P.V.,Western,Gampaha
ST.PHILIPNERI'S K.V.,Western,Gampaha
RADDOLUGAMA J.S.V.,Western,Gampaha
JEYARAJFERNANDOPULLE M.V.,Western,Gampaha
HUNUMULLA M.V.,Western,Gampaha
KUDAGAMMANA M.V.,Western,Gampaha
KARUNARATHNE M.V.,Western,Gampaha
SRI GNANODAYA M.M.V.,Western,Gampaha
DOROWWA M.V.,Western,Gampaha
NAWANA M.V.,Western,Gampaha
BANDURAGODA DHARMASHOKA M.V.,Western,Gampaha
MELLAWAGEDARA ANAGARIKA M.V.,Western,Gampaha
ULLALAPOLA P.V.,Western,Gampaha
DIYAGAMPALA P.V.,Western,Gampaha
BALAGALLA P.V.,Western,Gampaha
PATHIGODA P.V.,Western,Gampaha
KALUAGGALA P.V,Western,Gampaha
MELLAWAGEDARA R.C.P.V,Western,Gampaha
MANINGAMUWA SIRIWARDHANA P.V.,Western,Gampaha
SRI SARANATISSA K.V.,Western,Gampaha
HALPE EKANAYAKA K.V,Western,Gampaha
HANGAWATHTHA RAJAGIRI P.V,Western,Gampaha
KITHULWALA MUNIDASA KUMARATHUNGA K.V,Western,Gampaha
KEHELELLA RANASINGHA P.V,Western,Gampaha
PINNAKELEWATTA P.V.,Western,Gampaha
HEERALUGEDARA SRIPALI P.V.,Western,Gampaha
HAPUGAHAGAMA SARDHATISSA SAKALASOORIYA P.V.,Western,Gampaha
DELWAGURA MALIYADEWA P.V,Western,Gampaha
MADITHIYAWALA P.V.,Western,Gampaha
C.W.W.KANNANGARA MADYA VIDYALAYA,Western,Gampaha
ALUTHEPOLA WALAGAMBA M.V,Western,Gampaha
IHALA MADAMPELLA RANASINGHE M.V.,Western,Gampaha
KATUWELLEGAMA NAVODYA M.V.,Western,Gampaha
GODIGAMUWA M.V.,Western,Gampaha
DAGONNA M.V.,Western,Gampaha
DUNAGAHA RANASINGHA M.V.,Western,Gampaha
POPE PAUL THE 6TH M.V.,Western,Gampaha
WERAGODAMULLA M.V.,Western,Gampaha
AKARAGAMA GUNADASA K.V.,Western,Gampaha
ASSENNAWATTA P.V.,Western,Gampaha
ANDIMALLA P.V.,Western,Gampaha
INDURAGARA SIRI PERAKUM P.V.,Western,Gampaha
KADAWALA RANASINGHE P.V.,Western,Gampaha
KEHELELLA RAHULA P.V.,Western,Gampaha
KOONGODAMULLA ST. ANTHONY'S K.V.,Western,Gampaha
DAGONNA RANASINGHE P.V.,Western,Gampaha
DAGONNA METHODIST P.V.,Western,Gampaha
DAGONNA R.C.P.V.,Western,Gampaha
DAGONNA WIMALANANDA P.V.,Western,Gampaha
SRI GNANAWASA M.V.,Western,Gampaha
KALUWARIPPUWA EAST P.V.,Western,Gampaha
PALLIYAPITIYA RANASINGHE P.V.,Western,Gampaha
PAHALA MADAMPELLA K.V.,Western,Gampaha
BATEPOLA R.C. P.V.,Western,Gampaha
MARANDAGAHAMULA ANANDA P.V.,Western,Gampaha
HENPITAGEDARA GNANASEEHA P.V.,Western,Gampaha
HORAGASMULLA P.V.,Western,Gampaha
NALANDA BOYS M.M.V,Western,Gampaha
NALANDA BALIKA M.M.V.,Western,Gampaha
NILPANAGODA MAHA VIDYALAYA,Western,Gampaha
MABODALA M.V.,Western,Gampaha
HORAMPELLA SEELAWIMALA M.V.,Western,Gampaha
YATIYANA M.V.,Western,Gampaha
KOPIWATHTHA K.V.,Western,Gampaha
POLWATHTHA SRI RATHANASARA M.V.,Western,Gampaha
YATAGAMA P.V.,Western,Gampaha
YATIYANA R.C.K.V.,Western,Gampaha
WATINAPAHA BUDDHIST PRIMARY SCHOOL,Western,Gampaha
WEGOWWA K.V.,Western,Gampaha
VITHANAMULLA K.V.,Western,Gampaha
KAMARAGODA R.C.J.S.,Western,Gampaha
HORAMPELLA P.V.,Western,Gampaha
ARANGAWA SRI DHAMMARAMA P.V.,Western,Gampaha
OPATHA SRI GUNANANDA P.V.,Western,Gampaha
KALAHUGODA MADAWALA COMBIND JUNIOR S.,Western,Gampaha
GALLOLUWA R.C.P.V.,Western,Gampaha
WATINAPAHA R.C.P.S.,Western,Gampaha
SENERATH PARANAVITHANA M.V.,Western,Gampaha
SRI RAHULA M.V.,Western,Gampaha
DEVELAPOLA ANANDA M.V.,Western,Gampaha
VIGODA M.V.,Western,Gampaha
DORANAGODA M.V.,Western,Gampaha
THAMMITA M.V.,Western,Gampaha
BURULLAPITIYA M. V,Western,Gampaha
KORASE RANASINGHA M.V.,Western,Gampaha
KALAWANA SENANAYAKA K.V.,Western,Gampaha
WELIYA SRI SUGATHAPALA P.V.,Western,Gampaha
WEEDIYAWATHTHA SENARATH K.V.,Western,Gampaha
PETHIYAGODA BUDDHIST JUNIOR SCHOOL,Western,Gampaha
BALABOWA K.V.,Western,Gampaha
MARAPOLA M.V.,Western,Gampaha
SRI RATHANAJOTHI V.,Western,Gampaha
ASGIRIYA SUDARSHANA K.V.,Western,Gampaha
ASGIRIYA JUNIOR MIXED SCHOOL,Western,Gampaha
UGGALBODA P.V.,Western,Gampaha
NEDAGAMUWA JUNIOR M.S,Western,Gampaha
SIYAMBALAPITIYA P.V.,Western,Gampaha
MADELGAMUWA P.V.,Western,Gampaha
GANIHIMULLA P.V.,Western,Gampaha
GOIGAMA NAGARAMA P.V.,Western,Gampaha
UDUGAMPOLA P.V.,Western,Gampaha
PETHIYAGODA METHODIST K.V.,Western,Gampaha
YAGODAMULLA P.V.,Western,Gampaha
UDUGAMPOLA R.K.P.S.,Western,Gampaha
ASGIRIWALPOLA P.V.,Western,Gampaha
DR.KULASINGHE M.V.,Western,Gampaha
ST.SEBASTIAN'S BALIKA M.V.,Western,Gampaha
NIMALA MARIYA BALIKA M.V.,Western,Gampaha
CHRIST KING COLLEGE,Western,Gampaha
JINARAJA M.V.,Western,Gampaha
BATUWATTA M.V.,Western,Gampaha
ST.XAVIER M.V.,Western,Gampaha
SIDDHARTHA P V,Western,Gampaha
B SENANAYAKA M.V.,Western,Gampaha
ST JOSEPH'S J S V,Western,Gampaha
PAGNGNAWASA J S V,Western,Gampaha
JAYANTHI J S V,Western,Gampaha
DHARMASHOKA M.V.,Western,Gampaha
LANKA SABHA V,Western,Gampaha
HOLY ROSARY V,Western,Gampaha
KARUNARATHNA M.V.,Western,Gampaha
SIRIWARDHANA P V,Western,Gampaha
BATAGAMA NORTH J S V,Western,Gampaha
DHARMARAJA P V,Western,Gampaha
YAKKADUWA P V,Western,Gampaha
DHARMARATHANA J S V,Western,Gampaha
ST MARY'S MODEL SCHOOL,Western,Gampaha
BASILICA M.V.,Western,Gampaha
SRI DHARMARAKSHITHA P V,Western,Gampaha
KADANA ST SEBASTIAN'S GIRLS P V,Western,Gampaha
KALAELIYA P V,Western,Gampaha
NARANGODAPALUWA P V,Western,Gampaha
BATAGAMA NORTH R C P V,Western,Gampaha
BATUWATTA P V,Western,Gampaha
NIWANDAMA R C P V,Western,Gampaha
BASILICA P V,Western,Gampaha
WEWALA P V,Western,Gampaha
AL-HILAL M.V.,Western,Gampaha
WIJERATNAM HINDU CENTRAL COLLEGE,Western,Gampaha
AL-FALAH M.V.,Western,Gampaha
THOPPU R.C.T.M.Y.,Western,Gampaha
WELIHENA R.C.T.V.,Western,Gampaha
AL-AMAN MUSLIM M.V.,Western,Gampaha
ORCHARD WATTA M.V.,Western,Gampaha
DON BOSCO V,Western,Gampaha
SANGAMITHTHA B.M.V.,Western,Gampaha
VISHAKA B.M.V.,Western,Gampaha
DEKATANA P.V.,Western,Gampaha
DOMPE DEVI B.M.V.,Western,Gampaha
THAKSHILA M.V.,Western,Gampaha
MANDAWALA P.V.,Western,Gampaha
ST.ANNE'S BALIKA PRIMARY SCHOOL,Western,Gampaha
DARANAGAMA RAJASINGHA P.V.,Western,Gampaha
ANANDA P.V.,Western,Gampaha
NELUMWESSA P.V.,Western,Gampaha
AL.MAHAMOOD K.V.,Western,Gampaha
AL MUBARAK P.V.,Western,Gampaha
DHARUSSALAM P.V.,Western,Gampaha
KIRILLAWALA PRIMARY VIDYALAYA,Western,Gampaha
DESHAMANYA H.K.DARMADASA P.V.,Western,Gampaha
HEENKENDA P.V.,Western,Gampaha
SRI SUMANGALA P.V.,Western,Gampaha
REGGIE RANATHUNGA P.V.,Western,Gampaha
DHARANAGAMA P.V.,Western,Gampaha
KARUNARATHNA BUDDISHT P.V.,Western,Gampaha
JINARAJA P V,Western,Gampaha
KOTUGODA SRI RAHULA P.V.,Western,Gampaha
SRI PANGNANANADA P.V.,Western,Gampaha
REGGIE RANATHUNGA SCIENCE COLLEGE,Western,Gampaha
MARAPOLA P.V.,Western,Gampaha
WADDUWA M M.V.,Western,Kalutara
PANADURA BALIKA M.V.,Western,Kalutara
ST. JOHN'S M.V.,Western,Kalutara
SRI SUMANGALA COLLEGE,Western,Kalutara
SRI SUMANGALA BALIKA M.V.,Western,Kalutara
NALLURUWA SIRI SEEVALI K. V.,Western,Kalutara
WALANA MAHANAMA M.V.,Western,Kalutara
SARIKKAMULLA SRI THAKSALA M.V.,Western,Kalutara
ST.ANTHONY'S B.M.V.,Western,Kalutara
ST.ANTHONY'S GIRLS SCHOOL,Western,Kalutara
HORETHUDUWA SRI CHANDRASEKARA M.V.,Western,Kalutara
BAUDDHALOKA M.V.,Western,Kalutara
ST. MARY'S M.V.,Western,Kalutara
PINWATTA P.V.,Western,Kalutara
WADDUWA DHARMAPALA VIDYALAYA,Western,Kalutara
JERAMIYAS DIAS K.V.,Western,Kalutara
KURUPPUMULLA PRARAKKAMA P.V.,Western,Kalutara
KESELWATHTHA SRI JINADARMADANA V.,Western,Kalutara
SISU VIRU VIDYALAYA,Western,Kalutara
THANTHIRIMULLA P.V.,Western,Kalutara
THALPITIYA P.V.,Western,Kalutara
UPADYA M.V.,Western,Kalutara
DIBBEDDA GUNAWARDHANA P.V.,Western,Kalutara
BEKKEGAMA P. V.,Western,Kalutara
MADAWILGODA SRI GNANANDA K. V.,Western,Kalutara
MAHAWADDUWA P. V.,Western,Kalutara
MOLLIGODA P. V.,Western,Kalutara
RATHWATHTH DIYAMANTHI JUBILEE V.,Western,Kalutara
WADDUWA B.V.,Western,Kalutara
WERAGAMA VIDYALAYA,Western,Kalutara
PANADURA ROYAL COLLEGE,Western,Kalutara
METHODIST P.V.,Western,Kalutara
SARIKKALIMULLA R.C.P.V.,Western,Kalutara
AGAMETHI BALIKA M.V.,Western,Kalutara
BANDARAGAMA M.M.V.,Western,Kalutara
WEVITA MAITHREE M.V.,Western,Kalutara
ALUBOMULLA S.MAHINDA M.V,Western,Kalutara
SRI SARALANKARA M.V.,Western,Kalutara
DOMBAGODA SEELARATHANA M.V,Western,Kalutara
PARAGASTHOTA VIDYALOKA M.V,Western,Kalutara
PATHAHAWATHTHA SRI SWARNAJOTHI K.V,Western,Kalutara
MALLAMULLA M.V.,Western,Kalutara
MILLANIYA SRI DEWARAKSHITHA M.V.,Western,Kalutara
LABUGAMA VIJITHA K.V.,Western,Kalutara
ARUGGODA SRI PARAKKRAMA M.V.,Western,Kalutara
UDUWARA K.V.,Western,Kalutara
KAMBURUGODA K.V.,Western,Kalutara
GALPATHA K.V.,Western,Kalutara
KIMMANTHUDAWA SRI SUMANAJOTHI P.V.,Western,Kalutara
GUNGAMUWA K.V,Western,Kalutara
THALAHITIYA K.V.,Western,Kalutara
PATHAKADA K.V.,Western,Kalutara
PELPOLA K.V.,Western,Kalutara
BATAGODA P.V.,Western,Kalutara
SETHNADEE P.V,Western,Kalutara
MAHAWILA K.V.,Western,Kalutara
YATAWARA SHI GNANAWIMALA K.V.,Western,Kalutara
RAMUKKANA VIDYALOKA K V,Western,Kalutara
HALTHOTA K V,Western,Kalutara
HIRANA PRIMARY SCHOOL,Western,Kalutara
WANDURAMULLA SRI RAHULA K.V.,Western,Kalutara
WALGAMA SRI SADDHATHISSA M.V.,Western,Kalutara
WELIKALA TAXILA P V,Western,Kalutara
GALTHUDE DHAMMAKIRTHI P.V.,Western,Kalutara
WEEDAGAMA P.V.,Western,Kalutara
VENIVELPITIYA K.V.,Western,Kalutara
ALUTHGAMA P V,Western,Kalutara
KATAGODA P V,Western,Kalutara
IBULAHENA P V,Western,Kalutara
MAHABELLANA P V,Western,Kalutara
MAHABELLANA SAMARANAYAKA P V,Western,Kalutara
RERUKANA SAMARANAYAKAPURA P.V.,Western,Kalutara
TAXILA M.M.V,Western,Kalutara
GAMINI M.M.V.,Western,Kalutara
SRIPALEE M.V.,Western,Kalutara
SRI SUMANGALA M.V.,Western,Kalutara
PALANNORUWA M.M.V.,Western,Kalutara
MAPUTUGALA M.V.,Western,Kalutara
MILLEWA M.V.,Western,Kalutara
MEEWANAPALANA M.V.,Western,Kalutara
SRI MEDHANKARA M.V.,Western,Kalutara
SAGARAPALANSOORIYA M.V.,Western,Kalutara
DONPEDRICK M.V.,Western,Kalutara
WEEDIYAGODA K.V.,Western,Kalutara
SIRIMEWAN K.V.,Western,Kalutara
UDUWA K.V.,Western,Kalutara
URUGALA SRI DHARMALOKA K.V.,Western,Kalutara
KANDANAPITIYA P.V.,Western,Kalutara
KULUPANA TAXILA P V,Western,Kalutara
GURUGODA K.V.,Western,Kalutara
THALAGALA P.V.,Western,Kalutara
NAMBAPANA K.V.,Western,Kalutara
KALUPAHANA K.V.,Western,Kalutara
P.M.PERERA K.V.,Western,Kalutara
MORAGAHAHENA M V,Western,Kalutara
MANANA SRI GNANARATHANA K.V.,Western,Kalutara
KANANVILA SRI SUGATHAPALA K.V.,Western,Kalutara
HANDUPELPOLA K.V.,Western,Kalutara
HANDAPANGODA M.V.,Western,Kalutara
RAJAKEEYA M.V.,Western,Kalutara
ISIPATHANA P.V.,Western,Kalutara
KABALLAGODA K.V.,Western,Kalutara
KAKULALIYA P.V.,Western,Kalutara
KUMBUKA EAST P.V.,Western,Kalutara
KITIGAMGODA SRI SUBHARATHI P V,Western,Kalutara
KURANA P.V.,Western,Kalutara
GATAKOSGAHAHENA DHARMASHOKA P V,Western,Kalutara
TAXILA M.V. (TAXILA K.V.),Western,Kalutara
SRI SRIDDHARTHA K.V.,Western,Kalutara
WEERAMADDUMA BANDARA P.V.,Western,Kalutara
BATUGAMPALA P.V.,Western,Kalutara
MILLEWA P V,Western,Kalutara
MENERIGAMA P.V.,Western,Kalutara
SRI SUMANAJOTHI P.V.,Western,Kalutara
HEGALLA P.V.,Western,Kalutara
RAIGAMWATHTHA PARAKRAMABAHU P.V.,Western,Kalutara
PRAJAPATHI B.M.V.,Western,Kalutara
WAWULAGALA P V,Western,Kalutara
BULATHSINGHALA M.M.V,Western,Kalutara
UDAWELA SRI PIYARATHANA M.V.,Western,Kalutara
KUDALIGAMA M.V.,Western,Kalutara
GOVINNA M.V.,Western,Kalutara
NAHALLA SRI REWATHA M.V.,Western,Kalutara
POLEGODA M.V.,Western,Kalutara
MADURAWALA M.V.,Western,Kalutara
REMUNA M.V.,Western,Kalutara
DEEPALOKA M.V,Western,Kalutara
AMARAGEDARA K.V.,Western,Kalutara
ILIMBA GAMINI K.V.,Western,Kalutara
OMATTA K.V.,Western,Kalutara
OMATTA JANAPADA K.V.,Western,Kalutara
KANDANA P.V,Western,Kalutara
KESELHENAWA P.V.,Western,Kalutara
KOBAWAKA P.V.,Western,Kalutara
SRI GUNARATHANA K.V.,Western,Kalutara
GIRIKOLA GAMUNU K.V.,Western,Kalutara
DELMELLA K.V.,Western,Kalutara
DEVAMULLA P.V.,Western,Kalutara
DIWALAKADA K V,Western,Kalutara
DEEYAKADUWA WIDYARTHA K.V.,Western,Kalutara
PARAGODA KITHULAGODA K.V.,Western,Kalutara
PIMBURA P.V.,Western,Kalutara
BULATHSINGHALA P.V.,Western,Kalutara
BOTHALEGAMA M V,Western,Kalutara
MAHAGAMA P V,Western,Kalutara
MAHAYALA SIRISUMANA P V,Western,Kalutara
MOLKAWA M.V.,Western,Kalutara
YATAGAMPITIYA K.V.,Western,Kalutara
RATIYALA SRI P.V.,Western,Kalutara
BELLAPITIYA P.V.(K.V.),Western,Kalutara
WELGAMA K.V.,Western,Kalutara
WEHERAWATTA P.V.,Western,Kalutara
HALWATHURA K.V.,Western,Kalutara
SRI RAHULA P.V.,Western,Kalutara
GALLAPPAHALA P.V.,Western,Kalutara
GOVINNA P.V.,Western,Kalutara
NIGGAHA P.V.,Western,Kalutara
PHALA KARANNAGODA P.V.,Western,Kalutara
SRI SARANANDA P V,Western,Kalutara
C.W.W. KANNANGARA M.M.V.,Western,Kalutara
ANANDA SASTRALAYA,Western,Kalutara
OVITIGALA M.V.,Western,Kalutara
DODAMGODA M.V.,Western,Kalutara
NAVUTHTHUDUWA M.V.,Western,Kalutara
BOLOSSAGAMA M.V.,Western,Kalutara
BOMBUWALA SRI DHARMALOKA M.V.,Western,Kalutara
DODANGODA MIRISWATTA NATIONAL SCHOOL,Western,Kalutara
WALAGEDARA M.V.,Western,Kalutara
DHARMARAJA K.V.,Western,Kalutara
HORAWALA M.V.,Western,Kalutara
ADIKARIGODA K.V.,Western,Kalutara
ALUTHGAMGODA K.V.,Western,Kalutara
ANDAWALA K.V.,Western,Kalutara
ELADUWA K.V.,Western,Kalutara
IDDAGODA P.V.,Western,Kalutara
SARALANKARATHISSA K.V.,Western,Kalutara
KATUGAHAHENA K.V.,Western,Kalutara
KATUWALAGODA K.V.,Western,Kalutara
KEERANTHIDIYA K.V.,Western,Kalutara
KOHOLANA K.V.,Western,Kalutara
GAMAGODA P V,Western,Kalutara
GURUDOLA P.V.,Western,Kalutara
TUDUGALA WIMALASARA K.V.,Western,Kalutara
THEBUWANA K.V.,Western,Kalutara
NARAWILA P.V.,Western,Kalutara
NEHINNA K.V.,Western,Kalutara
NEBODA M.V.,Western,Kalutara
PANTHIYA M.V.,Western,Kalutara
PELAPITIYAGODA KUSALAGHANA K.V.,Western,Kalutara
BONDUPITIYA K.V.,Western,Kalutara
BOPITIYA K.V.,Western,Kalutara
MEEGAMA K.V.,Western,Kalutara
YATADOLA K.V.,Western,Kalutara
LEWWANDUWA P.V.,Western,Kalutara
WELIPENNA SINHALA K.V.,Western,Kalutara
WELLATHA K.V.,Western,Kalutara
SRI SARANATHISSA K.V.,Western,Kalutara
D.D. ATHULATHMUDALI K.V.,Western,Kalutara
OVITIGALA P.V.,Western,Kalutara
KAJUDUWA P.V.,Western,Kalutara
DHAMMANANDA P.V.,Western,Kalutara
BOMBUWALA SRI DHARMALOKA P V,Western,Kalutara
MINUWANDENIYA P V,Western,Kalutara
WADUGAMA SADANANDA P.V.,Western,Kalutara
SIRINIWASA P.V.,Western,Kalutara
DEVAGODA P.V.,Western,Kalutara
GALLENIYAKANDA P.V.,Western,Kalutara
TISSA M.M.V.,Western,Kalutara
KALUTARA BALIKA M.V.,Western,Kalutara
KALUTARA M.V.,Western,Kalutara
KATUKURUNDA R.C.M.V.,Western,Kalutara
GNANODAYA M.V.,Western,Kalutara
DIYAGAMA M.V.,Western,Kalutara
POTHUPITIYA M.V.,Western,Kalutara
UGGALBODA M.V.,Western,Kalutara
KUDAHEENATIYANGALA SIRISEEVALEE K.V.,Western,Kalutara
KATUKURUNDA DHARMAPALA M.V.,Western,Kalutara
NAGODA M.V.,Western,Kalutara
PANAPITIYA AGAMETHI K.V.,Western,Kalutara
ETHANAMADALA K.V.,Western,Kalutara
KATUKURUNDA BUDDHIST K.V.,Western,Kalutara
KALAPUGAMA K.V.,Western,Kalutara
KALAMULLA R.C.K.V.,Western,Kalutara
GONADUWA K.V.,Western,Kalutara
DELDUWA K.V.,Western,Kalutara
DESHASTHRA BALIKA V.,Western,Kalutara
NAGODA GALLASSA P.V.,Western,Kalutara
POHADDARAMULLA K.V.,Western,Kalutara
SRI DEVANANDA K.V.,Western,Kalutara
MUSAEUS K.V.,Western,Kalutara
MORONTHUDUWA DHAMMANANDA M.V.,Western,Kalutara
MAWALA K.V.,Western,Kalutara
RAJAGURU SRI SUBHUTHI M.V.,Western,Kalutara
VELAPURA M.V.,Western,Kalutara
SUGATHA K.V.,Western,Kalutara
SRI SUNANDA P.V.,Western,Kalutara
ALUTHGAMA NATIONAL SCHOOL,Western,Kalutara
SANGAMITTA BALIKA M.V.,Western,Kalutara
DIYALAGODA MAHA VIDYALAYA,Western,Kalutara
SRI GNANISSARA MAHA VIDYALAYA,Western,Kalutara
BANDARANAYAKA M.V.,Western,Kalutara
POTHUWILA NAVODYA VIDYALAYA,Western,Kalutara
D S SENANAYAKA NATIONAL SCHOOL,Western,Kalutara
KALUWAMODARA K.V.,Western,Kalutara
KALAWILA KANISHTA VIDYALAYA,Western,Kalutara
KOSHENA KANISHTA VIDYALAYA,Western,Kalutara
PAYAGALA SAMUDRADEVI BALIKA VIDYALAYA,Western,Kalutara
PADAGODA MAHA VIDYALAYA,Western,Kalutara
PALAYANGODA KANISHTA VIDYALAYA,Western,Kalutara
BADANAGODA KANISHTA VIDYALAYA,Western,Kalutara
ARIYAWANSHA MAHA VIDYALAYA,Western,Kalutara
BERUWALA BUDDHIST JUNIOR SCHOOL,Western,Kalutara
BERUWALA ROMAN CATHOLIC JUNIOR SCHOOL,Western,Kalutara
MAHAGAMMEDDA PRIMARY SCHOOL,Western,Kalutara
MALEGODA K.V.,Western,Kalutara
SRI SAMBUDDARAJA KANISHTA VIDYALAYA,Western,Kalutara
ST.MARY'S VIDYALAYA,Western,Kalutara
SANTHA VISENTHI VIDYALAYA,Western,Kalutara
MAGALKANDA BAUDDA K.V.,Western,Kalutara
MUNHENA KANISHTA VIDYALAYA,Western,Kalutara
MORAGALLA JUNIOR SCHOOL,Western,Kalutara
WALATHARA KANISHTA VIDYALAYA,Western,Kalutara
HALKANDAWILA MAHA VIDYALAYA,Western,Kalutara
KARANDAGODA P V,Western,Kalutara
DIYALAGODA ROMAN CATHOLIC PRIMARY SCHOOL,Western,Kalutara
BERUWALA PRIMARY SCHOOL,Western,Kalutara
DUWEGODA PRIMARY SCHOOL,Western,Kalutara
PATHIRAJAGODA PRIMARY SCHOOL,Western,Kalutara
MAGALKANDA METHODIST COLLGE,Western,Kalutara
WARAPITIYA K. V.,Western,Kalutara
WERAGALA SRI DEWAMITHTHA,Western,Kalutara
HALAWAKANDA P.V.,Western,Kalutara
HIRIGALGODALLA P.V.,Western,Kalutara
MASSALA PRIMARY SCHOOL,Western,Kalutara
MIHINDU M.M.V.,Western,Kalutara
ATALE M.V.,Western,Kalutara
KAMBURAWALA M.V.,Western,Kalutara
BELLANA M.V.,Western,Kalutara
WEEDIYABANDARA M.V.,Western,Kalutara
PELENDA M.V.,Western,Kalutara
KAPUGEDARA K.V.,Western,Kalutara
KELINKANDA K.V.,Western,Kalutara
KOSGULANA K.V.,Western,Kalutara
GURULUBEDDA P.V.,Western,Kalutara
DAPILIGODA P.V.,Western,Kalutara
BADURALIYA K.V.,Western,Kalutara
MAGURA P.V.,Western,Kalutara
MIDALANA P.V.,Western,Kalutara
MINIKANDALA P.V.,Western,Kalutara
MULATIYANA P.V.,Western,Kalutara
YATIYANA K.V.,Western,Kalutara
YAKUPITIYA SRI CHANDAVIMALA P.V.,Western,Kalutara
PAGNGNASENA K.V.,Western,Kalutara
SRI SIDDHARTHA K.V.,Western,Kalutara
HEDIGALLE SRI VIPULASIRI K.V.,Western,Kalutara
HEDIGALLA JANAPADA M.V.,Western,Kalutara
AMBEGODA P.V.,Western,Kalutara
ELABODA P.V.,Western,Kalutara
INGURUDALUWA K.V.,Western,Kalutara
ILUKPOTHA K.V.,Western,Kalutara
DIGANNA P.V.,Western,Kalutara
BOLLUNNA P.V.,Western,Kalutara
MIDALANA JANAPADA P.V.,Western,Kalutara
WALAKADA P.V.,Western,Kalutara
WATHURANA SRI SARASWATHI P.V.,Western,Kalutara
HANDAGIRIKANDA P.V.,Western,Kalutara
HALDOLA SRI JINAWANSHA P.V.,Western,Kalutara
MALIYADEWA P.V.,Western,Kalutara
KELINKANDA JANAPADAYA P.V.,Western,Kalutara
THAWANA P.V.,Western,Kalutara
MERIL KARIYAWASAM M.M.V.,Western,Kalutara
COLVIN R DE SILVA M.V.,Western,Kalutara
WALALLAWITA M.V.,Western,Kalutara
KEVITIYAGALA M.V.,Western,Kalutara
GAMMANA K.V.,Western,Kalutara
PAREIGAMA M.V.,Western,Kalutara
PELAWATTA M.V.,Western,Kalutara
HALAWALA C.W.W.KANNANGARA M.V.,Western,Kalutara
NORTH ITTAPANA SRI SARANANKARA P.V.,Western,Kalutara
IHALA HEWESSA K.V.,Western,Kalutara
UDUGAMA K.V.,Western,Kalutara
URAGODA P.V.,Western,Kalutara
KURUPITA K.V.,Western,Kalutara
KITHULGODA K.V.,Western,Kalutara
DODAMPAPITIYA P.V.,Western,Kalutara
GULAWITA P.V.,Western,Kalutara
S.A. WELGAMA K.V.,Western,Kalutara
PANNILA P.V.,Western,Kalutara
GULANAWATTA K.V.,Western,Kalutara
BOTHALAWA K.V.,Western,Kalutara
MAHAKALUPAHANA K.V.,Western,Kalutara
MAGURUMASWILA K.V.,Western,Kalutara
MAKALANDAWA K.V.,Western,Kalutara
MIRISWATTA M.V.,Western,Kalutara
LIHINIYAWA K.V.,Western,Kalutara
HEWESSA K.V.,Western,Kalutara
RATHMALE K.V.,Western,Kalutara
THINIYAWALA M.V.,Western,Kalutara
WEERAKANDA P.V.,Western,Kalutara
MEEGAHATHENNA P.V.,Western,Kalutara
MORAGALA SIRI SUNANDA P.V.,Western,Kalutara
RANEPURAGODA P.V.,Western,Kalutara
WEDIKANDA P.V.,Western,Kalutara
HALAWALKELE P.V.,Western,Kalutara
THALPEDIWALA P.V.,Western,Kalutara
PUSSAWALA P.V.,Western,Kalutara
YATTAPATHA K.V.,Western,Kalutara
KARAPAGALA P.V.,Western,Kalutara
DIKHENA K.V.,Western,Kalutara
ALUTHGAM WEEDIYA MUSLIM BALIKA M.V.,Western,Kalutara
AL HUMAISARA CENTRAL COLLEGE,Western,Kalutara
ZAHIRA MAHA VIDYALAYA,Western,Kalutara
NALEEM HAJIAR LADIES COLLEGE,Western,Kalutara
AL FASIYATHUL NASRIYA MUSILM BALIKA M.V.,Western,Kalutara
AL HASANIYA M. V.,Western,Kalutara
ZAM REFAI HAJIAR MAHA VIDYALAYA,Western,Kalutara
KALUTARA MUSLIM M.M.V.,Western,Kalutara
KALUTARA MUSLIM BALIKA M.V.,Western,Kalutara
I L M SAMSUDEEN VIDYALAYA,Western,Kalutara
VEYANGALLA MU.M.V.,Western,Kalutara
MILLAKANDE T M V,Western,Kalutara
AL HAMBRA MAHA VIDYALAYA,Western,Kalutara
MILLEWA T.P.V.,Western,Kalutara
EDURANGALA T.K.V.,Western,Kalutara
HORANA T M.V.,Western,Kalutara
PERTH T.P.V.,Western,Kalutara
RAIGAM SARASWATHI T.K.V.,Western,Kalutara
FROCESTER T P V,Western,Kalutara
GIKIYANAKANDA T.K.V.,Western,Kalutara
KOBOWELA T.P.V.,Western,Kalutara
KUDAGANGA T.K.V.,Western,Kalutara
S.T.FRANCIS T.P.V.,Western,Kalutara
RAIGAM (L.D) T.K.V.,Western,Kalutara
AL FAHRIYA CENTRAL COLLEGE,Western,Kalutara
JEELAN CENTRAL COLLEGE,Western,Kalutara
ILMA MUSLIM VIDYALAYA,Western,Kalutara
ALAVIYA MUSLIM MAHA VIDYALAYA,Western,Kalutara
HORETHUDUWA MUSLIM VIDYALAYA,Western,Kalutara
AL-GAZZALY M.M.V.,Western,Kalutara
NEUCHATAL T.K.V.,Western,Kalutara
DIKHENA TAMIL K.V,Western,Kalutara
WELIPENNA RAHMANIYA M.V.,Western,Kalutara
CULLODEN NAVODYA TAMIL MAHA VIDYALAYA,Western,Kalutara
SIRIKANDURA TAMIL P.V.,Western,Kalutara
AMBETENNA TAMIL P.V.,Western,Kalutara
ANNASIGALA TAMIL P.V.,Western,Kalutara
BHARADI TAMIL MAHA VIDYALAYA,Western,Kalutara
ELADUWA TAMIL VIDYALAYA,Western,Kalutara
GODAHENA TAMIL VIDYALAYAM,Western,Kalutara
MADDEGEDARA TAMIL P.V.,Western,Kalutara
MALABODA TAMIL V,Western,Kalutara
PALLEGODA TAMIL P.V.,Western,Kalutara
PANTHIYA TAMIL P.V.,Western,Kalutara
KALAIMAGAL M.V.,Western,Kalutara
VOGAN TAMIL P.V.,Western,Kalutara
PELENDA T.V.,Western,Kalutara
VIVEKANANDA T.K.V.,Western,Kalutara
PELENDA MUSLIM K.V.,Western,Kalutara
GALEWATTA T.P.V.,Western,Kalutara
PIMBURA TAMIL P.V.,Western,Kalutara
DALKEITH T.K.V.,Western,Kalutara
MIRISWATTA T.V.,Western,Kalutara
SRI RAMAKRISHNA K.V.,Western,Kalutara
PAYAGALA HINDU COLLEGE,Western,Kalutara
MIRISHENA T.P.V.,Western,Kalutara
HALWATHURA T.M.V.,Western,Kalutara
E.W. ADIKARAM M.V.,Western,Kalutara
GURULUGOMI M.V.,Western,Kalutara
WADDUWA CENTRAL PRIMARY COLLEGE,Western,Kalutara
ZAHIRA PRIMARY SCHOOL,Western,Kalutara
RAJAGURU SRI SUBHUTHI P.V.,Western,Kalutara
ALGAZZALY P.V.,Western,Kalutara
PALANNORUWA P.V,Western,Kalutara
GNANISSARA PRIMARY SCHOOL,Western,Kalutara
CHINAFORT PRIMARY SCHOOL,Western,Kalutara
ALUDENIYA M.V.,Central,Kandy
IDAMEGAMA M.M.V.,Central,Kandy
UDUWA M.V.,Central,Kandy
GALAGEDARA M.M.V.,Central,Kandy
GALABAWA M. V.,Central,Kandy
GIRIHAGAMA M.V.,Central,Kandy
DEDUNUPITIYA M.V.,Central,Kandy
MINIGAMUWA M.V.,Central,Kandy
SANGARAJAPURA M.V.,Central,Kandy
SUJATHA BALIKA.M.M.V. - GALAGEDARA,Central,Kandy
HATHARALIYADDA M. M. V.,Central,Kandy
ALAGALLA P.V.,Central,Kandy
PELENA M.V.,Central,Kandy
MEDAGAMA M.V.,Central,Kandy
MURUDDENIYA M. V.,Central,Kandy
RANGAMUWA K.V.,Central,Kandy
WELIVITA SRI SANGARAJA K.V.,Central,Kandy
ALAWATHTHEGAMA P.V.,Central,Kandy
ILPEMADA P.V.,Central,Kandy
OPALLA P.V.,Central,Kandy
KANNADENIYA K.V.,Central,Kandy
KALOTUWAWA P.V.,Central,Kandy
KINIGAMA K.V.,Central,Kandy
KOLUGALA K.V.,Central,Kandy
GALAGEDARA P.V.,Central,Kandy
GIRIHAGAMA P.V.,Central,Kandy
THANNEYAYA P.V.,Central,Kandy
DAMUNUPOLA P.V.,Central,Kandy
PATTAPOLA P.V.,Central,Kandy
MEEGAHAHENA ASHOKA K.V.,Central,Kandy
YATALA P.V.,Central,Kandy
WETTEWA K.V.,Central,Kandy
HATHARALIYADDA P.V.,Central,Kandy
HITHGODA WALPOLA P.V.,Central,Kandy
POOJAPITIYA M.M.V.,Central,Kandy
ANKUMBURA PARAKRAMA M. M. V.,Central,Kandy
AMBATENNA PUSHPADANA M.V.,Central,Kandy
ALAWATHUGODA M.M.V,Central,Kandy
DUNUWILA RATHANAPALA M.V.,Central,Kandy
NALANDA M.M.V.,Central,Kandy
DOLAPIHILLA M.V.,Central,Kandy
VILANA NANDANA M. V.,Central,Kandy
UDAGAMA SRI DEVANANDA M.V.,Central,Kandy
IHALAMULLA SRI WELUWANA M.V.,Central,Kandy
UDAHENA K.V.,Central,Kandy
OWISSA K.V.,Central,Kandy
KIRIWANAKETIYA K.V.,Central,Kandy
KITHULGOLLA K.V.,Central,Kandy
SRI SADDHANANDA M.V.,Central,Kandy
DIPPITIYA K.V.,Central,Kandy
DEEGALA BUDDHIST V.,Central,Kandy
PUJAPITIYA P.V.,Central,Kandy
BATUGODA K.V.,Central,Kandy
MADADENIYA K.V.,Central,Kandy
MULLEGAMA K.V.,Central,Kandy
RATHUKOHODEEGALA K.V.,Central,Kandy
SEEVALI K.V.,Central,Kandy
WEWALA PARACKRAMA K.V.,Central,Kandy
SARATH EKANAYAKE MODEL P.V.,Central,Kandy
AMBATHENNA MODEL P.V.,Central,Kandy
GALKANDA K.V.,Central,Kandy
NUGAWELA.M.M.V.,Central,Kandy
DHARMAVIJAYA M.V.,Central,Kandy
KANDY ANANDA M.M.V.,Central,Kandy
MEDAWELA K.V.,Central,Kandy
HARANKAHAWA M.V.,Central,Kandy
HALLOLUWA M.V.,Central,Kandy
SENARATHGAMA K.V.,Central,Kandy
ATHTHARAGAMA K.V.,Central,Kandy
UDUWAWALA K.V.,Central,Kandy
KARADUWAWALA K.V.,Central,Kandy
PEMARATHANA M.V.,Central,Kandy
KONDADENIYA K.V.,Central,Kandy
GALLELLA P.V.,Central,Kandy
DORANEGAMA M.V.,Central,Kandy
NUGAWELA MODEL P.V.,Central,Kandy
PALLE IHAGAMA K.V.,Central,Kandy
E.A. NUAGAWELA P.V.,Central,Kandy
BOTHOTA K.V.,Central,Kandy
MADAWELA P.V.,Central,Kandy
MOLAGODA SRI PIYADASSI M.V,Central,Kandy
SRI SUMANATISSA K.V.,Central,Kandy
JANARAJA M.V.,Central,Kandy
HALOLUWA P.V.,Central,Kandy
HENEGAMA SRI SANGANANDA K.V.,Central,Kandy
YAHALATHENNA P.V.,Central,Kandy
DORAGAMUWA M.V.,Central,Kandy
RAJASINGHE C C,Central,Kandy
PARANAGAMA C.C.,Central,Kandy
MAHAWELI M.V .,Central,Kandy
WATTEGAMA B.M.V,Central,Kandy
WATTEGAMA M.M.V.,Central,Kandy
KOSGAMA M.V.,Central,Kandy
YATIRAWANA M.V.,Central,Kandy
RATHANAJOTHI M.V.,Central,Kandy
ARATHTANA K.V.,Central,Kandy
GOMARAJANAPADA K.V,Central,Kandy
PARANAGAMA P.V.,Central,Kandy
BDDEGAMA K.V.,Central,Kandy
MAHAPATHANA K.V,Central,Kandy
PATHADUMBARA M.V.,Central,Kandy
ALUTHGAMA K.V.,Central,Kandy
UDUGODA K.V.,Central,Kandy
NIDAHAS ADARSHA P.S.,Central,Kandy
DUMBARA VIJAYA K.V. (DEWALAGAMMEDDA K.V.),Central,Kandy
NAPANA J.S.,Central,Kandy
PITIYEGEDARA P.S.,Central,Kandy
MAHASEN M.V.,Central,Kandy
SIDDHARTHA K.V.,Central,Kandy
MEEGAMMANA K.V.,Central,Kandy
YATAWARA K.V.,Central,Kandy
WIMALADHARMA SECONDARY SCHOOL,Central,Kandy
CHULABAYA SECONDARY SCHOOL,Central,Kandy
NUGETENNA MAHA VIDYALAYA,Central,Kandy
UDADUMBARA SECONDARY SCHOOL,Central,Kandy
MADUGALLA MAHA VIDIYALAYA,Central,Kandy
MEDIWAKA PRIMARY SCHOOL,Central,Kandy
MEEMURE KAIKAWALA K.V.,Central,Kandy
KALUGALOYA JUNIOR SCHOOL,Central,Kandy
DEWAHANDIYA JOUNIOR SCHOOL,Central,Kandy
RAMBUKWELLA JUNIOR SCHOOL,Central,Kandy
PITAWALA PRIMARY SCHOOL,Central,Kandy
HAPUKANDA PRIMARY SCHOOL,Central,Kandy
MAHAWALA PRIMARY SCHOOL,Central,Kandy
KEWULGAMA PRIMARY SCHOOL,Central,Kandy
BAMBARABEDDA JUNIOR SCHOOL,Central,Kandy
MINUWANGAMUWA PRIMARAY SCHOOLM,Central,Kandy
MEEMURE PRIMARI SCHOOL,Central,Kandy
POPPITIYA PRIMARY SCHOOL,Central,Kandy
KANDEGAMA PRIMARY SCHOOL,Central,Kandy
PITIGODA PRIMARY SCHOOL,Central,Kandy
PILHATHA MAHA VIDYALAYA,Central,Kandy
BANDARANAYAKA SECONDARY SCHOOL,Central,Kandy
MEEGOLLA JUNIOR SCHOOL,Central,Kandy
UDAGALADEBOKKA KANISHTA VIDDIYALAYA,Central,Kandy
SANGHABODHI CENTRAL COLLAGE,Central,Kandy
UDATHTHAWA JUNIOR SCHOOL,Central,Kandy
GURULUPOTHA PRIMARY SCHOOL,Central,Kandy
KEENAPALASSA GIRLS SCHOOL,Central,Kandy
MINIPE JUNIOR SECONDARY SCHOOL,Central,Kandy
RANASINGHE PREMADASA NATIONAL SCHOOL,Central,Kandy
ULPATHAGAMA JUNIOR SCHOOL,Central,Kandy
GAMINI DISSANAYAKA MODEL SCHOOL,Central,Kandy
KOLONGODA CENTRAL COLLEGE,Central,Kandy
SRI DEVANANDA JUNIOR SCHOOL,Central,Kandy
PAMUNUPURA PRIMARY SCHOOL,Central,Kandy
GALAMUDUNA KANISHTA VIDYALAYA,Central,Kandy
HANDAGANAWA MAHA VIDDIYALAYA,Central,Kandy
H.B.RAMBUKWELLA PRIMARY SCHOOL,Central,Kandy
MAHAASWEDDUMA PRIMARY SCHOOL,Central,Kandy
DADLISENANAYAKA PRIMARY SCHOOL,Central,Kandy
AMUPITIYA N.S.,Central,Kandy
UDISPATTUWA SECONDARY SCHOOL,Central,Kandy
GAMIMA BANDARANAYAKE MAHA VIDYALAYA,Central,Kandy
TELDENIYA NATIONAL SCHOOL,Central,Kandy
DUNHINNA SECONDARY SCHOOL,Central,Kandy
MEDAMAHANUWARA SECONDRY SCHOOL,Central,Kandy
WARADIWELA MAHA VIDYALAYA,Central,Kandy
AMBALA JOUNIOR SCHOOL,Central,Kandy
SRI RAHULA VIDIYALAYA,Central,Kandy
DARMASOKA JUNIOR SCHOOL,Central,Kandy
VIDYALOKA PRIMARY SCHOOL,Central,Kandy
KARALLIYADDA JUNIOR SCHOOL,Central,Kandy
GALABADAWATHTHA JUNIOR SCHOOL,Central,Kandy
GODAMUNNA SRI SIDDHARTHA PRIMARY SCHOOL,Central,Kandy
DUNUVILA MAHABODHI MAHA VIDYALAYA,Central,Kandy
DUMBARA MODEL PRIMARY SCHOOL,Central,Kandy
MAHADORALIYADDA PRIMARY SCHOOL,Central,Kandy
RANMULL PRIMARI SCHOOL,Central,Kandy
ABEYSINGHA PRIMARY SCHOOL,Central,Kandy
WEGALA JOUNIOR SCHOOL,Central,Kandy
SENARATHWELA MAHA VIDYALAYA,Central,Kandy
ALLIYADDA PRIMARY SCHOOL,Central,Kandy
UDISPATTUWA PRIMARY SCHOOL,Central,Kandy
GIDDAWA PRIMARI SCHOOL,Central,Kandy
SUMANAJOTHI PRIMARY SCHOOL,Central,Kandy
TENNALANDA PRIMARY SCHOOL,Central,Kandy
DIGANA PRIMARY SCHOOL,Central,Kandy
NAMADAGALA UDAWELA PRIMARY SCHOOL,Central,Kandy
PODDALGODA PRIMARY SCHOOL,Central,Kandy
METIDENIYA PRIMARY SCHOOL,Central,Kandy
RABUKPOTHA PRIMARY SCHOOL,Central,Kandy
RETIYAGAMA PRIMARY SCHOOL,Central,Kandy
WERAPITIYA PRIMARY SCHOOL,Central,Kandy
A.RATHNAYAKE M.M.V.,Central,Kandy
THENNAKOON WIMALANANDA M.V.,Central,Kandy
UDAGAMA M.V.,Central,Kandy
S.W.R.D.BANDARANAYAKE N.S.,Central,Kandy
KENGALLA.M.V.,Central,Kandy
WIMALARATHNA KUMARAGAMA M.V.,Central,Kandy
PILAWALA M.V.,Central,Kandy
MAHAWATTA M.V.,Central,Kandy
MENIKHINNA M.V,Central,Kandy
LUNUKATIYAMADITHTHA M.V.,Central,Kandy
SIRIMALWATTE M.V.,Central,Kandy
ATHARAGALLA K.V.,Central,Kandy
ARANGALA K.V.,Central,Kandy
GALPIHILLA K.V.,Central,Kandy
C.W.W.KANNANGARA M.V.,Central,Kandy
DHARMALOKA M.V.,Central,Kandy
POLGOLLAWATTA K.V.,Central,Kandy
LIYANGASWAGURA A.K.V,Central,Kandy
WAVINNA K.V.,Central,Kandy
HUREEKADUWA B.M.V.,Central,Kandy
KENGALLA P.S.,Central,Kandy
NARENDRASINGHE P.S.,Central,Kandy
GONAWALA K.V.,Central,Kandy
DUNUHAPPAWA.K.V,Central,Kandy
WEERAVIKUM K.V,Central,Kandy
RAJAWELLA K.V.,Central,Kandy
TELDENIYA MUS. V.,Central,Kandy
UDISHPATTUWA MUSLIM VIDYALAYA,Central,Kandy
KALAIMAGAL JUNIOR SCHOOL,Central,Kandy
MAHABERIYATENNA TAMIL MAHA VIDYALAYA,Central,Kandy
NAMAGAL TAMIL VIDYALAYA,Central,Kandy
KUMARAN TAMIL VIDDIYALAYA,Central,Kandy
RANGALA TAMIL MAHA VIDYALAYA,Central,Kandy
SIVA SHAKTHI TAMIL VIDYALAYA,Central,Kandy
NAWALAR TAMIL VIDYALAYA,Central,Kandy
VIBULANANDAR TAMIL VIDYALAYA,Central,Kandy
MALAIMAGAL KANISHTA TAMIL VIDYALAYA,Central,Kandy
SIVANESHWARA TAMIL MAHA VIDYALAYA,Central,Kandy
RAJAWELLA HINDU N.C.,Central,Kandy
AL-HIKMA MUS. M.V.,Central,Kandy
VIGNESHWARA.T.M.V.,Central,Kandy
VIVEKANANDA T.M.V.,Central,Kandy
KENGALLA T.V,Central,Kandy
VAANI T.V.,Central,Kandy
AMBAL T.V,Central,Kandy
MADINA N S,Central,Kandy
JAMIUL AZHAR MUS C.C,Central,Kandy
BARATHI T.V.,Central,Kandy
HULUGANG MUS. V.,Central,Kandy
KANDAKETIYA T.V,Central,Kandy
ABIRAMI T.M.V.,Central,Kandy
AL SAFA M.V.,Central,Kandy
AL-AQSA MUS.V.,Central,Kandy
WARAKALANDA MUS.V.,Central,Kandy
VIPULANANDA T.V,Central,Kandy
SIVANESWARA T.V,Central,Kandy
MAHAOUSA T V,Central,Kandy
KURINGE T V,Central,Kandy
PARAMESWARA T.V,Central,Kandy
HATALE T.V.,Central,Kandy
ALLAKOLLA T.V.,Central,Kandy
KNUCKLES T.V,Central,Kandy
NAWANAGALA TAMIL SCHOOL,Central,Kandy
HAGALLA T.V.,Central,Kandy
GOMARA T V,Central,Kandy
AZHAR MUS. M.V.,Central,Kandy
AL-MANAR MUS.M.V. - GALHINNA,Central,Kandy
AKURANA ZAHIRA MUS.M.M.V.,Central,Kandy
KURUNDUGOLLA MUS.M.V.,Central,Kandy
MEERA MUS.M.V.,Central,Kandy
LUKMANIYA MUS. M.V.,Central,Kandy
RAMBUK-ELA MUS. M.V.,Central,Kandy
MAWATHUPOLA MUS. M. V.,Central,Kandy
ENDARUTHENNE MUS.V.,Central,Kandy
INIGALA.MUS.V.,Central,Kandy
PALKUMBURA MUS.V.,Central,Kandy
KURUNDUGAHA-ELA MUS. V.,Central,Kandy
MALVAHINNA MUS. V.,Central,Kandy
THELUMBUGAHAWATTA MUS..V.,Central,Kandy
AKURANA MUSLIM BALIKA M.V.,Central,Kandy
AZHAR MODEL P. V.,Central,Kandy
KURUGODA BOYS MUS.V,Central,Kandy
KASAWATTA MUS V,Central,Kandy
NEERELLA MUS.V.,Central,Kandy
WALAHENA MUS. V.,Central,Kandy
PANAGAMUWA MUS.V,Central,Kandy
HALGOLLA MUS. K. V.,Central,Kandy
BEERI-ELA MUS.P.V.,Central,Kandy
JAMALIYA MUS.M.V.,Central,Kandy
GALHINNA MUS.M.V.,Central,Kandy
JABBAR MUS.M.V.,Central,Kandy
DEHIDENIYA MUS. M.V.,Central,Kandy
DHARUL ULOOM MUS.V.,Central,Kandy
MALGAMANDENIYA MUS.V.,Central,Kandy
HEWAHETA CENTRAL COLLEGE,Central,Kandy
BOPITIYA RAJASINGHE N.S.,Central,Kandy
ETHULGAMA MAHA VIDYALAYA,Central,Kandy
BHADRAWATHI MAHA VIDYALAYA-GALAHA,Central,Kandy
KARAGASKADA CENTRAL COLLAGE,Central,Kandy
MAHAMEDAGAMA MAHA VIDYALAYA,Central,Kandy
MAILAPITIYA MAHA VIDYALAYA,Central,Kandy
MARASSANA N.S.,Central,Kandy
UDUWELA MAHA VIDYALAYA,Central,Kandy
HAPUTHALE MAHA VIDYALAYA,Central,Kandy
KAPULIYADDA MAHA VIDYALAYA,Central,Kandy
BOLAPE JUNIOR SCHOOL,Central,Kandy
BAWLANA JUNIOR SCHOOL,Central,Kandy
SRI SARANANKARA JUNIOR SCHOOL,Central,Kandy
GODAMUNNA JUNIOR SCHOOL,Central,Kandy
HEWAVISSA JUNIOR SCHOOL,Central,Kandy
KOLABISSA KANISHTA VIDYALAYA,Central,Kandy
PATTIYAGAMA JUNIOR SCHOOL,Central,Kandy
UDADELTHOTA JUNIOR SCHOOL,Central,Kandy
UDUWELA BUDDHIST COLLEGE,Central,Kandy
C.W.W.KANNANGARA VIDYALAYA,Central,Kandy
UNUVINNA PRIMARY SCHOOL,Central,Kandy
WATHLIYADDA PRIMARY SCHOOL,Central,Kandy
DHARMAPALA VIDYALAYA,Central,Kandy
SRI PUSHPADANA VIDYALAYA,Central,Kandy
IHAKETIYA PRIMARY SCHOOL,Central,Kandy
MARASSANA MODEL PRIMARY SCHOOL,Central,Kandy
MAUSSAWA JUNIOR SCHOOL,Central,Kandy
NAWANELIYA PRIMARY SCHOOL,Central,Kandy
THALATHUOYA JUNIOR SCHHOOL,Central,Kandy
RAMMUNGODA VIDYALAYA,Central,Kandy
DHARMARAJA COLLEGE,Central,Kandy
MAHAMAYA GIRLS COLLEGE,Central,Kandy
ST'ANTHANY'S COLLEGE,Central,Kandy
ST. ANTHONY'S GIRLS COLLEGE,Central,Kandy
BERREWARTS COLLEGE,Central,Kandy
GURUDENIYA MAHA VIDYALAYA,Central,Kandy
MAWILMADA MAHA VIDYALAYA,Central,Kandy
D.S.SENANAYAKE MAHA VIDYALAYA,Central,Kandy
SIDDHARTHA MAHA VIDYALAYA,Central,Kandy
SEEVALI MAHA VIDYALAYA,Central,Kandy
ANANDA,Central,Kandy
SRI WIMALABUDDHI JUNIOR SCHOOL-DANGOLLA,Central,Kandy
LUMBINI ROYAL COLLEGE,Central,Kandy
GOTHAMI GIRLS COLLEGE,Central,Kandy
NANODA MODEL SCHOOL,Central,Kandy
KETAWALA JUNIOR SCHOOL,Central,Kandy
DHARMASHOKA VIDYALAYA,Central,Kandy
VIDYALOKA MAHA VIDYALAYA,Central,Kandy
SAMUDRDEVI B.V.,Central,Kandy
DHARMAVIJAYA V,Central,Kandy
HARAGAMA VIDYALAYA,Central,Kandy
DAMBAWELAKANISHTA VIDYALAYA,Central,Kandy
MAHINDA SPCIAL MODEL SCHOOL,Central,Kandy
BOWALAWATHTHA SITHUMINA VIDYALAYA,Central,Kandy
SENKADAGALA WEERODARA VIDYALAYA,Central,Kandy
SENKADAGALA SANGAMITHTHA VIDYALAYA,Central,Kandy
GIRL'S HIGH SCHOOL,Central,Kandy
KINGSWOOD COLLEGE,Central,Kandy
VIDYARTHA COLLEGE,Central,Kandy
PUSHPADANA GIRLS' COLLEGE,Central,Kandy
HEMAMALI BALIKA VIDYALAYA,Central,Kandy
ST SYLVESTERS COLLEGE,Central,Kandy
PERADENIYUA CENTRAL COLLEGE,Central,Kandy
MAHANAMA MAHA VIDYALAYA,Central,Kandy
SRI RAHULA KOLLEGE,Central,Kandy
WARIYAPOLA SRI SUMANGALA COLLEGE,Central,Kandy
SWARNAMALI GIRIS'COLLAGE,Central,Kandy
THAKSHILA VIDYALAYA,Central,Kandy
DHARMAWICKRAMA GIRLS' COLLAGE,Central,Kandy
RASINDEV VIDYALAYA,Central,Kandy
SARASAVI UYANA MAHA VIDYALAYA,Central,Kandy
KEPPETIPOLA VIDYALAYA,Central,Kandy
PERADENIA JUNIORSECONDARY SCHOOL,Central,Kandy
SEETHADEVI BALIKA VIDYALAYA,Central,Kandy
VIHARAMAHADEVI GIRLS COLLEGE -KANDY,Central,Kandy
MADDUMA BANDARA VIDYALAYA,Central,Kandy
MENIKDIWELA CENTRAL COLLEGE,Central,Kandy
KADUGANNAWA N.S,Central,Kandy
SRI SWARNAJOTHI NATINAL SCHOOL,Central,Kandy
DANTHURE M.V.,Central,Kandy
DODANWALA M.V.,Central,Kandy
PILIMATHALAWA MADYA MAHA VIDYALAYA,Central,Kandy
PALAWA M.V.,Central,Kandy
RATHTHEPIYIYA M.V.,Central,Kandy
ERIYAGAMA SRI PUSHPADANA MODEL S.,Central,Kandy
UDAWELA J.S.,Central,Kandy
URAPOLA SRI SUSILA K.V,Central,Kandy
KETAKUMBURA K.V.,Central,Kandy
HECTOR KOBBAKADUWA M.P.S.,Central,Kandy
KOBBEKADUWA K.V.,Central,Kandy
TISMADA J.S,Central,Kandy
BALANA K.V,Central,Kandy
MALIGATHANNA P.S.,Central,Kandy
WATHURAKUBURA JUNIOR SCHOOL,Central,Kandy
SRI DHEERANANDA M.V.,Central,Kandy
GANNORUWA J.S,Central,Kandy
AMUNUPURA K.V,Central,Kandy
ILLADORA P.V.,Central,Kandy
KADUGANNAWA P.S.,Central,Kandy
KATAPITIYA P.S.,Central,Kandy
GIRAGAMA K.V,Central,Kandy
PILIMATHLAWA K.V.,Central,Kandy
POTHTHEPITIYA K.V,Central,Kandy
MANIKDEWELA PRIMARY SCHOOL,Central,Kandy
WALGOWWAGODA BUDDHIST P.V.,Central,Kandy
PRSIDENTS MODEL P.S.,Central,Kandy
VERALUGOLLA P.V.,Central,Kandy
MURUTHALAWA PRIMARY SCHOOL,Central,Kandy
D.B.WIJETHUNGA N.S,Central,Kandy
GADALADENIYA M.V.,Central,Kandy
PITAWALAWATTA M.V.,Central,Kandy
RANGAMA M.V.,Central,Kandy
LANKATHILAKA M.V.,Central,Kandy
LAGAMUWA M.V.,Central,Kandy
WATTAPOLA M.V.,Central,Kandy
WIMALADARMASOORIYA M.V,Central,Kandy
HANDESSA M.V.,Central,Kandy
MADDUMABANDARA J.S.,Central,Kandy
ALAPALAWALA M.V.,Central,Kandy
AMBANWALA K.V.,Central,Kandy
UDAALUDENIYA M.V.,Central,Kandy
KIRIWAWULA JUNIOR SCHOOL,Central,Kandy
SRI JINARATHNA J.S.,Central,Kandy
KOSSINNA K.V.,Central,Kandy
GANHATHA C.C.,Central,Kandy
SRI PRAGNARATHANA M.V.,Central,Kandy
NEW ELIPITIYA K.V.,Central,Kandy
SRI REWATHA M.V.,Central,Kandy
PILIGALLA K.V.,Central,Kandy
BOYAGAMA JUNIOR SCHOOL,Central,Kandy
WATTAPPOLA P.V.,Central,Kandy
SADIKKAWATTA P.V.,Central,Kandy
HEPANA SRI SARANANDA V.,Central,Kandy
HIDDAULA K.V.,Central,Kandy
SIRI PERAKUM MODEL PRIMARY SCHOOL(HENDENIYA KNISHT,Central,Kandy
GONADIKA SIHALA TAMIL V.,Central,Kandy
WIJAYALANKA J.S.,Central,Kandy
ARAWWAWALA P.V,Central,Kandy
KURAGALA GEMUNU P.V.,Central,Kandy
GANGODA P.S.,Central,Kandy
PAMUNUWA P.S.,Central,Kandy
WEMBLYWATTA P.S.,Central,Kandy
WICKRAMABAHU MADYA VIDYALAYA,Central,Kandy
ATABAGE UDAGAMA MAHA VIDYALAYA,Central,Kandy
WIMALADHARMA N.S. - ATABAGE,Central,Kandy
ST.ANDREW'S COLLEGE,Central,Kandy
JINARAJA BOYS' COLLAGE,Central,Kandy
DOLUWA MAHA VIDYALAYA,Central,Kandy
NILLAMBA MAHA VIDYALAYA,Central,Kandy
PANVILATHENNA MAHA VIDYALAYA,Central,Kandy
PUSSELLAWA BAUDDHA V.,Central,Kandy
MAHAMULGAMA MAHA VIDYALAYA,Central,Kandy
WEWATHENNA MAHA VIDYALAYA,Central,Kandy
ST JOSEPH'S BALIKA MAHA VIDYALAYA,Central,Kandy
DEVI BALIKA MAHA VIDYALAYA,Central,Kandy
JINARAJA BALIKA MAHA VIDYALAYA,Central,Kandy
IHALAGAMA VIDYALAYA,Central,Kandy
ATABAGE RAJANANDA KANISHTA VIDALAYA,Central,Kandy
ATABAGE ROMAN CATHOLIC VIDYALAYA,Central,Kandy
ANGAMMANA JUNIOR SCHOOL,Central,Kandy
INGURUWATHA KANITU VIDYALAYA,Central,Kandy
SRI GNANAWASA VIDYALAYA,Central,Kandy
ILLAGOLLAWATTE KANISHTA VIDYALAYA,Central,Kandy
KAHAWATHTHA KANISHTA VIDYALAYA,Central,Kandy
KIRINDA MODEL SCHOOL,Central,Kandy
GANGASIRIPURA VIDYALAYA,Central,Kandy
BAUDDA VIDYALAYA,Central,Kandy
GROWHILL JUNIOR SCHOOL,Central,Kandy
DUNUKEULLA KANISHATA VIDYALAYA,Central,Kandy
NARANVITA KANISHTA VIDYALAYA,Central,Kandy
PALLEDELTHOTA KANISHTA VIDYALAYA,Central,Kandy
PUPURESSA KANISHTA VIDYALAYA,Central,Kandy
HOLY TRINITY COLLEGE,Central,Kandy
BOWALA KANISHTA VIDYALAYA,Central,Kandy
LAGUMDENIYA KANISHTA VIDYALAYA,Central,Kandy
LORAWATTHA PRIMARY VIDYALAYA,Central,Kandy
HALOYA JUNIOR SCHOOL,Central,Kandy
MORAHENA JUNIOR SCHOOL,Central,Kandy
SENADHIKARI N.S. - UDAHENTHENNA,Central,Kandy
ULAPANE MAHA VIDYALAYA,Central,Kandy
MS ALUTHGAMAGE MAHA VIDYALAYA,Central,Kandy
GIRAULLA MAHA VIDYALAYA,Central,Kandy
SARANAPALA VIDYALAYA,Central,Kandy
GAMPOLAWELA KANISHTA VIDAYALAYA,Central,Kandy
GALATHA MAHA VEDYALAYA,Central,Kandy
THALIHUNNAGAMA KANISHTA VIDYALAYA,Central,Kandy
THAMBILIGALA KANISHTA VIDYALAYA,Central,Kandy
PELLAPITIYA KANISHTA VIDYALAYA,Central,Kandy
WETAKEDENIYA JUNIOR SCHOOL,Central,Kandy
UDUWELLA KANISHTA VIDYALAYA,Central,Kandy
KOLUWALA REVATHA KANISTA VIDYALYA,Central,Kandy
THELIHUNNA JANAPADA KANISHTA VIDYALAYA,Central,Kandy
YATAPANA PRIMARY SCHOOL,Central,Kandy
ANURUDDA KUMARA MMV,Central,Kandy
PATHTHUNUPITIYA MAHA VIDYALAYA,Central,Kandy
RAMBUKPITIYA MAHA VIDYALAYA,Central,Kandy
ST.ANDREW'S BALIKA MAHA VIDYALAYA,Central,Kandy
ALUGOLLE PRATHAMIKA VIDYALAYA,Central,Kandy
INGURUOYA K.V.,Central,Kandy
IMBULPITIYA KANISHTA VIDYALAYA,Central,Kandy
KADIYANLENA KANISHTA VIDYALAYA,Central,Kandy
SRI DHAMMARATHANA VIDYALAYA,Central,Kandy
NAWALAPITIYA CENTRAL COLLEGE,Central,Kandy
DOLOSBAGE KANISHTA VIDYALAYA,Central,Kandy
PATITHALAWA KANISHTA VIDYALAYA,Central,Kandy
BERAVILA PRIMARY COLLEGE,Central,Kandy
MAPAKANDA VIDYALAYA,Central,Kandy
MAWATHURA JUNIOR SCHOOL,Central,Kandy
CP/GP/WARAKAWA KANISHTA VIDYALAYA,Central,Kandy
WELIGAMPOLA KANISHTA VIDYALAYA,Central,Kandy
SIRI PARAKUMBA V.,Central,Kandy
KANISHTA BALIKA VIDYALAYA,Central,Kandy
HYDREE K.V.,Central,Kandy
BADI-DU-DIN MAHMUD GIRLS' COLLEGE,Central,Kandy
SIDDILEBBE MUSLIM VIDYALAYA,Central,Kandy
ENASALGOLLA CENTRAL COLLEGE,Central,Kandy
SRI RAMAKRISHNA CENTRAL COLLEGE,Central,Kandy
ZAHIRA BOYS COLLEGE,Central,Kandy
TALATUOYA TAMIL MAHA VIDYALAYA,Central,Kandy
MALAIMAHAL HINDHU CENTRAL COLLEGE-DELTOTA,Central,Kandy
ALHAMARA VIDYALAYA,Central,Kandy
KALAIMAGAL TAMIL VIDYALAYAM0,Central,Kandy
VIVEKANANDA TAMIL VIDYALAYAM,Central,Kandy
HINDU SENIOR SCHOOL,Central,Kandy
ST.MARY'S VIDYALAYA,Central,Kandy
AL HILALVIDYALAYA,Central,Kandy
PERADENIYA HINDU COLLEGE,Central,Kandy
DELTOTA MUSLIM CENTRAL COLLEGE,Central,Kandy
AL AKBAR MUSLIM VIDYALAYA,Central,Kandy
UDAPITIYA HUSNA MUSLIM MAHA VIDYALAYA,Central,Kandy
UDUDENIYA MUSLIM MAHA VIDYALAYA,Central,Kandy
MARASSANA TAMIL VIDYALAYA,Central,Kandy
SRI SIVASHAKTHI TAMIL VIDYALAYAM,Central,Kandy
DUNALLY TAMIL VIDYALAYA,Central,Kandy
UPPER GALAHA T V,Central,Kandy
AMBALAMANA TAMIL VIDYALAYA,Central,Kandy
THIRUVALLUVAR VIDYALAYAM,Central,Kandy
GREATVALLEY TAMIL VIDYALAYAM,Central,Kandy
LITTLEVALLEY NO.II TAMIL VIDYALAYAM,Central,Kandy
SRI GAYATHRI TAMIL VIDYALAYAM,Central,Kandy
BOWLANA TAMIL VIDYALAYA,Central,Kandy
BOPITIYA TAMIL VIDYALAYA,Central,Kandy
LOOLCONDERA TAMIL VIDYALAYA,Central,Kandy
NARANGHENA TAMIL VIDYALAYA,Central,Kandy
SIVANANDA TAMIL VIDYALAYA,Central,Kandy
SRI VAANI TAMIL VIDYALAYAM,Central,Kandy
KIRIMETIYA TAMIL VIDYALAYA,Central,Kandy
KATHIRESAN CENTRAL COLLEGE,Central,Kandy
SARASWATHY CENTRAL COLLEGE,Central,Kandy
ST MARYS COLLEGE,Central,Kandy
IQRA MUSLIM MAHA VIDYALAYA,Central,Kandy
HINDU N.S. - PUSSELLAWA,Central,Kandy
KATHIRESAN HINDU LADIES' COLLEGE,Central,Kandy
BALANTOTA MUSLIM VIDYALAYA,Central,Kandy
MAHAVILA TAMIL VIDAYLA,Central,Kandy
BAHARANDA TAMIL VIDYALAYAM,Central,Kandy
BOWHIL TAMIL VIDYALAYAM,Central,Kandy
GALABODA T.V,Central,Kandy
TEMPLESTOWE T.V,Central,Kandy
MELFORT TAMIL VIDYALAYAM,Central,Kandy
BARCAPLE T.V,Central,Kandy
BARANAGALA TAMIL VIDYALAYAM,Central,Kandy
GALAMUDUNA TAMIL VIDYALAYAM,Central,Kandy
WESTHALL TAMIL VIDYALAYAM,Central,Kandy
PARAGALA SINHALA VIDYALAYA,Central,Kandy
KALAIMAHAL TAMIL VIDYALAYAM,Central,Kandy
CRAIGHEAD NO-1 TAMIL VIDYALAYA,Central,Kandy
CRAIGHEAD NO 2 TAMIL VIDYALAYAM,Central,Kandy
MONTECRISTO NO-1 TAMIL VIDYALAYAM,Central,Kandy
MONTECRISTO NO-02 TAMIL VIDYALAYAM,Central,Kandy
PENRHOS TAMIL VIDYALAYAM,Central,Kandy
ROTHCHILD TAMIL VIDYALAYAM,Central,Kandy
VEVEGANANTHAR TAMIL VIDYALYAM,Central,Kandy
WIGTON TAMIL VIDYALAYAM,Central,Kandy
DOLOSBAGE TAMIL VIDYALAYAM,Central,Kandy
JAMALIYA MUSLIM MAHA VIDYALAYA,Central,Kandy
ILLUKAWATTA MU.V.,Central,Kandy
KADUGANNAWA C.C.T.V,Central,Kandy
DEHIANGA AL-AZHAR M.V.,Central,Kandy
AL ILMA VIDDIYALAYA,Central,Kandy
YAHALATHANNA MUSLIM M.V.,Central,Kandy
KIRIMATIYA T.V.,Central,Kandy
AL MANAR N.S.,Central,Kandy
KURUKUTTALA MU M.V.,Central,Kandy
WELAMBODA MU.M.V.,Central,Kandy
AMBAGASTENNA M.V.,Central,Kandy
AL AQSA MUSLIM V.,Central,Kandy
AS SIRAJ BOYS V,Central,Kandy
UDUNUWARA FATHIMA BALIKA M.V.,Central,Kandy
ARAFA MU.M.V.,Central,Kandy
HENDENIYA MU.V.,Central,Kandy
AS SHUMS V.,Central,Kandy
ZAHIRA NATIONAL SCHOOL,Central,Kandy
KALUGAMUWA CENTRAL COLLEGE,Central,Kandy
AL MINA MUSLIM MAHA VIDYALAYA,Central,Kandy
AL-HIKMA MAHA VIDYALAYA,Central,Kandy
GAMPOLA MUSLIM MAHA VIDYALAYA,Central,Kandy
ILLAWATURA RAHMANIYA MUSLIM VIDYALAYA,Central,Kandy
SANQUHAR TAMIL VIDYALAYA,Central,Kandy
NEW PEACOCK TAMIL VIDYALAYAM,Central,Kandy
OLDPEACOCK TAMIL VIDYALAYA,Central,Kandy
DELTASOUTHTAMILVIDYALAYMPUSSELLAWA,Central,Kandy
KALAIVANI TAMIL VIDYALAYAM,Central,Kandy
STELLENBERG TAMIL VIDYALAYAM,Central,Kandy
BEAUMOUNT TAMIL VIDYALAYAM,Central,Kandy
AL AZHAR VIDYALAYA,Central,Kandy
LEVALLON 02 VIDYALAYA,Central,Kandy
PUPURESSA TAMIL VIDYALAYA,Central,Kandy
DELTA NORTH TAMIL VIDIYALAYAM,Central,Kandy
DELTA EAST TAMIL VIDYLAYAM,Central,Kandy
KALOOGALLA TAMIL VIDYALAYAM,Central,Kandy
CHOUGHLEIGH TAMIL VIDYALAYA,Central,Kandy
KIRIWANA TAMIL VIDYALAYAM,Central,Kandy
WARIYAGALA TAMIL VIDYALAYA,Central,Kandy
YOGALETCHUMI TAMIL VIDYALAYA,Central,Kandy
UPLAND TAMIL VIDYALAYA,Central,Kandy
BLACK FOREST TAMIL VIDYALAYAM,Central,Kandy
ATABAGE TAMIL VIDYALAYAM,Central,Kandy
NAYAPANE TAMIL VIDYALAYAM,Central,Kandy
EVALGOLLA TAMIL VIDIYALAYAM,Central,Kandy
GAMPOLA HINDU COLLEGE,Central,Kandy
HYNDFORD MAPAKANDA MUSLIM VIDIYALAYA,Central,Kandy
ASAMODAGAMYAYA PRIMERY SCHOOL,Central,Kandy
KADIELENA T.V.,Central,Kandy
GREENWOOD TAMIL VIDYALAYAM,Central,Kandy
GEMUNUPURA PRIMARY SCHOOL,Central,Kandy
KUMBUKGOLLA PRIMARY SCHOOL,Central,Kandy
KAHAWATHTHA P.V.,Central,Kandy
DUNGOLLA PRIMARY SCHOOL,Central,Kandy
RANGALA PRIMARY TAMIL VIDYALAYA,Central,Kandy
HIJRAPURA MUSLIM MAHA VIDYALAYA,Central,Kandy
KALAIMAGAL TAMIL V.,Central,Kandy
AL AMAAN MUSLIM VIDYALAYA,Central,Kandy
RANABIMA ROYAL COLLEGE,Central,Kandy
KELLY JANAPADAYA PRIMARY SCHOOL,Central,Kandy
KANDY MODEL S.,Central,Kandy
PRESIDENT MODEL PRIMARY SCHOOL,Central,Kandy
RISIKALA AESTHETIC COLLEGE,Central,Kandy
KURUNDUWATTA ROYAL COLLEGE,Central,Kandy
VIDYA PRADEEPA PRIMARY SCHOOL,Central,Kandy
VIDYANANDA BUDDHIST PRIMARY SCHOOL,Central,Kandy
PANWILA MODEL P.C.,Central,Kandy
UDADUMBARA SARATH EKANAYAKA MODEL PRIMARYT SHOOL,Central,Kandy
AL MUMAWWARA P.S.,Central,Kandy
KEHELIYA RAMBUKWELLA M.P.S.,Central,Kandy
MINIPE SARATH EKANAYAKA MODEL PRIMRY SHOOL,Central,Kandy
ANKUMBURA MODEL P.V.,Central,Kandy
UDUNUWARA MODEL P.S.,Central,Kandy
AN NOOR PRIMARY VIDYALAYA,Central,Kandy
HINDU PRIMARY SCHOOL,Central,Kandy
DUMBARA ROYAL P.V,Central,Kandy
WIMALADHARMASOORIYA M.P.V.,Central,Kandy
"AL SAFA PRIMARY SCHOOL, NAWALAPITIYA.",Central,Kandy
AMEENIYA P.V.,Central,Kandy
AL HIKMA VIDYALAYA,Central,Kandy
MEDAGODA MODEL P.V.,Central,Kandy
NANODA PRIMARY SCHOOL,Central,Kandy
MAHINDA MODEL PRIMARY SCHOOL,Central,Kandy
DUTUGEMUNU PRIMARY SCHOOL,Central,Kandy
JINARAJA MODEL PRIMARY SCHOOL,Central,Kandy
DUNUWILA SUMANASARA M. P. S.,Central,Kandy
KATHIRESAN MODEL PRIMARY SCHOOL,Central,Kandy
SRI DHAMMARAKKITHA MODEL P.S.,Central,Kandy
BERREWAERTS ROYAL PRIMARY COLLEGE,Central,Kandy
GALAHA MODEL SCHOOL,Central,Kandy
SRI SHANMUGA PRIMARY VIDYALAYAM,Central,Kandy
RATHNAWALI PRIMARY SCHOOL,Central,Kandy
D.M.JAYARATHNA PRIMARY SCHOOL,Central,Kandy
CRAIHEAD NO-1 MODEL PRIMARY SCHOOL,Central,Kandy
D.S.SENANAYAKA MAHA VIDYALAYA,Central,Matale
THENNAKOON MAHA VIDDYALAYA,Central,Matale
RANGIRI DAMBULLA CENTRAL COLLEGE,Central,Matale
SIGIRIYA CENTRAL COLLEGE,Central,Matale
ETHABENDIWEWA J.S.,Central,Matale
ERAULA JUNIOR SCHOOL,Central,Matale
WEERA WIJAYA WIMALARATHNA MAHA VIDYALAYA,Central,Matale
MAHASEN JUNIOR SCHOOL,Central,Matale
THALAKIRIYAGAMA M.V.,Central,Matale
THITHTHAWELGOLLA JUNIOR SCHOOL,Central,Matale
CP GD DIGAMPATHAHA JUNIOR SCHOOL,Central,Matale
PANNAMPITIYA MAHA VIDYALAYA,Central,Matale
PELWEHERA JUNIOR SCHOOL,Central,Matale
LENADORA JUNIOR SCHOOL,Central,Matale
LENAWA PRIMARY SCHOOL,Central,Matale
WEWALAWEWA MAHA VIDYALAYA,Central,Matale
ALAKOLAWEWA J.S,Central,Matale
IHALA ERAULA PRIMARY SCHOOL,Central,Matale
UDAWELAYAGAMA KANISTA VIDYALAYA,Central,Matale
KALOGAHAELA PRIMARY SCHOOL,Central,Matale
KIMBISSA JUNIOR SCHOOL,Central,Matale
KIRALAGOLLA PRIMARY SCHOOL,Central,Matale
THALKOTE PRIMARY SCHOOL,Central,Matale
DAMBULLA PRIMARY SCHOOL,Central,Matale
NAGALAWEWA PRIMARY SCHOOL,Central,Matale
POLATHTHAWA PRIMARY SCHOOL,Central,Matale
BULAGALA PRIMARY SCHOOL,Central,Matale
RATHMALGAHAELA JUNIOR SCHOOL,Central,Matale
WALGAMWEWA JUNIOR SCHOOL,Central,Matale
WATHTHE GAMMADDA PRIMARY SCHOOL,Central,Matale
PALUTAWA PRIMARY SCHOOL,Central,Matale
THENNAKOONPURA PRIMARY SCHOOL,Central,Matale
BELLANNEOYA PRIMARY SCHOOL,Central,Matale
POHORANWEWA JUNIOR SCHOOL,Central,Matale
WEERA MOHAN JAYAMAHA M.V.,Central,Matale
DIYAKEPILLA PRIMARY SCHOOL,Central,Matale
MADIPOLA MAHA VIDYALAYA,Central,Matale
MANINGAMUWA MAHA VIDYALAYA,Central,Matale
MILLAWANA MAHA VIDYALAYA,Central,Matale
MEDABEDDA M V,Central,Matale
WEERA MADDUMA BANDARA JUNIOR SCHOOL,Central,Matale
KANDEWATTA P.S,Central,Matale
DEMBAWA PRIMARY SCHOOL,Central,Matale
MAHABODHI SECONDARY SCH00L,Central,Matale
RUSIGAMA JUNIOR SCHOOL,Central,Matale
AKURAMBODA JUNIOR SCHOOL,Central,Matale
AMBOKKA PRIMARY SCHOOL,Central,Matale
KEDANGAMUWA PRIMARAY SCHHOL,Central,Matale
AKURAMBODA MODEL PRIMARY SCHOOL,Central,Matale
KOBBEWEHERA JUNIOR SCHOOL,Central,Matale
KOSGOLLA PRIMARY SCHOOL,Central,Matale
DEMADAOYA PRIMARY SCHOOL,Central,Matale
NILANNORUWA PRIMARY SCHOOL,Central,Matale
MANANWATHTHA PRIMARY SCHOOL,Central,Matale
MONARAWILA PRIMARY SCHOOL,Central,Matale
WALMORUWA PRIMARY SCHOOL,Central,Matale
THALAKIRIYAWA PRIMARY SCHOOL,Central,Matale
DIMBULGAMUWAP P S,Central,Matale
KOHOLANWALA PRIMARY SCHOOL,Central,Matale
MILLAWANA PRIMARY SCHOOL,Central,Matale
GALEWELA C.C.,Central,Matale
MAKULUGASWEWA MAHA VIDYALAYA,Central,Matale
ST. ANTHONY'S COLLEGE,Central,Matale
HOMBAWA MAHA VIDYALAYA,Central,Matale
SILWATHGALA MAHA VIDYALAYA,Central,Matale
ALUTHWEWA J.S,Central,Matale
DAMUNUMULLA KANISHTA VIDYALAYA,Central,Matale
NILAGAMA JUNIOR SCHOOL,Central,Matale
PATTIWELA JUNIOR SCHOOL,Central,Matale
PATHKOLAGOLLA J.S,Central,Matale
BELIGAMUWA JUNIOR SCHOOL,Central,Matale
MORAGOLLA MAHA VIDYALAYA,Central,Matale
SIYAMBALAGAHAWELA JUNIOR SCHOOL,Central,Matale
THOLAMBUGOLLA MAHA VIDYALAYA,Central,Matale
DANDUBENDIRUPPA JUNIOR SCHOOL,Central,Matale
YATIGALPOTHTHA JUNIOR SCHOOL,Central,Matale
NIKAWEHERA K.V.,Central,Matale
DEWAHUWA SINHALA JUNIOR SCHOOL,Central,Matale
ANDAGALA PRIMARY SCHOOL,Central,Matale
IHALA DIGGALA PRIMARY SCHOOL,Central,Matale
EBBAWALA PRIMARY SCHOOL,Central,Matale
GALEWELA PRIMARY SCHOOL,Central,Matale
NEERANGAMUWA KANISHTA VIDYALAYA,Central,Matale
BULANAWEWA PRIMARY SCHOOL,Central,Matale
PAHALA DIGGALA PRIMARY SCHOOL,Central,Matale
GALEWELA MODEL PRIMARY SCHOOL,Central,Matale
KOSGAHAHEENNA P.S.,Central,Matale
SRI SUGATHA PRIMARY SCHOOL,Central,Matale
SILWATHGAMA PRAIMARY SCHOOL,Central,Matale
WALAMITIYAWA PRIMARY SCHOOL,Central,Matale
DIULGASKOTUWA PRIMARY SCHOOL,Central,Matale
SRI NAGA NATIONAL SCHOOL,Central,Matale
MONTIGOPALLAWA MAHA VIDYALAYA,Central,Matale
KOONGAHAWELA MAHA VIDYALAYA,Central,Matale
NALANDA MAHA VIDYALAYA,Central,Matale
NIKULA BIBILA JUNIOR SCHOOL,Central,Matale
PUBBILIYA JUNIOR SCHOOL,Central,Matale
MELPITIYA MAHA VIDYALAYA,Central,Matale
ANDAWALA MAHA VIDIYALAYA,Central,Matale
OPALGALA JUNIOR SCHOOL,Central,Matale
KUMBIYANGAHAELA JUNIOR SCHOOL,Central,Matale
PILIHUDUGOLLA JUNIOR SCHOOL,Central,Matale
MURUTOLUWA JUNIOR SCHOOL,Central,Matale
BOGASBOBELLA JUNIOR SCHOOL,Central,Matale
HADUWA JUNIOR SCHOOL,Central,Matale
BAMBARAGAHAWATHTHA JUNIOR SCHOOL,Central,Matale
UDUDENIYA PRIMARY SCHOOL,Central,Matale
OPALGALA MORAGOLLA PRIMARY SCHOOL,Central,Matale
DEWARADAPOLA PRIMARY SCHOOL,Central,Matale
BOBELLA PRIMARY SCHOOL,Central,Matale
MINIPURA VIJAYA M.V.,Central,Matale
NAMINIOYA M.M.V.,Central,Matale
PALLEGAMA M.M.V.,Central,Matale
MARAKA M.V.,Central,Matale
HANDUNGAMUWA M.V,Central,Matale
NUGAGOLLA M.V.,Central,Matale
MEDAKANDA K.V,Central,Matale
RANAMURE K.V,Central,Matale
SONUTHTHARA K.V,Central,Matale
IMADUWAYAYA P.V,Central,Matale
SRI AGRABODHI K.V.,Central,Matale
KIULAWADIYA P.V.,Central,Matale
KUMBUKANDANA P.V,Central,Matale
GURUWELA K.V,Central,Matale
NARANGAMUWA P.V.,Central,Matale
BOGAHAWAWE K.V,Central,Matale
MAHAWATHANNA P.V.,Central,Matale
MORAGAHAULPATHA P.V.,Central,Matale
RAMBUKOLUWA K.V,Central,Matale
LEDIYANGALA P.V,Central,Matale
LELOYA P.V.,Central,Matale
WILGAMUWA P.V.,Central,Matale
HATHTHOTAAMUNA M.V.,Central,Matale
KEKALATHANNA K.V,Central,Matale
NUWARAYAYA P.V.,Central,Matale
PUSSALLAYAYA P.V,Central,Matale
RADUNNAWEWA P.V,Central,Matale
HIMBILIYAKADA P.V,Central,Matale
GURUWELAYAYA K.V,Central,Matale
PUSSELLA NAVODYA SCHOOL,Central,Matale
MAHINDA SECONDARY SCHOOL,Central,Matale
MAHALAKOTUWA SRI SUMANA M.V,Central,Matale
PUWAKPITIYA K.V,Central,Matale
KUMBALOLUWA JUNIOR SCHOOL,Central,Matale
RATTOATA MAHABODHI JUNIOR SCHOOL,Central,Matale
IMBULGOLLA PRIMARY VIDDIYALAYA,Central,Matale
KAHAGALA P.V.,Central,Matale
KALUGALTHENNA PRIMARY SCHOOL,Central,Matale
PITAWALA P.V.,Central,Matale
PALLETHENNA JUNIOR SCHOOL,Central,Matale
HUNUKETE K.V.,Central,Matale
HUNUKATAELA PRIMARY SCHOOL,Central,Matale
BUDDDHAGOSHA MAHA VIDYALAYA,Central,Matale
SRI SANGAMITHTHA BALIKA NATIONAL SCHOOL MATALE,Central,Matale
VIJAYA NATIONAL SCHOOL,Central,Matale
MADAWALA ULPOTHA SECONDARY SCHOOL,Central,Matale
ST THOMES COLLEGE,Central,Matale
VIJAYAPALA MAHA VIDYALAYA,Central,Matale
DULLEWA MAHA VIDYALAYA,Central,Matale
D.M. GUNARATHNA VIDYALAYA,Central,Matale
WEERAPARAKRAMA SECONDARY SCHOOL,Central,Matale
GOVERNMENT SCIENCE COLLEGE,Central,Matale
ALUVIHARE M.V.,Central,Matale
NAVODAYA PRIMARY SCHOOL,Central,Matale
ANAGARIKA DHARMAPALA MAHA VIDYALAYA,Central,Matale
KANANGAMUWA VIDYALAYA,Central,Matale
KAWATAYAMUNA ANANDA MAHA VIDYALAYA,Central,Matale
KAUDUPELELLA SINHALA VIDYALAYA,Central,Matale
SUJATHA BALIKA MAHA VIDYALAYA,Central,Matale
KOTUWEGEDARA VIDYALAYA,Central,Matale
CHRIST CHURCH COLLEGE,Central,Matale
MALIYADEWA MAHA VIDYALAYA,Central,Matale
DODAMDENIYA VIDYALAYA,Central,Matale
SRI RAHULA VIDYALAYA,Central,Matale
NANDANA VIDYALAYA,Central,Matale
PAMUNUWA JUNIOR SCHOOL,Central,Matale
MATHALAPITIYA VIDYALAYA,Central,Matale
MORAGAHAMADA KANISHTA VIDYALAYA,Central,Matale
DHARMASHOKA VIDYALAYA,Central,Matale
SELAGAMA VIDYALAYA,Central,Matale
HULANGAMUWA P.S.,Central,Matale
ATHIPOLA VIDYALAYA,Central,Matale
IDAMGAMA P.S.,Central,Matale
HATHAMUNAGALA V.,Central,Matale
MADDUMABANDARA PRIMARY SCHOOL,Central,Matale
KAIKAWALA CENTRAL COLLEGE,Central,Matale
BANDARAPOLA M.V.,Central,Matale
SRI PARACKRAMA MAHA VIDYALAYA,Central,Matale
SIRI SEEVALI MAHA VIDYALAYA,Central,Matale
ALAKOLAMADA K.V.,Central,Matale
KIULA ULPOTHA VIDYALAYA,Central,Matale
KOSWANA GOVERNMENT SCHOOL,Central,Matale
DANKANDA MAHA VIDYALAYA,Central,Matale
DIKKUMBURA VIDYALAYA,Central,Matale
NELUWAKANDA BAUDDHA MAHA VIDYALAYA,Central,Matale
PITAKANDA KANISHTA VIDYALAYA,Central,Matale
POLWATTAKANDA JUNIOR SCHOOL,Central,Matale
MUWANDENIYA VIDYALAYA,Central,Matale
WERALUGASTHENNA VIDYALAYA,Central,Matale
DHARMAVIJAYA VIDYALAYA,Central,Matale
WERAGAMA PARACKRAMA VIDYALAYA,Central,Matale
HAPUVIDA KANISHTA VIDYALAYA,Central,Matale
OVALA PRIMARY SCHOOL,Central,Matale
KAIKAWALA PRIMARY SCHOOL,Central,Matale
SARIPUTTA MO. P.S.,Central,Matale
LUMBINI PRIMARY SCHOOL,Central,Matale
NELUWAKANDA BAPTIST V.,Central,Matale
RATTOTA BAPTIST MODEL PRIMARY SCHOOL,Central,Matale
OVILIKANDA M.V.,Central,Matale
NAGOLLA SIDDHARTHA CENTRAL COLLAGE,Central,Matale
SRI PAGNNARAMA MAHA VIDYALAYA,Central,Matale
MAHINDA RAJAPAKSHA NAVODYA MAHA VIDYALAYA,Central,Matale
LELIAMBE MAHA VIDYALAYA,Central,Matale
THENNA MAHA VDYALAYA,Central,Matale
SRI SARANANKARA MAHA VIDYALAYA,Central,Matale
KATUDENIYA MAHA VIDYALAYA,Central,Matale
SRI DHAMMATHILAKA M.V.,Central,Matale
ELKADUWA SINHALA VIDYALAYA,Central,Matale
ELVALA VIDYALAYA,Central,Matale
IMBULPITIYA MAHA VIDYALAYA,Central,Matale
KADUWELA VIDYALAYA,Central,Matale
KALALPITIYA KANISHTA VIDYALAYA,Central,Matale
MAHANAMA PRIMARY SCHOOL,Central,Matale
SRI SARANANDA PRIMARI SCHOOL,Central,Matale
PATHINGOLLA VIDYALAYA,Central,Matale
SRI SUMANGALA V.,Central,Matale
WADEMADA GOVERNMENT SCHOOL,Central,Matale
DEHIDENIYA MIDEL P.S.,Central,Matale
OVLIKANDA P.S.,Central,Matale
THIBBATUWAWA P.S.,Central,Matale
LELIAMBE P.S.,Central,Matale
ZAHIRA COLLAGE,Central,Matale
AMINA N.S.,Central,Matale
PAKKIYAM NATIONAL COLLAGE,Central,Matale
AJMEER NATIONAL SCHOOL,Central,Matale
ALFURKHAN MU.M.V.,Central,Matale
RATTOTA HINDU MAHA VIDYALYAM,Central,Matale
HINDU NATIONAL SCHOOL,Central,Matale
MINHAJ MAHA VIDDIYALAYA,Central,Matale
MADIPOLA ARAFA MUSLIM MAHA VIDYALAYA,Central,Matale
ANNOOR MUSLIM M.V.,Central,Matale
KURIWELA HAMEEDIYA COLLEGE,Central,Matale
THIRUWALLUVAR TAMIL VIDYALAYA,Central,Matale
KALAIMAHAL MAHA VIDYALAYA,Central,Matale
DEWAHUWA MUSLIM MAHA VIDYALAYA,Central,Matale
ELAMALPOTHA MUSLIM MAHA VIDYALAYA,Central,Matale
RAJJAMMANA MUS VIDYALAYA,Central,Matale
KOTTEGODA MU.V,Central,Matale
MUSTHAFA MU.V,Central,Matale
ISMALIYA VIDYALAYA,Central,Matale
KEPPITIYA MUSLIM MAHA VIDYALAYA,Central,Matale
AL-AZHAR MUSLIM JU VIDYALAYA.,Central,Matale
NIKAWATAWANA MU.M.V.,Central,Matale
AL-HAMRA MUSLIM SCHOOL,Central,Matale
KANDALAMA MADEENA M . V,Central,Matale
ABDUL HAMEED MUSLIM VIDYALAYA,Central,Matale
ELKADUWA TAMIL MAHA VIDYALAYA,Central,Matale
HUNUGALA T.V.,Central,Matale
WARIYAPOLA TAMIL VIDYALAYA,Central,Matale
YATAWATTE T.V.,Central,Matale
SELAGAMA T.V.,Central,Matale
MAHALEWAKANDA T.V.,Central,Matale
GAMMADUWA TAMIL MAHA VIDYALAYA,Central,Matale
OPALGALA T V,Central,Matale
MIDLAND TAMIL VIDYALAYAM,Central,Matale
BAMBARAGALA T.V,Central,Matale
DANKANDA T.V.,Central,Matale
KANDENUWARA TAMIL MAHA VIDYALAM,Central,Matale
MATALE WEST T.V.,Central,Matale
MAUSSAGALA TAMIL VIDYALM,Central,Matale
NICHOLOYA TAMIL VIDYALAYA,Central,Matale
RATWATTA T.V.,Central,Matale
NAGALA TAMIL VIDYALAYA,Central,Matale
WEWELMADA TAMIL VIDYALAYA,Central,Matale
HAPUGASPITIYA TAMIL VIDYALAYA,Central,Matale
BANDARAPOLA T.V.,Central,Matale
GANESHWARA T.V.,Central,Matale
PITAKANDA T.V.,Central,Matale
VICNESHWARA TAMIL VIDYALAYA,Central,Matale
PALLETHENNA TAMIL VIDYALAYA,Central,Matale
VIVEGANANDA T.V.,Central,Matale
VAANI T.V.,Central,Matale
DS SENANAYAKA MODEL PRIMARY SCHOOL,Central,Matale
THITHTHAWELGOLLA PRIMARY SCHOOL,Central,Matale
SULUGUNE P.V.,Central,Matale
WEERA KEPPETIPOLA NATIONAL SCHOOL,Central,Matale
VIJAYA P.V.,Central,Matale
PARAKKRAMA P.V,Central,Matale
WEHERAGALAYAYA K.V,Central,Matale
PALUPITIYA P.V,Central,Matale
DHARMAPALA P.V,Central,Matale
MALGAMMANA P.V,Central,Matale
NAMAGAL TAMIL SCHOOL,Central,Matale
EGODADEWAGIRIYA P.V,Central,Matale
OVILIKANDA T.V.,Central,Matale
SIRIMAVO BANDARANAIKE MODEL SCHOOL,Central,Matale
MAHINDA MODEL PRIMARY SCHOOL,Central,Matale
NAMINIOYA MONTIGOPALLAWA MODEL P.V.,Central,Matale
VIDYARTHA MODEL P.V.,Central,Matale
MONTIGOPALLAWA MODEL PRIMARY SCHOOL,Central,Matale
ALMINA MUSLIM P.V.,Central,Matale
VIDYADARSHI PRIMARY SCHOOL,Central,Matale
SRI NAGA MODEL PRIMARY SCHOOL,Central,Matale
NALANDA SUDARSHI PRIMARY SCHOOL,Central,Matale
INAMALUWA PRIMARY SCHOOL,Central,Matale
PRESIDENT P.S.,Central,Matale
ARRAHMATH PRIMARY SCHOOL,Central,Matale
T.B. THENNAKOON PRIMARY SCHOOL,Central,Matale
KITHSIRIMEWAN PRIMARY SCHOOL,Central,Matale
DHARMAPRADEEPA P.V.,Central,Matale
DUTUGEMUNU P.V.,Central,Matale
SRI MALIYADEWA PRIMARY SCHOOL,Central,Matale
HANDUNGAMUWA P.V,Central,Matale
GANAPATHY P.S.,Central,Matale
SRI KUMARAN P.S.,Central,Matale
NAWAGURUWELA P.V.,Central,Matale
MAOYA K.V,Central,Matale
GAMINI CENTRAL COLLEGE,Central,Nuwara Eliya
SUMANA SECONDARY SCHOOL,Central,Nuwara Eliya
LINDULA SINHALA M.V.,Central,Nuwara Eliya
SRI VAJRAGNANA M.V.,Central,Nuwara Eliya
GOOD SHEPHERD B.M.V.,Central,Nuwara Eliya
AGARAPATHANA SMV,Central,Nuwara Eliya
PAYNTER MEMORIAL S.,Central,Nuwara Eliya
MAHINDA M.V.,Central,Nuwara Eliya
SRI SENANANDA M.V.,Central,Nuwara Eliya
AMBEWELA S V,Central,Nuwara Eliya
SRI PIYATHISSA V,Central,Nuwara Eliya
DHARMAPALA V,Central,Nuwara Eliya
BAGAHAWATHTA S.V,Central,Nuwara Eliya
BOPATHTHALAWA S.V,Central,Nuwara Eliya
DAYAGAMA S.V,Central,Nuwara Eliya
SRI RAHULA V,Central,Nuwara Eliya
HAGGALA VIDYALAYA,Central,Nuwara Eliya
GAMINI MODEL P.S.,Central,Nuwara Eliya
MADDUMABANDARA V,Central,Nuwara Eliya
SRI JEMS PIERIS V,Central,Nuwara Eliya
PATHANA S V,Central,Nuwara Eliya
SHANTHIPURA S.V,Central,Nuwara Eliya
WATAGODA S.V,Central,Nuwara Eliya
VIDYACHAKRA S.V,Central,Nuwara Eliya
ST.COOMBS M.V.,Central,Nuwara Eliya
SRI PARAKUM VIDYALAYA,Central,Nuwara Eliya
HOLBROOK SV,Central,Nuwara Eliya
GIRLS'HIGH SCHOOL,Central,Nuwara Eliya
PARAKUMBAPURA V,Central,Nuwara Eliya
GEMUNU VIDYALAYA,Central,Nuwara Eliya
GINIGATHENA M.M.V.,Central,Nuwara Eliya
SRIPADA M.M.V.,Central,Nuwara Eliya
NORWOOD S.M.V.,Central,Nuwara Eliya
SAMANELIYA M.M.V.,Central,Nuwara Eliya
ST GABRIEL'S GIRLS' COLLEGE,Central,Nuwara Eliya
SRINISSANKAMALLA M.V.,Central,Nuwara Eliya
VIDULIPURA M.V.,Central,Nuwara Eliya
KALUGALA M.V.,Central,Nuwara Eliya
LAXAPANA M.M.V.,Central,Nuwara Eliya
KALAWELDENIYA M.V.,Central,Nuwara Eliya
MADENIYA M.V.,Central,Nuwara Eliya
MORAHENAGAMA M.V.,Central,Nuwara Eliya
AMBAGAMUWA M.M.V.,Central,Nuwara Eliya
DHARMAKEERTHY M.V.,Central,Nuwara Eliya
DHAMMALOKA V,Central,Nuwara Eliya
DICKOYA SINHALA V.,Central,Nuwara Eliya
DEHIGASTENNA V.,Central,Nuwara Eliya
GOURAVILLA SINHALA V.,Central,Nuwara Eliya
HEBBEKANDA V.,Central,Nuwara Eliya
HOMAGAMA V.,Central,Nuwara Eliya
KOTHTHELLENA V.,Central,Nuwara Eliya
KEHELWARAWA V.,Central,Nuwara Eliya
KIRIWANELIYA V,Central,Nuwara Eliya
WELHENA POLPITIYA V,Central,Nuwara Eliya
KELANIGAMA V.,Central,Nuwara Eliya
GINIGATHENA P.V.,Central,Nuwara Eliya
GONAWALA V.,Central,Nuwara Eliya
LUCCOMBE SINHALA V.,Central,Nuwara Eliya
MINUWANDENIYA S.V.,Central,Nuwara Eliya
WATAWALA SINHALA VIDYALAYA,Central,Nuwara Eliya
KOLHENAGAMA V.,Central,Nuwara Eliya
MORATHOTAYAWATHTHA V,Central,Nuwara Eliya
KODAOYA MAHAWALI JANAPADA V,Central,Nuwara Eliya
HEDUNUWEWA CENTRAL COLLAGE,Central,Nuwara Eliya
GAMUNU M.V.,Central,Nuwara Eliya
HARANGALA SECONDARY SCHOOL,Central,Nuwara Eliya
MALDENIYA M.V.,Central,Nuwara Eliya
SRI MALIYADEWA M.V.,Central,Nuwara Eliya
JAYAHELA NATIONAL SCHOOL,Central,Nuwara Eliya
GAMINI DISSANAYAKE N.S.,Central,Nuwara Eliya
SRI PARACKCKRAMA M.V.,Central,Nuwara Eliya
BERAMANA VIDYALAYA,Central,Nuwara Eliya
DELTA GEMUNUPURA M.V.,Central,Nuwara Eliya
DELUNTHALAMADA V.,Central,Nuwara Eliya
GANKEWALA P.V.,Central,Nuwara Eliya
SIRISAMAN M.V.,Central,Nuwara Eliya
HALPOLA K.V.,Central,Nuwara Eliya
SRI RATHANASARA K.V.,Central,Nuwara Eliya
KETHIGANAHINNA K.V.,Central,Nuwara Eliya
SRI SUMANGALA PRIMARY SCHOOL,Central,Nuwara Eliya
MAHAWELISEYA P.V.,Central,Nuwara Eliya
KUDAOYA K.V.,Central,Nuwara Eliya
KUMBALOLUWA V.,Central,Nuwara Eliya
MALHEWA P.V.,Central,Nuwara Eliya
MAWELA VIDYALAYA,Central,Nuwara Eliya
NAYAPANA M.V.,Central,Nuwara Eliya
NIYAMGAMDORA P.V.,Central,Nuwara Eliya
DORAGALA K.V.,Central,Nuwara Eliya
PALAGOLLA K.V.,Central,Nuwara Eliya
RAMBODAGAMA VIDYALAYA,Central,Nuwara Eliya
RAWANAGODA P.V.,Central,Nuwara Eliya
ROJASANGAMA M.V.,Central,Nuwara Eliya
SRI BUDDHARAJA M.V.,Central,Nuwara Eliya
WERALLAPATHANA PRIMARY SCHOOL,Central,Nuwara Eliya
THISPANEKANDA PRIMARY SCHOOL,Central,Nuwara Eliya
WEERASEKARA SECONDARY SCHOOL,Central,Nuwara Eliya
KIKILIYAMAN M.V.,Central,Nuwara Eliya
SRI MEDHANANDA P.V.,Central,Nuwara Eliya
ANANDA DASANAYAKA M.V.,Central,Nuwara Eliya
HALGOLLA NO.1 P.V.,Central,Nuwara Eliya
HALGOLLA NO2 P.V.,Central,Nuwara Eliya
SRI SUMANGALA N C,Central,Nuwara Eliya
BATAGOLLA PUSSADEWA SECONDARY SCHOOL,Central,Nuwara Eliya
KEERYHIBANDARA M.V.,Central,Nuwara Eliya
KALAGAMWATTA MAHA VIDYALAYA,Central,Nuwara Eliya
SRI DHARMAPALA SCHOOL,Central,Nuwara Eliya
ABAHENA SCHOOL,Central,Nuwara Eliya
ALACOLAWEWA,Central,Nuwara Eliya
NANDARAMA SCHOOL,Central,Nuwara Eliya
LANDUPITA VIDYALAYA,Central,Nuwara Eliya
PANNALA MAHA VIDYALAYA,Central,Nuwara Eliya
UKUTHALE SCHOOL,Central,Nuwara Eliya
LIYANWELA SUIDARMA VIDYALAYA,Central,Nuwara Eliya
BATAGOLLAGAMA VIDUHALA,Central,Nuwara Eliya
DALIWALA SCHOOL,Central,Nuwara Eliya
GALABADA SCHOOL,Central,Nuwara Eliya
KALAULLASCHOOL,Central,Nuwara Eliya
KATAKANDURA SCHOOL,Central,Nuwara Eliya
MADAKANDURA SCHOOL,Central,Nuwara Eliya
RUPPE SCHOOL,Central,Nuwara Eliya
THIBBATUGODA SCHOOL,Central,Nuwara Eliya
THANNABOBIYA SCHOOL,Central,Nuwara Eliya
RANTHELANBUGAMA SCHOOL,Central,Nuwara Eliya
VALAHIDA SCHOOL,Central,Nuwara Eliya
LIHINIYAGALA SCHOOL,Central,Nuwara Eliya
KEENAGOLLA SCHOOL,Central,Nuwara Eliya
YATIMADURA SCHOOL,Central,Nuwara Eliya
T.B.M.HERATH SECONDARY SCHOOL,Central,Nuwara Eliya
SIDUHATH MAHA VIDYALAYA,Central,Nuwara Eliya
SENARATH MAHA VIDYALAYA,Central,Nuwara Eliya
RUPAHA MAAHA VIDYALAYA,Central,Nuwara Eliya
WIMALADARMA SCHOOL,Central,Nuwara Eliya
SRI DHAMMAJOTHI SCHOOL,Central,Nuwara Eliya
HARASBADDA SINGHALA VIDYALAYA,Central,Nuwara Eliya
MAHENA WAWATHANNA SCHOOL,Central,Nuwara Eliya
KOTAMBE MAHA VIDYALAYA,Central,Nuwara Eliya
MADULLA MAHA VIDYALAYA,Central,Nuwara Eliya
MANTHREETHANNA SCHOOL,Central,Nuwara Eliya
VIDYAPRADEEPA SCHOOL,Central,Nuwara Eliya
SOORIYAGAHAPATHANA VIDYALAYA,Central,Nuwara Eliya
ANBALIYADDA SCHOOL,Central,Nuwara Eliya
ANBANALLA SCHOOL,Central,Nuwara Eliya
DIGGALA SCHOOL,Central,Nuwara Eliya
GALKADAWALA SCHOOL,Central,Nuwara Eliya
HINGURUWELA SCHOOL,Central,Nuwara Eliya
MALIYADDA SCHOOL,Central,Nuwara Eliya
MORAHELA SCHOOL,Central,Nuwara Eliya
PANDITHAYAKUNBURA SCHOOL,Central,Nuwara Eliya
RATHNAYAKAPATHNA,Central,Nuwara Eliya
SAGALAPURA SCHOOL,Central,Nuwara Eliya
SAMAGIPURA VIDYALAYA,Central,Nuwara Eliya
SENARATHPURA VIDYALAYA,Central,Nuwara Eliya
MAHAKUDUGALA SINHALA SCHOOL,Central,Nuwara Eliya
TUNHITIYAWA VIDYALAYA,Central,Nuwara Eliya
HIGHLANDS C,Central,Nuwara Eliya
TALAWAKELLE T.M.V,Central,Nuwara Eliya
ST.JOHN BOSCO'S C,Central,Nuwara Eliya
SARASWATHY T.M.V.,Central,Nuwara Eliya
HOLBROOK T.M.V.,Central,Nuwara Eliya
AGARAPATANA T.M.V,Central,Nuwara Eliya
KOTAGALA T.M.V,Central,Nuwara Eliya
PANMURE T.M.V.,Central,Nuwara Eliya
WATAGODA T.M.V.,Central,Nuwara Eliya
DIMBULA T.M.V,Central,Nuwara Eliya
ABBOTSLEIGH T.M.V.,Central,Nuwara Eliya
AGRAOYA T.V,Central,Nuwara Eliya
CHRYSTLERS FARM T.V.,Central,Nuwara Eliya
DAYAGAMA T.V.,Central,Nuwara Eliya
GLENLYON T.V,Central,Nuwara Eliya
CALIDONIYA T.V.,Central,Nuwara Eliya
ST.CLAIR T.M.V.,Central,Nuwara Eliya
STONYCLIFF T.V.,Central,Nuwara Eliya
AGARAKANDE T V.,Central,Nuwara Eliya
AGRAOUVAH T.V.,Central,Nuwara Eliya
ALBION TAMIL VIDYALAYA,Central,Nuwara Eliya
ARDLAW T.V.,Central,Nuwara Eliya
GANESHA T.V.,Central,Nuwara Eliya
BINOYA NO02 T.V.,Central,Nuwara Eliya
BOGAHAWATTE T.V,Central,Nuwara Eliya
BEARWEEL T.V.,Central,Nuwara Eliya
BRAEMORE T.V.,Central,Nuwara Eliya
VIVEKALAYA T.V.,Central,Nuwara Eliya
CAROLINA T.V,Central,Nuwara Eliya
CHAMERS T.V.,Central,Nuwara Eliya
CRAIGLES T.V.,Central,Nuwara Eliya
NAMAGAL TAMIL VIDYALAYAM,Central,Nuwara Eliya
UPPER CRENLY T.V.,Central,Nuwara Eliya
DRAYTON T.V,Central,Nuwara Eliya
DAYAGAMA WEST NO1 T.V.,Central,Nuwara Eliya
DAYAGAMA EAST T.M.V,Central,Nuwara Eliya
DELL T.V.,Central,Nuwara Eliya
EAST HOLYROOD T.V,Central,Nuwara Eliya
EILDON HALL T.V,Central,Nuwara Eliya
FAIR FIELD T V,Central,Nuwara Eliya
FERHAM T.V,Central,Nuwara Eliya
GLASGOW.T.V,Central,Nuwara Eliya
GLENOMERA T.V,Central,Nuwara Eliya
HOLMWOOD T V,Central,Nuwara Eliya
KELLIWATHA T.V,Central,Nuwara Eliya
LOGIE T.V,Central,Nuwara Eliya
MAYFIELD.T.V,Central,Nuwara Eliya
"MOUNTVERNON, T, V",Central,Nuwara Eliya
MOUSAELLA T.V,Central,Nuwara Eliya
MOUNTJEAN T.V,Central,Nuwara Eliya
NUYBOURNE T.V,Central,Nuwara Eliya
PRESTON T.V,Central,Nuwara Eliya
RAHANWATTE T.V,Central,Nuwara Eliya
SHANNON T.M.V.,Central,Nuwara Eliya
SANDRINGHAM T.V,Central,Nuwara Eliya
THORNFIELD T.V.,Central,Nuwara Eliya
TROUP.T.V,Central,Nuwara Eliya
TORINGTON T.V,Central,Nuwara Eliya
ATHITHYAA T.V,Central,Nuwara Eliya
VELLAIOYA NO2 T.V,Central,Nuwara Eliya
WELLINGTON T.V,Central,Nuwara Eliya
YTHANSIDE T.M.V,Central,Nuwara Eliya
YARRAVEL T.V.,Central,Nuwara Eliya
HARRINGTON T.V,Central,Nuwara Eliya
WATAWALA T.M.V.,Central,Nuwara Eliya
BALMORAL T.V.,Central,Nuwara Eliya
LOWER CRANEY T.V,Central,Nuwara Eliya
CLYDESDALE T.V,Central,Nuwara Eliya
MALAIMAGAL T.V,Central,Nuwara Eliya
FRUITHILL T.V.,Central,Nuwara Eliya
DERRYCLARE T.V,Central,Nuwara Eliya
PATANA T.V,Central,Nuwara Eliya
YOXFORD T.V,Central,Nuwara Eliya
ST.ANDREW'S T.V,Central,Nuwara Eliya
STERLING T.V,Central,Nuwara Eliya
SAUMIYAMOORTHY THONDAMAN COLLEGE,Central,Nuwara Eliya
BARATHY MAHA VIDYALAYA,Central,Nuwara Eliya
PORTMORE T.V,Central,Nuwara Eliya
ST REGULARS T.V.,Central,Nuwara Eliya
AGRA T.V.,Central,Nuwara Eliya
STJOSEPHS COLLEGE,Central,Nuwara Eliya
ST.MARYS C.C,Central,Nuwara Eliya
HOLYROSARY MAHA VIDYALAYAM,Central,Nuwara Eliya
GANAPATHY T.M.V,Central,Nuwara Eliya
KADAWALA VICKNESHWARA C,Central,Nuwara Eliya
NORWOOD T.M.V,Central,Nuwara Eliya
DUNKELD T.V.,Central,Nuwara Eliya
MASKELIYA MUSLIM V,Central,Nuwara Eliya
NALLATHANNEER T.M.V,Central,Nuwara Eliya
BARATHI T.V,Central,Nuwara Eliya
ST JOHN DELERY T.V,Central,Nuwara Eliya
HORNSEY C (PULLIYAWATE T.M.V.),Central,Nuwara Eliya
INGESTRE T.V,Central,Nuwara Eliya
OTTERY T.V,Central,Nuwara Eliya
MOCHA WINNERS COLLEGE,Central,Nuwara Eliya
DICKOYA T.M.V.,Central,Nuwara Eliya
LUCCUMBE T.M.V.,Central,Nuwara Eliya
TIENTSIN T.V,Central,Nuwara Eliya
BLOOMFIELD T.M.V,Central,Nuwara Eliya
CARFAX C,Central,Nuwara Eliya
SINGARAWATHE T.V,Central,Nuwara Eliya
CAMPION T M.V.,Central,Nuwara Eliya
GOURAVILA T.M.V.,Central,Nuwara Eliya
ALTON T.V,Central,Nuwara Eliya
THEIVAKANDE T.V,Central,Nuwara Eliya
ANNANALE T.V,Central,Nuwara Eliya
ALDIE T.V,Central,Nuwara Eliya
ANNFIELD T.M.V,Central,Nuwara Eliya
BLACKWATER T.V,Central,Nuwara Eliya
BOGAWANTALAWA T.V,Central,Nuwara Eliya
COOLBAWN T.V,Central,Nuwara Eliya
ELBEDDE T.V.,Central,Nuwara Eliya
FAIRLAWAN T.V,Central,Nuwara Eliya
FRIEDLAND T.V,Central,Nuwara Eliya
FETTERESSO T.V,Central,Nuwara Eliya
GARTMORE T.V,Central,Nuwara Eliya
GANGEWATE T.V,Central,Nuwara Eliya
KIRKOSWALD N0 02 T V,Central,Nuwara Eliya
KENILWORH NO1 T.V,Central,Nuwara Eliya
KENIL WORTH NO-2 T.V,Central,Nuwara Eliya
KEW T V,Central,Nuwara Eliya
LOINORN T.V,Central,Nuwara Eliya
LYNSTED T.V,Central,Nuwara Eliya
LONACH T.V,Central,Nuwara Eliya
LAXAPANA NO 1 T V,Central,Nuwara Eliya
LAXAPANA NO2 T.V,Central,Nuwara Eliya
MORAY U D T V,Central,Nuwara Eliya
MORAY L D T V,Central,Nuwara Eliya
MOUSAKELLIE N01 T.V,Central,Nuwara Eliya
MOTTINGHAM T.V,Central,Nuwara Eliya
MINNA T.V,Central,Nuwara Eliya
OSBRNE,Central,Nuwara Eliya
POYSTON T.V.,Central,Nuwara Eliya
ST VIGEANS T.V,Central,Nuwara Eliya
SUMMERVILLE T.V.,Central,Nuwara Eliya
TILLYRIE T.V.,Central,Nuwara Eliya
THEBERTON T.V,Central,Nuwara Eliya
WANARAJAH UPPER DIVISION T.V,Central,Nuwara Eliya
WANARAJAH LOWER DIVISION T.V,Central,Nuwara Eliya
WARLEIGH T.V,Central,Nuwara Eliya
DARAWALA UD T.V.,Central,Nuwara Eliya
FORDYCE T.V.,Central,Nuwara Eliya
MANICKWATTA T.V,Central,Nuwara Eliya
RAGALA TAMIL SCHOOL,Central,Nuwara Eliya
LIDDESDALE TAMIL SCHOOL,Central,Nuwara Eliya
ST LENADS TAMIL SCHOOL,Central,Nuwara Eliya
HALGRANOYA SCHOOL,Central,Nuwara Eliya
DELMAR TAMIL SCHOOL,Central,Nuwara Eliya
BROOKSIDE TAMIL SCHOOL,Central,Nuwara Eliya
GLENDEVON TAMIL SCHOOL,Central,Nuwara Eliya
MAHAKUDUGALA TAMIL SCHOOL,Central,Nuwara Eliya
TULLOES TAMIL MAHA VIDYALAYA,Central,Nuwara Eliya
GORDON TAMIL SCHOOL,Central,Nuwara Eliya
AMHERST TAMIL SCHOOL,Central,Nuwara Eliya
ALNWICK T V,Central,Nuwara Eliya
BLAIRLOMOND TAMIL SCHOOL,Central,Nuwara Eliya
HIGHFOREST NO3 TV,Central,Nuwara Eliya
MEREGOLD TAMIL VIDIYALAM,Central,Nuwara Eliya
PRINCESS TAMILA MAHA VIDYALAYA,Central,Nuwara Eliya
MAHAUWA TAMIL SCHOOL,Central,Nuwara Eliya
HARASBEDDA TAMIL SCHOOL,Central,Nuwara Eliya
VIGNESVARA TAMIL MAHA VIDYALAYAS,Central,Nuwara Eliya
ROOKWOOD NO1TAMIL VIDYALAYA,Central,Nuwara Eliya
MARUTHE TAMIL VIDYALAM,Central,Nuwara Eliya
MOOLOYA TAMIL VIDYALAYA,Central,Nuwara Eliya
KABARAGALA TAMIL VIDYALAYAM,Central,Nuwara Eliya
ELAMULLA TAMIL VIDYALAYA,Central,Nuwara Eliya
LOOLCONDERA TAMIL VIDDIYALAYAM,Central,Nuwara Eliya
VIVEKANANDA TAMIL VIDYALAYAM,Central,Nuwara Eliya
ALMA GREYMANT TAMIL SCHOOL,Central,Nuwara Eliya
ALMA SEATON TAMIL SCHOOL,Central,Nuwara Eliya
SILVAKANDY TAMIL SCHOOL,Central,Nuwara Eliya
RILAMULLA TAMIL M.V.,Central,Nuwara Eliya
AL-MINHAJ N.S.,Central,Nuwara Eliya
PUNDULOYA T.M.V.,Central,Nuwara Eliya
KAHIRA MU.V.,Central,Nuwara Eliya
AL-HIDAYA MU.K.V.,Central,Nuwara Eliya
HINDU V.,Central,Nuwara Eliya
HUNUGALOYA TAMIL VIDYALAYA,Central,Nuwara Eliya
MAYMOLLY T.P.S,Central,Nuwara Eliya
VIVEGANANDA T.M.V.,Central,Nuwara Eliya
KATABOOLA TAMIL MAHA VIDYALAYA,Central,Nuwara Eliya
VIGNESHWARA T.M.V.,Central,Nuwara Eliya
WEVANDON T.K.V.,Central,Nuwara Eliya
NORTH PUNDULUOYA TAMIL VIDYALAYA,Central,Nuwara Eliya
LABUKELE T.M.V.,Central,Nuwara Eliya
KALAPUWANAM T.K.V.,Central,Nuwara Eliya
SHIVANANDA HINDU COLLAGE,Central,Nuwara Eliya
QUEENSBERRY T.V.,Central,Nuwara Eliya
NORTH MEDDEKUMBURA NO4 T.P.V.,Central,Nuwara Eliya
FROTOFT TAMIL VIDYALAYA,Central,Nuwara Eliya
DUMBAGASTHALAWA T.K.V.,Central,Nuwara Eliya
KOLAPATHNA T.P.V.,Central,Nuwara Eliya
HUNUKOTUWA T.P.V.,Central,Nuwara Eliya
HELBODDE NORTH T.V.,Central,Nuwara Eliya
DUNSINANE NO2 T.V.,Central,Nuwara Eliya
KALAIWANI T.P.V.,Central,Nuwara Eliya
SOUTH MEDDAKUMBURA NO2 T.V.,Central,Nuwara Eliya
GLENLOCH TAMIL VIDYALAYA,Central,Nuwara Eliya
SHRI SHANMUGA T.K.V.,Central,Nuwara Eliya
RUSHBROOK T.P.V.,Central,Nuwara Eliya
DUNSINANE NO.3 T.P.V.,Central,Nuwara Eliya
KATABOOLA NO2 T.P.V.,Central,Nuwara Eliya
FERLADS TAMIL VIDYALAYA,Central,Nuwara Eliya
HARROW TAMIL VIDYALAYA,Central,Nuwara Eliya
KAIPUGALA T.V.,Central,Nuwara Eliya
ST.XAVIER'S COLLEGE,Central,Nuwara Eliya
HOLY TRINITY C.C,Central,Nuwara Eliya
GOOD REST CONVENT,Central,Nuwara Eliya
METHODIST COLLEGE,Central,Nuwara Eliya
ST ANTHONY'S COLLEGE,Central,Nuwara Eliya
COURTLODGE TV,Central,Nuwara Eliya
DESSFORD T.M.V.,Central,Nuwara Eliya
CARLABECK TAMIL VIDYALAYA,Central,Nuwara Eliya
ST JOHNS TAMIL VIDYALAYA,Central,Nuwara Eliya
MARIA T.M.V,Central,Nuwara Eliya
CALSEY TAMIL VIDYALAYA,Central,Nuwara Eliya
GREAT WESTERN T.V,Central,Nuwara Eliya
ABBOTS FORD T.V,Central,Nuwara Eliya
HETHERSETT TAMIL VIDYALAYA,Central,Nuwara Eliya
RADELLA TAMIL VIDYALAYA,Central,Nuwara Eliya
WEST WARD HO T.V,Central,Nuwara Eliya
LINDULA TAMIL VIDYALAYAM,Central,Nuwara Eliya
MATTAKELLE T.V,Central,Nuwara Eliya
LAMILIERE TV,Central,Nuwara Eliya
WALTRIM T.V,Central,Nuwara Eliya
UDARADELLA TV,Central,Nuwara Eliya
GALKANTHAWATHA T.V,Central,Nuwara Eliya
PALMESTON TAMIL VIDYALAYA,Central,Nuwara Eliya
SOMERSET TAMIL VIDYALAYAM,Central,Nuwara Eliya
ELGIN.T.V,Central,Nuwara Eliya
TANGAKEELA NO 1 T.V,Central,Nuwara Eliya
CONCORDIA T.V,Central,Nuwara Eliya
GOATFELL T.V,Central,Nuwara Eliya
SUMMERHILL.T.V,Central,Nuwara Eliya
MORNINGTON T.V,Central,Nuwara Eliya
WANGIOYA NO.1 T.V,Central,Nuwara Eliya
TANGAKELLE.NO.1.T.M.V.,Central,Nuwara Eliya
TANGAKELLE NO3 TV,Central,Nuwara Eliya
OUVAKELLE NO 2T.V (SIVANI T.V),Central,Nuwara Eliya
LIPPAKELE TV,Central,Nuwara Eliya
WANGIEOYA NO 02 TV,Central,Nuwara Eliya
GLENEAGLES T.V,Central,Nuwara Eliya
PARK TV,Central,Nuwara Eliya
THISPANE T.P.V.,Central,Nuwara Eliya
EYRIE T.M.V.,Central,Nuwara Eliya
RAMANATHAN THONDAMAN T V,Central,Nuwara Eliya
BAMBARAKELLE T.V,Central,Nuwara Eliya
BELGRAVIA T.V,Central,Nuwara Eliya
GLASSAUGH T.V,Central,Nuwara Eliya
ESKADALE T.V,Central,Nuwara Eliya
PEDRO T.V,Central,Nuwara Eliya
OLIPHANT TAMIL VIDYALAYA,Central,Nuwara Eliya
MOONPLAINS TAMIL VIDYALAYA,Central,Nuwara Eliya
PORAMADULLA CENTRAL COLLAGE,Central,Nuwara Eliya
VICTIRIA NATIONAL SCHOOL,Central,Nuwara Eliya
GANGAPALATHA MAHA VIDYALAYA,Central,Nuwara Eliya
PALLEBOWALA SECONDARY SCHOOL,Central,Nuwara Eliya
DIYATHILAKA CENTRAL COLLEGE,Central,Nuwara Eliya
SIRIMAVO BANDARANAYAKE GIRLS'COLLEGE,Central,Nuwara Eliya
EKIRIYA VIDYALAYA,Central,Nuwara Eliya
UDAWATHTHA JUNIOR SCHOOL,Central,Nuwara Eliya
UNANTHENNA VIDDIYALAYA,Central,Nuwara Eliya
DIMBULKUMBURA JUNIOR SCHOOL,Central,Nuwara Eliya
PALLEGALAUDA KANISHTA VIDYALAYA,Central,Nuwara Eliya
VIDYAKARA MAHA VIDYALAYA,Central,Nuwara Eliya
BABARAGAMA PRIMARY SCHOOL,Central,Nuwara Eliya
RAHATHUNGODA MAHA VIDYALAYA,Central,Nuwara Eliya
JAYABIMA JUNIOR SCHOOL,Central,Nuwara Eliya
HANDWALAPITIYA VIDYALAYA,Central,Nuwara Eliya
HAPUWALA KANISHTA VIDIYALAYA,Central,Nuwara Eliya
HEENNAPITA PRIMARY SCHHOL,Central,Nuwara Eliya
VIDYANANDA PRIMARY SCHOOL,Central,Nuwara Eliya
KOSGAHADEBALA VIDYALAYA,Central,Nuwara Eliya
GANNEWA VIDYALAYA,Central,Nuwara Eliya
DOLUGALA PRIMARI SCHOOL,Central,Nuwara Eliya
BORAGAHAMADITHTHA PRIMARY SCHOOL,Central,Nuwara Eliya
MAKEMPE PRIMARY SCHOOL,Central,Nuwara Eliya
HANGURANKETHA C.C.COLLEGE,Central,Nuwara Eliya
DENIKE SECONDARY SCHOOL,Central,Nuwara Eliya
PADIYAPELELLA SECONDARY SCHOOL,Central,Nuwara Eliya
MATHURATA MAHA VIDYALAYA,Central,Nuwara Eliya
UDAWELA MAHA VIDYALAYA,Central,Nuwara Eliya
KATAYAPATHANA VIDYALAYA,Central,Nuwara Eliya
GONAKELE JUNIOR SCHOOL,Central,Nuwara Eliya
DEEGALAHINNA MAHA VIDDIYALAYA,Central,Nuwara Eliya
DEHIPE VIDYALAYA,Central,Nuwara Eliya
DUNUKEBEDDA VIDYALAYA,Central,Nuwara Eliya
PALLEWELA VIDYALAYA,Central,Nuwara Eliya
BOGAMUWA KANITU VIDYALAYA,Central,Nuwara Eliya
MANAKOLA VIDYALAYA,Central,Nuwara Eliya
MATIBABIYA KANISHTA VIDYALAYA,Central,Nuwara Eliya
MORAGOLLA PRIMARY SCHOOL,Central,Nuwara Eliya
WADAWALA PRIMARY SCHOOL,Central,Nuwara Eliya
WELLGIRIYA VIDIYLYA,Central,Nuwara Eliya
WILWALA VIDYALAYA,Central,Nuwara Eliya
UDAGALAUDA VIDYALAYA,Central,Nuwara Eliya
PADIYAPLELLA PRIMARY SCHOOL,Central,Nuwara Eliya
BODIMALKADA VIDYALAYA,Central,Nuwara Eliya
MANDARMNUWARA PRIMARY SCHOOL,Central,Nuwara Eliya
MARTHUWELA PRIMARY SCHOOL,Central,Nuwara Eliya
HAPPAWARA JUNIOR SCHOOL,Central,Nuwara Eliya
ROOKWOOD SINHALA VIDYALAY,Central,Nuwara Eliya
MOOLOYA SINHALA PRIMARY SCHOOL,Central,Nuwara Eliya
MAHA ELIYA T.V,Central,Nuwara Eliya
HAUTEVILLE T V,Central,Nuwara Eliya
VIVEKANANDA TAMIL SCHOOL,Central,Nuwara Eliya
THERESIA T.V,Central,Nuwara Eliya
PITTENWEEN T.V.,Central,Nuwara Eliya
BOGAWANA KILLARNEY T.V,Central,Nuwara Eliya
BONACCORD T.V,Central,Nuwara Eliya
ROBGIL T.V,Central,Nuwara Eliya
KIRKOSWALD NO 2 T.V,Central,Nuwara Eliya
QUEENSLAND T V,Central,Nuwara Eliya
DEESIDE T.V,Central,Nuwara Eliya
GLENGIE T V,Central,Nuwara Eliya
VENTURE T.V,Central,Nuwara Eliya
IREBY T.V,Central,Nuwara Eliya
NEWVALLEY T.V,Central,Nuwara Eliya
NAWALAR COLLEGE,Central,Nuwara Eliya
RAPAHANOK TAMIL SCHOOL,Central,Nuwara Eliya
ST.MARGRAT TAMIL SCHOOL,Central,Nuwara Eliya
RATHNAGIRIYA SV,Central,Nuwara Eliya
BRAMLI TAMIL SCHOOL,Central,Nuwara Eliya
DARAWELLA L.D T.V,Central,Nuwara Eliya
NEWTON T.V,Central,Nuwara Eliya
NORWOOD UPPER DIVISION T.V,Central,Nuwara Eliya
ELTOFTS T.V,Central,Nuwara Eliya
ADAMSPEAK T V,Central,Nuwara Eliya
MOUSAKELLIE NO 2 T V,Central,Nuwara Eliya
HAPPUGASTHENNE T.V,Central,Nuwara Eliya
KINCRA T.V,Central,Nuwara Eliya
LYNFORD T.V,Central,Nuwara Eliya
INVERY T.V,Central,Nuwara Eliya
MIDLOTHIYAN T.V,Central,Nuwara Eliya
HADLEY T.V,Central,Nuwara Eliya
CLEVERTON T.V,Central,Nuwara Eliya
VELAIOYA NO3 T.V,Central,Nuwara Eliya
KUILWATTE T.M.V,Central,Nuwara Eliya
BHARATHI TAMIL VIDYALAYA,Central,Nuwara Eliya
GALLALLA PRIMARY SCHOOL,Central,Nuwara Eliya
CHOISY T.P.V.,Central,Nuwara Eliya
POLWATHURA MUSLIM VIDYALAYA,Central,Nuwara Eliya
AL ARAFA M.V.,Central,Nuwara Eliya
ZAHIRA VIDYALAYA,Central,Nuwara Eliya
HEDUNUWEWA PRIMARYSCHOOL,Central,Nuwara Eliya
CONEYGAR PILLAYAR TAMIL SCHOOL,Central,Nuwara Eliya
SRIVANI T.V,Central,Nuwara Eliya
SARASWATHEE TAMIL SCHOOL,Central,Nuwara Eliya
RIKILLAGASKADA MODEL SCHOOL,Central,Nuwara Eliya
CAMBRIDGE COLLEGE,Central,Nuwara Eliya
GURAVILLA P.T.V,Central,Nuwara Eliya
KURINJI T.P.V.,Central,Nuwara Eliya
JUNIOR MODEL SCHOOL,Central,Nuwara Eliya
AMBAGAMUWA MODEL P.V.,Central,Nuwara Eliya
VIDYATHILAKA PRIMARY SCHOOL,Central,Nuwara Eliya
VIDYASEKHARA PC,Central,Nuwara Eliya
SRIMATH ANAGARIKA DHARMAPALA P.S.,Central,Nuwara Eliya
NANODA PRIMARY SCHOOL,Central,Nuwara Eliya
SIDDHARTHA PRIMARY SCHOOL,Central,Nuwara Eliya
UDAWELA PRIMARY SCHOOL,Central,Nuwara Eliya
SWARNADEEPA PRIMARY SCHOOL,Central,Nuwara Eliya
AGARAM PRIMARI SCHOOL,Central,Nuwara Eliya
VIDYAKARA MODAL P.S.,Central,Nuwara Eliya
SUMANGALA PRIMARY SCHOOL,Central,Nuwara Eliya
AN-NOOR P.V.,Central,Nuwara Eliya
SWARNAPRADEEPA PRIMARY SCHOOL,Central,Nuwara Eliya
PUSSADEWA PRIMARY SCHOOL,Central,Nuwara Eliya
MADULLA JAYODYA PRIMARY CSHOOL,Central,Nuwara Eliya
KANNANGARA PRIMARY SCHOOL,Central,Nuwara Eliya
SIRINIWASA PRIMARY SCHOOL,Central,Nuwara Eliya
RILAMULLA PRIMARY SCHOOL,Central,Nuwara Eliya
TULLOES TAMIL PRIMARY SCHOOL,Central,Nuwara Eliya
RAGALA TAMIL PRIMARY SCHOOL,Central,Nuwara Eliya
ST MARYS PRIMARY T.V,Central,Nuwara Eliya
ST JOSHEPH'S PRIMARY T V,Central,Nuwara Eliya
NALLATHANNEER PRIMARY T V,Central,Nuwara Eliya
BARATHI T.P.V.,Central,Nuwara Eliya
DAYAGAMA WEST 02 P S,Central,Nuwara Eliya
HIGH GREEN TAMIL VIDYALAYA,Central,Nuwara Eliya
NAWALAR PRIMARY SCHOOL,Central,Nuwara Eliya
HOLBROOK PRIMARY,Central,Nuwara Eliya
AGARAPATANA PRIMARY TV,Central,Nuwara Eliya
HOLY TRINITY PRIMARY COLLEGE,Central,Nuwara Eliya
ROYAL COLLEGE,Central,Nuwara Eliya
LAXAPANA MODEL P.V.,Central,Nuwara Eliya
PULIYAWATTE P.V.,Central,Nuwara Eliya
SRPADA P.V.,Central,Nuwara Eliya
LUCCOMBE PRIMARY T V,Central,Nuwara Eliya
SRI NISSANKMALLA M.P.,Central,Nuwara Eliya
ANANDA DASANAYAKA PRIMARY SCHOOL,Central,Nuwara Eliya
SHANTHA KUMARA DASSANAYAKA P.V.,Central,Nuwara Eliya
NORWOOD PRIMARY T.V,Central,Nuwara Eliya
KOTHMALGAMA P.V.,Central,Nuwara Eliya
REWATHA NATIONAL COLLEGE,Southern,Galle
SIDDHARTHA CENTRAL COLLEGE,Southern,Galle
HEGALLA MAHA VIDYALAYA,Southern,Galle
KANDEGODA MAHA VIDYALAYA,Southern,Galle
RAJAPAKSHA MAHA VIDYALAYA,Southern,Galle
SRIPATHI M.V.,Southern,Galle
AMPE K.V.,Southern,Galle
BALAPITIYA KANISHTA VIDYALAYA,Southern,Galle
HEENATIYA K.V.,Southern,Galle
KATUEILA KANISHTA VIDIYALAY,Southern,Galle
MADOOWA K.V,Southern,Galle
PATHIRAJA MAHA VIDYALAYA,Southern,Galle
RANDOMBA DAMNADA VIDIYALAYA,Southern,Galle
SIRI ABHAY7ATISSA MAHA VIDYALAYA,Southern,Galle
SIRI ABHAYA TISSA KANISHTA VIDIYALAYA,Southern,Galle
WATHURAWELA GAMINI K.V.,Southern,Galle
SRI WIMALASARA K.V,Southern,Galle
AHUNGALLA NEW MODEL SCHOOL,Southern,Galle
ALUTHWALA MAHA WIDYALAYA,Southern,Galle
BATAPOLA M.M.V.,Southern,Galle
SRI DEVANANDA COLLEGE,Southern,Galle
DHARMASHOKA COLLEGE,Southern,Galle
GRAMANI MAHA V,Southern,Galle
NINDANA M.V.,Southern,Galle
PRAJAPATHI GOTHAMI BALIKA M.V.,Southern,Galle
SARALANKARA M.V.,Southern,Galle
TELEKADA MAHA VIDYALAYA,Southern,Galle
BERATHUDUWA K.V.,Southern,Galle
GINIMELLAGAHA K.V.,Southern,Galle
SHASTHRALOKA K.V.,Southern,Galle
KIRALAGAHAWELA K.V.,Southern,Galle
KIRIBATHAWILA K.V.,Southern,Galle
MAJUWANA K.V.,Southern,Galle
SRI BUDDHADATHTHA MODEL SCHOOL,Southern,Galle
WATHURAWILA DHARMAPALA K.V.,Southern,Galle
SIRI ANOMADASSI K.V.,Southern,Galle
DORALA K.V.,Southern,Galle
WOODLAND K.V.,Southern,Galle
HALPATHOTA K.V.,Southern,Galle
SRI DARMALOKA K.V.,Southern,Galle
KAHATAPITIYA K.V.,Southern,Galle
SRI KALYANATHISSA K.V.,Southern,Galle
MEETIYAGODA K.V.,Southern,Galle
PATHANA K.V.,Southern,Galle
RONNADUWA K.V.,Southern,Galle
P.DE S.KULARATHNA M.V.,Southern,Galle
KARANDENIYA CENTRAL COLLEGE,Southern,Galle
AMPEGAMA SRI NANDASARA M.V.,Southern,Galle
YATAGALA M.V.,Southern,Galle
BANDULA SENADEERA M.V.,Southern,Galle
MADAKUMBURA MAHA VIDYALAYA,Southern,Galle
SRI VIPULASARA M.V.,Southern,Galle
AGALIYA M.V.,Southern,Galle
ETHKANDURA SEEWALEE M.V.,Southern,Galle
POLGAHAVILA DHARMARAJA M.V.,Southern,Galle
REKADAHENA SRI DAMMADASSI M.V.,Southern,Galle
WELIVITIYA M.V.,Southern,Galle
DANGAHAWILA K.V.,Southern,Galle
DIVITHURA SRI DAMMATHILAKA M.V.,Southern,Galle
GALAHENKANDA M.V.,Southern,Galle
GAM-IMA K.V.,Southern,Galle
GURUSINGHAGODA M.V.,Southern,Galle
HIPANKANDA K.V.,Southern,Galle
KIRIPEDDA K.V.,Southern,Galle
ANURUDDA K.V,Southern,Galle
MAHAGODA K.V.,Southern,Galle
MADDEWILA K.V.,Southern,Galle
MAGALA SOUTHK.V.,Southern,Galle
THANABADDEGAMA ANAGARIKA DHARMAPALA VIDYALAYA,Southern,Galle
KEKIRISKANDA K.V,Southern,Galle
LENAGALPALATHA K.V.,Southern,Galle
THALGAHAWATHTHA K.V.,Southern,Galle
WALEGURUKETIYA K.V.,Southern,Galle
YATAGALA K.V.,Southern,Galle
SIR ATHER C CLARK MODEL SCHOOL,Southern,Galle
BELIGASWELLA K.V.,Southern,Galle
EGODAWELA K.V.,Southern,Galle
GALPOTHTHAWALA K.V.,Southern,Galle
KALUWALAGODA K.V.,Southern,Galle
KARANDENIYA K.V.,Southern,Galle
KOTAWELA K.V.,Southern,Galle
MULKETIYATHOTA K.V.,Southern,Galle
PATHAWELIVITIYA K.V.,Southern,Galle
UNAGASWELA K.V,Southern,Galle
BATUKANATHTHA K.V,Southern,Galle
RANDENIGAMA K.V.,Southern,Galle
GAMINI M.M.V,Southern,Galle
ELAKAKA M.V.,Southern,Galle
GONAGALA M.V.,Southern,Galle
INDURUWA M.V.,Southern,Galle
MIRISWATHTHA M.V.,Southern,Galle
GALBADA ATHURUWALLA M.V.,Southern,Galle
RANTHOTUWILA M.V.,Southern,Galle
URAGAHA M.V.,Southern,Galle
BODHIMALUWA K.V.,Southern,Galle
DEDDUWA M.V.,Southern,Galle
DHARMAPALA K.V,Southern,Galle
HORAWALA K.V,Southern,Galle
GURUKANDA M.V.,Southern,Galle
"KAIKAWALA SRI REWATHA K, V",Southern,Galle
MAHAWILA K.V,Southern,Galle
SRI DHARMARAMA K.V,Southern,Galle
HABURUGALA DHARMARAJA K.V,Southern,Galle
HIPANWATHTHA K.V,Southern,Galle
J.D.DHARMASENA K.V.,Southern,Galle
ANANDA M.V.,Southern,Galle
AWITHTHAWA NALANDA M.V.,Southern,Galle
AMUGODA M.V.,Southern,Galle
SRI SASANCHANDRA M.V.,Southern,Galle
KAHADUWA M.V.,Southern,Galle
INDIPALGODA M.V.,Southern,Galle
NAWADAGALA M.V.,Southern,Galle
OMATHTHA M.V.,Southern,Galle
ST.MARYS M.V.,Southern,Galle
ST.THERESA B.M.V.,Southern,Galle
DELPONA GIRIMANANDA K.V.,Southern,Galle
BOGAHA PRIMERY SCHOOL,Southern,Galle
ERAMULLA K.V.,Southern,Galle
GANEGODA M.V.,Southern,Galle
KUDAGALA K.V.,Southern,Galle
PITUWALA K.V.,Southern,Galle
THALAGASPE K.V.,Southern,Galle
WALLABAGALA K.V.,Southern,Galle
WATHURAWILA K.V.,Southern,Galle
AMBANA K.V.,Southern,Galle
RATHANASIRI ROYAL COLLEGE,Southern,Galle
HIMBUTUGODA K.V.,Southern,Galle
IGLATHALAWA K.V.,Southern,Galle
IGALA SARANANKARA K.V.,Southern,Galle
IHALA OMATHTHA K.V.,Southern,Galle
METIWILIYA SRI MEDANANDA K.V.,Southern,Galle
OMATHA K.V.,Southern,Galle
ST THERESA K.V.,Southern,Galle
KATANDOLA K.V.,Southern,Galle
AWITHTHAWA NALANDA K.V.,Southern,Galle
PINIKAHAN SIRINIWASA K.V.,Southern,Galle
SHARIPUTHRA M.V.,Southern,Galle
HINIDUMA MALLIKA M.V.,Southern,Galle
NELUWA NATIONAL SCHOOL,Southern,Galle
OPATHA M.V.,Southern,Galle
VIDYARAJA NATIONAL SCHOOL,Southern,Galle
BATUWANGALA M.V.,Southern,Galle
DEWALEGAMA K.V.,Southern,Galle
HAPPITIYA K.V.,Southern,Galle
KADIHINGALA M.V.,Southern,Galle
LANKAGAMA K.V.,Southern,Galle
LELWALA GIGUMMADUWA K.V.,Southern,Galle
MAWANANA K.V.,Southern,Galle
PANANGALA MAHABODHI M.V.,Southern,Galle
THALANGALLA K.V.,Southern,Galle
WEERAPANA K.V.,Southern,Galle
BATUWANGALA WEST K.V.,Southern,Galle
DAMMALA K.V.,Southern,Galle
EPPALA K.V.,Southern,Galle
GALLANDALA K.V.,Southern,Galle
HALWITIGALA JANAPADA K.V.,Southern,Galle
HABARAKADA JANAPADA K.V.,Southern,Galle
SANTHA ANANAES K.V.,Southern,Galle
IHALA LELWALA K.V.,Southern,Galle
DELLAWA M.V.,Southern,Galle
MAVITA MODEL SCHOOL,Southern,Galle
MADAGAMA MODEL SCHOOL,Southern,Galle
MILLAWAK.V.,Southern,Galle
"OKADUHENA K, V.",Southern,Galle
PANANGALA WEST K.V.,Southern,Galle
WARUKANDENIYA K.V.,Southern,Galle
WEERAPANA JANAPADA K.V.,Southern,Galle
HABARAKADA DHARMAPALA K.V.,Southern,Galle
MANDALAPURA K.V.,Southern,Galle
NIYAGAMA VIJITHA M.M.V.,Southern,Galle
HATHTHAKA M.V.,Southern,Galle
MAPALAGAMA CENTRAL COOLLEGE,Southern,Galle
NARANOVITA PORAWAGAMA M.V.,Southern,Galle
NAGODA ROYAL NATIONAL SCHOOL,Southern,Galle
PODDIWALA M.V.,Southern,Galle
UNANVITIYA SRI REWATHA M.V.,Southern,Galle
G-YATALAMATTA M.V.,Southern,Galle
MANAMPITA RATHANASARA M.V.,Southern,Galle
WEIHENA SIRI GUNARATHANA M.V.,Southern,Galle
GODAMUNA M.V.,Southern,Galle
BAMBARAWANA K.V.,Southern,Galle
GONALAGODA WIJAYABAHU K.V.,Southern,Galle
URALA K.V.,Southern,Galle
UDAWELIVITI THALAWA M.V.,Southern,Galle
WATHTHAHENA SIRI SUCHARITHA K.V.,Southern,Galle
MAPALAGAMA SIRISUNANDA M.V.,Southern,Galle
BANGAMUKANDHA K.V.,Southern,Galle
NARANOVITA SUMANASIRI M.V.,Southern,Galle
MALAMURA K.V,Southern,Galle
G-BEMBADA K.V.,Southern,Galle
SIRI PABANKARA K.V.,Southern,Galle
VIDYADARSHA K.V.,Southern,Galle
KETAGODA.K.V,Southern,Galle
KURUPANAWA K.V.,Southern,Galle
KUBURUHENA PANGHAWASA K.V,Southern,Galle
MARTHUPITIYA K.V.,Southern,Galle
NIYAGAMA K.V.,Southern,Galle
NIYAGAMA VIJITHA K.V.,Southern,Galle
SRI PIYARATHANA K.V.,Southern,Galle
PORAWAGAMA K.V.,Southern,Galle
WANDURAMBA CENTRAL COLLEGE,Southern,Galle
BALAGODA MAHA VIDYALAYA,Southern,Galle
KEEMBIYA GAMINEE M.V.,Southern,Galle
CHRIST CHURCH BOY'S COLLEGE,Southern,Galle
CHRIST CHURCH GIRLS'COLLEGE,Southern,Galle
SIRINIWASA MAHA VIDYALAYA,Southern,Galle
SRI RATHNASARA MAHA VIDYALAYA,Southern,Galle
"SENT ANTHONY""S COLLEGE",Southern,Galle
GANEGAMA NORTH PRIMARY SCHOOL,Southern,Galle
HEMMELIYA KANISHTA VIDYALAYA,Southern,Galle
LELWALA K.V,Southern,Galle
LELWALA WICKRAMASINGHA K.V,Southern,Galle
MABOTUWANA K.V,Southern,Galle
PITADENIYA M.V.,Southern,Galle
THALAWA K.V,Southern,Galle
WELIDENIYA KANISHTA VIDYALAYA,Southern,Galle
DOLAHENA K.V,Southern,Galle
KOTAGODA K.V.,Southern,Galle
WEIHENA KANISHTA VIDYALAYA,Southern,Galle
PILAGODA KANISHTA VIDYALAYA,Southern,Galle
UDUGAMA MAHA VIDYALAYA,Southern,Galle
POLPAGODA MAHA VIDYALAYA,Southern,Galle
MAGEDARA SECONDARY SCHOOL,Southern,Galle
G/THELLAMBURA DUTUGEMUNU M.V.,Southern,Galle
GONADENIYA K.V.,Southern,Galle
IHALA THELLAMBURA VIDYAKANTHI K.V,Southern,Galle
KARAGODA DHARMARAJA K.V.,Southern,Galle
KOTTAWA KANISHTA VIDYALAYA,Southern,Galle
G/NABADAWA SRI SUMANGALA M.V.,Southern,Galle
SRI DHAMMAWASA M.V.,Southern,Galle
NEUNGALA K.V,Southern,Galle
SAMIMALE VIDYANANDA K.V.,Southern,Galle
G/SRI DHARMALANKARA M.V.,Southern,Galle
UDALAMATTA M.V.,Southern,Galle
WALPOLA GUNATHILAKA K.V.,Southern,Galle
ANNANDA VIJAYA VIDYALAYA,Southern,Galle
G/ELLA IHALA DHARMODAYA K.V.,Southern,Galle
KALUWALAGALA K.V.,Southern,Galle
MINUWANDENIYA K.V,Southern,Galle
NAWALA K.V,Southern,Galle
SRI GUNANANDA K.V.,Southern,Galle
THELLAMBURA VIJAYA K.V,Southern,Galle
UDUWELLA SHASTHRODAYA K.V.,Southern,Galle
WATHOGALAK.V.,Southern,Galle
G/WATTAHENA K.V.,Southern,Galle
G-UPPER HOMADOLA K.V.,Southern,Galle
SRI SUMANGALA M.M.V.,Southern,Galle
DEVAPATHIRAJA COLLEGE,Southern,Galle
BODHIRAJA M.V.,Southern,Galle
HENNATHOTA VIDYAWARDANA M.V.,Southern,Galle
ROHANA VIDYALAYA,Southern,Galle
SRI DHAMMASARA PIYARATHANA M.V.,Southern,Galle
MAWADAWVILA MALIYADEVA M.V.,Southern,Galle
GINTHOTA SRI MEDANKARA M.V.,Southern,Galle
MALIDUWA SHARIPUTHRA MAHA VIDYALAYA,Southern,Galle
MAHAMAYA BALIKA VIDYALAYA,Southern,Galle
BOOSA MAHA VIDYALAYA,Southern,Galle
HEGODA SOORIYA MODEL SCHOOL,Southern,Galle
SRI DEERANANDA MAHA VIDYALAYA,Southern,Galle
MALALANKARA K.V.,Southern,Galle
PATUWATHA LANKA SABA K.V.,Southern,Galle
RANAPANADENIYA K.V.,Southern,Galle
THIRANAGAMA VIDYATHILAKA V.,Southern,Galle
IMBULAGODA K.V.,Southern,Galle
YASHODARA SANGAMITTHA PRIMARY SCHOOL,Southern,Galle
GALKENINAWA THILAKA K.V.,Southern,Galle
MEDAWALA VIJAYA VIDYALAYA,Southern,Galle
NALAGASDENIYA JAYANTHI MODEL SCHOOL,Southern,Galle
SIR ERNEST MODEL PRIMARY SCHOOL,Southern,Galle
RATHGAMA SIRISUMANA K.V.,Southern,Galle
MADAMPA MADYA MAHA VIDYALAYA,Southern,Galle
WERAGODA VIJAYABA SECONDARY SCHOOL,Southern,Galle
SRI WIMALABUDDI M.V.,Southern,Galle
PERELIYA SRI JINARATHANA M.V.,Southern,Galle
THOTAGAMUWA VIJAYABAHU VIDYALAYA,Southern,Galle
KULEEGODA SUMANA VIDYALAYA,Southern,Galle
RATHANASARA MAHA VIDYALAYA,Southern,Galle
AKURALA K.V.,Southern,Galle
KUMARA KASHYAPA K.V.,Southern,Galle
KALUPE VISHAKA K.V.,Southern,Galle
GALAGODA KANITU VIDYALAYA,Southern,Galle
MALAWENNA K.V.,Southern,Galle
DIMBULDUWA VIDYARATHANA K.V.,Southern,Galle
MAHINDA COLLEGE,Southern,Galle
RICHMOND COLLEGE,Southern,Galle
RIPPON GIRLS COLLEGE,Southern,Galle
SANGHAMITHTHA BALIKA VIDYALAYA,Southern,Galle
SOUTHLAND COLLEGE,Southern,Galle
SAINT ALOYSIUS COLLEGE,Southern,Galle
SACRED HEART CONVENT,Southern,Galle
VIDYALOKA COLLEGE,Southern,Galle
JAYAWARDHANA VIDYALAYA,Southern,Galle
ETHILIGODA SUDARSHI M.V.,Southern,Galle
GINTHOTA MAHA VIDYALAYA,Southern,Galle
PIYATHISSA MODEL SCHOOL,Southern,Galle
OLCOTT MAHA VIDYALAYA,Southern,Galle
PARAMANANDA M.V.,Southern,Galle
SUDHARMA VIDYALAYA,Southern,Galle
ALLSAINT VIDDYALAYA,Southern,Galle
B.T.S.COLLEGE,Southern,Galle
GINTOTA DHARMAPALA VIDYALAYA,Southern,Galle
C W W KANNANGARA COLLEGE,Southern,Galle
UKWATTA KANISHTA VIDDYALAYA,Southern,Galle
UPANANDAVIDYALAYA,Southern,Galle
MEEPAWALA AMARASURIYA COLLEGE,Southern,Galle
NARAWALA MAHA VIDYALAYA,Southern,Galle
BATADUWA SRI RATHANAJOTHI M.V.,Southern,Galle
KALAHE SRI SUMANGALODAYA SECONDARY SCHOOL,Southern,Galle
PILANA VIDYARTHODAYA MAHA VIDYALAYA,Southern,Galle
IHALAGODA VIJAYA MAHA VIDYALAYA,Southern,Galle
DR.RICHARD PATHIRANA COLLEGE,Southern,Galle
NANDIMITHRA MAHA VIDYALAYA,Southern,Galle
THOTAGODA ATHTHA DASSI M.V.,Southern,Galle
HAPUGALA MAHA VIDYALAYA,Southern,Galle
MEEGODA SARWAMITRA PRIMARY SCHOOL,Southern,Galle
KITHULAMPITIYA ANANDA M.V.,Southern,Galle
HIYARE MAHA VIDYALAYA,Southern,Galle
AKMEEMANA MAHAVIDYALAYA,Southern,Galle
YATAGALA MALCOM VIDYALAYA,Southern,Galle
PINNADUWA JAYANTHI M.V.,Southern,Galle
ANKOKKAWALA SRI SUMANGALA M.V.,Southern,Galle
G/OPATHA RAHULA PRIMARY SCHOOL,Southern,Galle
PILANA THAKSHILA VIDYALAYA,Southern,Galle
HIYARE EAST VIDYALAYA,Southern,Galle
PANAGAMUWA AMARASINHA K.V,Southern,Galle
KALAHE GEMUNU PRIMARY COLLEGE,Southern,Galle
NIYAGAMA VIDYADARA K.V,Southern,Galle
IHALAGODA SUMANGALA MODEL SCHOOL,Southern,Galle
KETENDOLA K.V,Southern,Galle
PEDINNORUWA SARANAPALA JAYANTHI,Southern,Galle
THOTAGODA ATTADASSI K.V,Southern,Galle
IHALAGODA VIJAYA K.V.,Southern,Galle
G/HAPUGALA PRIMARY SCHOOL,Southern,Galle
HINIDUMGODA VIJAYANANDA K.V,Southern,Galle
SENAPALA SAMARASEKARA K.V,Southern,Galle
WATARAKA SRI SOBITHA K.V,Southern,Galle
BUONAVISTA COLLAGE,Southern,Galle
DORAPE SECONDARY SCHOOOL,Southern,Galle
HAWPE MAHA VIDYALAYA,Southern,Galle
KAHANDA M.V.,Southern,Galle
KATUKURUNDA DHARMIKA MAHA VIDYALAYA,Southern,Galle
LANUMODARA VIJAYA MAHA VIDYALAYA,Southern,Galle
ANGULUGAHA MAHA VIDYALAYA,Southern,Galle
HEENATIGALA SHARIPUTHRA SECONDRY SCHOOL,Southern,Galle
MIHIRIPANNA DHAMMARATHANA MAHA VIDYALAYA,Southern,Galle
UNAWATUNA MAHA VIDYALAYA,Southern,Galle
WELLETHOTA SUGATHANANDA M.V.,Southern,Galle
BEDIPITA PRIMARY SCHOOL,Southern,Galle
MARTIN WICKRAMASINGHE VIDYALAYA,Southern,Galle
MAWELLA PRIMARY SCHOOL,Southern,Galle
MEEPE AMATHAYANA PRIMARY SCHOOL,Southern,Galle
WELIKONDA SRI JEEWANANDA PRIMARY SCHOOL,Southern,Galle
PEELLAGODA SRI SUMANAJOTHI PRIMARY SCHOOL,Southern,Galle
ABHAYADANA PRIMARY SCHOOL,Southern,Galle
BUONAVISTA PRIMARY SCHOOL,Southern,Galle
HARUMALGODA EAST PRIMARY SCHOOL,Southern,Galle
HARUMALGODA WEST PRIMARY SCHOOL,Southern,Galle
PARAGODA SRI GUNARATHANA PRIMARY SCHOOL,Southern,Galle
PRINS GUNASEKARA PRIMARY SCHOOL,Southern,Galle
WATHAWANA PRIMARY SCHOOL,Southern,Galle
KATHALUWA CENTRAL COLLEGE,Southern,Galle
AHANGAMA SHARIPUTHRA COLLEGE,Southern,Galle
BATEMULLA NATIONAL SCHOOL,Southern,Galle
PANCHALIYA PRIMARY SCHOOL,Southern,Galle
DIKKUMBURA SRI SIDDHARTHA MAHA VIDYALAYA,Southern,Galle
DOMBAGODA MAHA VIDYALAYA,Southern,Galle
MAYAKADUWA SRI GUNANANDA PRIMARY SCHOOL,Southern,Galle
ROHANA MAHA VIDYALAYA,Southern,Galle
ANDUGODA PRIMARY SCHOOL,Southern,Galle
KODAGODA SRI UPATISSA PRIMARY SCHOOL,Southern,Galle
MALALGODAPITIYA SIRI SEEVALI PRIMARY SCHOOL,Southern,Galle
MEEGAHAGODA KANISHTA VIDYALAYA,Southern,Galle
NAKANDA KUMARA PRIMARY SCHOOL,Southern,Galle
GIMARA SENANAYAKA PRIMARY SCHOOL,Southern,Galle
SRI SANGARATHANA PRIMARY SCHOOL,Southern,Galle
THITHTHAGALLA ATANIKITHA K.V,Southern,Galle
WELHENGODA SRI GUNARATHANA K.V.,Southern,Galle
DIKKUBURA K.V,Southern,Galle
SRI DHARMARAMA MODEL SCHOOL,Southern,Galle
GIHAN PATHIRANA PRIMARY SCHOOL,Southern,Galle
G.V.S DE SILVA PRIMARY SCHOOL,Southern,Galle
KOMBALA PRIMARY SCHOOL,Southern,Galle
PUSWELKADA PRIMARY SCHOOL,Southern,Galle
SIRI SEELAWANSA PRIMARY SCHOOL,Southern,Galle
THITHTHAGALLA ATHTHADASSI PRIMARY SCHOOL,Southern,Galle
PELESSA SIRI WIMALASIRI VIDYALAYA,Southern,Galle
WELITHARA MUSLIM MAHA VIDYALAYA,Southern,Galle
SRI RAZIK FAREED M.V.,Southern,Galle
DIVITHURA VIVEKANANDA TAMIL K.V.,Southern,Galle
THUNDUWA MUSLIM M.V.,Southern,Galle
IGALKANDA TAMIL K.V.,Southern,Galle
G-THALGASWALA TAMIL K.V.,Southern,Galle
G/THALANGAHA SARASWATHI TAMIL VIDYALAYA,Southern,Galle
ZAHIRA COLLAGE (N.S.) - GINTOTA,Southern,Galle
MALHARSULHIYA CENTRAL COLLEGE,Southern,Galle
MUSLIM LADIES COLLEGE,Southern,Galle
USWATHUNHASANA M.V.,Southern,Galle
DADALLA AL MUBARAK VIDYALAYA,Southern,Galle
HIRIMBURA SULEYMANIYA VIDYALAYA,Southern,Galle
KANDEWATTA AL-MEERAN MAHA VIDYALAYA,Southern,Galle
AL-HAJ A.R.M.THASSIM COLLEGE,Southern,Galle
NAVINNA MUSLIM VIDYALAYA,Southern,Galle
HALIWALA MUSLIM K.V,Southern,Galle
MAMANADOLA K.V.,Southern,Galle
AMPEGAMA PRIMARY SCHOOL,Southern,Galle
POLPELAKETIYA K.V.,Southern,Galle
USBIM JANAPADA K.V.,Southern,Galle
SIRIDHAMMA COLLEGE,Southern,Galle
AKKARAVISSA K.V.,Southern,Galle
DENSIL KOBBEKADUWA K.V,Southern,Galle
DIYAKITHULKANDA K.V.,Southern,Galle
ANULADEVI BALIKA VIDYALAYA,Southern,Galle
JANADIPATHI BALIKA VIDYALAYA,Southern,Galle
MAHINDA RAJAPAKSHA K.V.,Southern,Galle
WEERAGODA VIJAYABA PRIMARY SCHOOL,Southern,Galle
G-UDUGAMA PRIMARY SCHOOL,Southern,Galle
SRI GUNANANDA PRIMARY SCHOOL,Southern,Galle
IMADUWA NALANDA PRIMARY SCHOOL,Southern,Galle
GANEGAMA ROMAN CATHOLIC SINHALA MIXED SCHOOL,Southern,Galle
GANAPINUWALA PRIMARY VIDYALAYA,Southern,Galle
ELPITIYA PRIMERY SCHOOL,Southern,Galle
AL AKSHA PRIMARY SCHOOL,Southern,Galle
NAGODA PRIMARY,Southern,Galle
SUDARAKA PRIMERY SCHOOL,Southern,Galle
KOBEIDUWA PRIMARY SCHOOL,Southern,Galle
THAWALAMA K.V.,Southern,Galle
ROYAL MODEL PRIMAY SCHOOL,Southern,Galle
MAGEDARA PRIMARY SCHOOL,Southern,Galle
DR RICHARD PATHIRANA PRIMARY SCHOOL,Southern,Galle
PITABEDDARA M.V.,Southern,Matara
MEDHANANDA K.V,Southern,Matara
HULANDAWA TAMIL M.V,Southern,Matara
DEHIGASPA DUDLY SENANAYAKA M.V.,Southern,Matara
DEHIGASPA ANAGARIKADARMAPALA K.V,Southern,Matara
DIYADAWA K.V,Southern,Matara
SIYAMBALAGODA EAST M.V.,Southern,Matara
ELAMALDENIYA K.V,Southern,Matara
HATHTHOTUWA K.V,Southern,Matara
SIYAMBALAGODA WEST PITABEDDARA,Southern,Matara
DERANGALA SUMANA K.V,Southern,Matara
DERANGALA M.V.,Southern,Matara
THALAPEKUMBURA K.V,Southern,Matara
KUDAGALAHENA K.V,Southern,Matara
DARANGALA K.V.,Southern,Matara
MORAWKA KEERTHI ABEYWICKRAMA NATIONAL SCHOOL,Southern,Matara
MORAWAKA K.V.,Southern,Matara
PORUPITIYA CHILD FRENDLY MODEL PRIMARY SCHOOL,Southern,Matara
ALAPALADENIYA M.V.,Southern,Matara
EEDADUKITHA K.V.,Southern,Matara
KALUBOVITIYANA M.V.,Southern,Matara
BANAGALA SEELARATHANA K.V.,Southern,Matara
DANGALA K.V.,Southern,Matara
RAMBUKANA KODIKARAGODA K.V.,Southern,Matara
KOSNILGODA K.V.,Southern,Matara
MORAWAKA BAUDDHA MAHA VIDYALAYA,Southern,Matara
PARAGALA K.V,Southern,Matara
KOTAPOLA N.S.,Southern,Matara
MUGUNUMULLA K.V,Southern,Matara
GODAKUMBURA K.V,Southern,Matara
ILUKPITIYA K.V,Southern,Matara
WARALLA M.D.YAPA M.V.,Southern,Matara
YATIHORAGALA K.V,Southern,Matara
UDAHORAGALA K.V,Southern,Matara
OLAKUMBURA K.V,Southern,Matara
MR/PAHALA BATANDURA K.V.,Southern,Matara
MR/THALAPALAKANDA K.V.,Southern,Matara
MR/KIRILIPANA K.V.,Southern,Matara
MR/MOLOGGAMUWA K.V.,Southern,Matara
URUBOKKA NATIONAL SCHOOL,Southern,Matara
MR/MEKILIYATHANNA K.V.,Southern,Matara
MR/KEERIPITIYA K.V.,Southern,Matara
MR/DAMPAHALA K.V.,Southern,Matara
MR/HULANKANDA K.V.,Southern,Matara
MR/GINNALIYA MAHA VIDYALAYA,Southern,Matara
MR/ALAKOLADENIYA K.V.,Southern,Matara
PUHUL HENA KANDA K.V.,Southern,Matara
PERCY ABEYWARDANA K.V.,Southern,Matara
MR/KETAWALA VIDYALAYA,Southern,Matara
BERALAPANATHARA M.V.,Southern,Matara
MR/KOONGAHADENIYA K.V.,Southern,Matara
MR/VILAYAYA K.V.,Southern,Matara
BENGAMUWA SECONDARY SCHOOL,Southern,Matara
DENIYAYA CENTRAL COLLEGE,Southern,Matara
DENIYAYA RAJAPAKSHA M.V.,Southern,Matara
DENIYAYA ST.MATTEW'S B.M.V.,Southern,Matara
HANDFORD TAMIL SECONDARY SCHOOL,Southern,Matara
KIRIWELDOL K.V,Southern,Matara
KEERIWALAGAMA K.V.,Southern,Matara
KANDILPAA K.V.,Southern,Matara
BEVERELEY TAMIL M.V.,Southern,Matara
MEDERIPITIYA K.V,Southern,Matara
PALLEGAMA SECONDARY SCHOOL,Southern,Matara
KOLAWENIGAMA M.V.,Southern,Matara
VIHARAHEN K.V,Southern,Matara
ENASELWATT TAMIL K.V,Southern,Matara
ANINGKANDA TAMIL K.V.,Southern,Matara
THELIJJAWILA CENTRAL COLLEGE,Southern,Matara
AKURUGODA K.V,Southern,Matara
AKURUGODA SENANI K.V.,Southern,Matara
THELIJJAWILA RAJAKEEYA M.V.,Southern,Matara
HORAGODA M.V.,Southern,Matara
AL-HUDHA MUSLIM K.V.,Southern,Matara
DAMPELLA M.V.,Southern,Matara
DAMPELLA K.V,Southern,Matara
KARAGODA UYANGODA MAHA VIDYALAYA,Southern,Matara
KARAGODA UYANGODA MODEL PRIMARY SCHOOL,Southern,Matara
HALLALA M.V.,Southern,Matara
KOKMADUWA .K.V,Southern,Matara
PENETIYANA SADDHATISSA K.V.,Southern,Matara
WELLANA GUNATHILAKA K.V.,Southern,Matara
KADOLGALLA K.V.,Southern,Matara
WATAGEDARAMULLA K.V.,Southern,Matara
ANNOOR M.V.,Southern,Matara
ASSAFA K.V.,Southern,Matara
UDUKAWA K.V.,Southern,Matara
ZAHIRA M.V.,Southern,Matara
KANANKE SIRI PERAKUMBA CENTRAL COLLEGE,Southern,Matara
KANANKE MODEL K.V.,Southern,Matara
MAKULUWALAHENA K.V.,Southern,Matara
PUHULAHENA GEMUNU K.V.,Southern,Matara
BATAPOTHA K.V.,Southern,Matara
NIMALAWA K.V.,Southern,Matara
GALLALA K.V.,Southern,Matara
GODAPITIYA NATIONAL SCHOOL,Southern,Matara
AKURESSA M.V.,Southern,Matara
PAHURANWILA DHARMARAJA K.V.,Southern,Matara
PARADUWA ADARSHA K.V.,Southern,Matara
HENEGAMA K.V.,Southern,Matara
PARAGAHAWATTA SAMARAPALA K.V.,Southern,Matara
IMBULGODA K.V,Southern,Matara
PORAMBA VIDYALAYA,Southern,Matara
MALIDUWA M.V.,Southern,Matara
MALIDUWA K.V,Southern,Matara
DEDIYAGALA K.V,Southern,Matara
EHALAPE VIDYARAJA M.V.,Southern,Matara
DOLAMAWATHA K.V,Southern,Matara
KOHUGODA K.V,Southern,Matara
IHALA MALIDUWA K.V.,Southern,Matara
BOPITIYA SRI WIMALAWANSHA K.V.,Southern,Matara
WELIKETIYA K.V,Southern,Matara
MR DIYALAPE K.V,Southern,Matara
MARABA MAHA VIDYALAYA,Southern,Matara
MR MARAMBA KANITU VIDYALAYA,Southern,Matara
ELLAWELA K.V.,Southern,Matara
GANHELA K.V,Southern,Matara
DIGANAHENA KANISTA VIDYALAYA,Southern,Matara
LENAMA K.V,Southern,Matara
GALHENA K.V,Southern,Matara
GODAPITIYA K.V,Southern,Matara
BALAKAWALA K.V,Southern,Matara
KANAHALAGAMA K.V.,Southern,Matara
THALAHAGAMA K.V.,Southern,Matara
SRI MEDHANKARA M.V.,Southern,Matara
WELIHENA K V,Southern,Matara
BOPAGODA K.V,Southern,Matara
BOPAGODA SUGEESHWARA M.V.,Southern,Matara
J.R.S.DE.ALMEDA.M.V.,Southern,Matara
KEHELWALA SRI SARANANDA K.V.,Southern,Matara
ATHURALIYA M.V.,Southern,Matara
ATHURALIYA SRI VIJAYA K.V,Southern,Matara
YAHAMULLA K.V,Southern,Matara
WILPITA M.V.,Southern,Matara
MR GODAPITIYA SADATH M V,Southern,Matara
NANANDENIYA M.M.V.,Southern,Matara
KAMBURUPITIYA MAHA VIDYALAYA,Southern,Matara
SAPUGODA SRI RATHANAPALA K.V.,Southern,Matara
GATHARA KANISHTA VIDYALAYA,Southern,Matara
GANETENNA UPARATHANA K.V.,Southern,Matara
GODAWA KANISHTA VIDYALAYA,Southern,Matara
THUBE K.V.,Southern,Matara
OWITIGAMUWA MAHA NVIDYALAYA,Southern,Matara
IRIYATHOTA M.V.,Southern,Matara
BIBULAWELA KANITU VIDYALAYA,Southern,Matara
UPALI WIJAYAWARDANA VIDYALAYA,Southern,Matara
IHALA VITIYALA SRI GUNARATHANA K.V.,Southern,Matara
IHALA VITIYALA S.K.V.,Southern,Matara
ULLALA MAHA VIDYALAYA,Southern,Matara
SIRI PANNALANKARA VIDYALAYA,Southern,Matara
THIHAGODA M.M.V.,Southern,Matara
THIHAGODA K.V.,Southern,Matara
KAPUDUWA K.V.,Southern,Matara
KITHALAGAMA WEST M.V.,Southern,Matara
KITHALAGAMA EAST K.V.,Southern,Matara
PALOLPITIYA M.V.,Southern,Matara
PAHALAVITIYALA K.V.,Southern,Matara
SIRI RATHANAJOTHI MAHA VIDYALAYA,Southern,Matara
SUGATHAPALA GODAWATTA K.V.,Southern,Matara
BATUVITA K.V.,Southern,Matara
YATIYANA M.V.,Southern,Matara
YATIYANA K.V.,Southern,Matara
GALBADA SRI DEWANANDA,Southern,Matara
APAREKKA M.V.,Southern,Matara
UDA APAREKKA K.V,Southern,Matara
APAREKKA MODEL SCHOOL,Southern,Matara
UGGODA K.V.,Southern,Matara
PUHULWELLA MADYA MAHA VIDYALAYA,Southern,Matara
KIRINDA MODEL PRIMARY SCHOOL VIDYALAYA,Southern,Matara
MASMULLA K.V.,Southern,Matara
KIRINDA MUSLIM K.V.,Southern,Matara
HETTIYAWALA WEST K.V.,Southern,Matara
HETTIYAWALA EAST MAHA VIDYALAYA,Southern,Matara
HEELLAKANDA K.V.,Southern,Matara
DAMMULLAGODA K.V.,Southern,Matara
WALAKANDA M.V.,Southern,Matara
DEWALAMULLA K.V.,Southern,Matara
METHODIST.M.M.V.,Southern,Matara
BUDDAJAYANTHI K.V,Southern,Matara
VEPATHAIRA GUNASEKARA M.V.,Southern,Matara
KEBILIYAPOLA K.V,Southern,Matara
KEBILIYAPOLA SRI GUNARATHANA K.V.,Southern,Matara
GANGODAGAMA JAYAWARDHANA M.V.,Southern,Matara
KOHULIYADDA K.V.,Southern,Matara
KARATOTA K.V.,Southern,Matara
KUBALGODA K.V,Southern,Matara
LALPE K.V.,Southern,Matara
UDUPEELLAGODA K.V.,Southern,Matara
KONGALA M.M.V.,Southern,Matara
KONGALA K.V.,Southern,Matara
MIDDENIGODA K.V,Southern,Matara
NARAWELPITA SOUTH CENTREL COLLEGE,Southern,Matara
ELLEWELA K.V.,Southern,Matara
KANDEGODA K.V,Southern,Matara
DENAGAMA M.V.,Southern,Matara
DENAGAMA EAST K.V.,Southern,Matara
PALLAWELA M.V,Southern,Matara
PALLAWELA BATADOLA K.V,Southern,Matara
PITAWALGAMUWA K.V,Southern,Matara
DENAGAMA VIPULASARA M.M.V,Southern,Matara
M.HENRY ARIYARATHNA M.V.,Southern,Matara
SAPUGAHAARA K.V,Southern,Matara
PANANWELA K.V.,Southern,Matara
BADABADDA M.V.,Southern,Matara
MEE-ELLA DENAGAMA SRI RATANAPALA K.V.,Southern,Matara
AL MINA MUSLIM M.V.,Southern,Matara
DEYIYANDARA NATIONAL SCHOOL,Southern,Matara
SEENIPELLA K.V,Southern,Matara
BAMUNUGAMA M.V.,Southern,Matara
RADAWELA K.V,Southern,Matara
DEWALEGAMA K.V,Southern,Matara
ATHAPATHTHUKANDA,Southern,Matara
KETIYAPE MAHA VIDYALAYA,Southern,Matara
KETIYAPE NORTH K.V,Southern,Matara
MARAMANDIYA K.V.,Southern,Matara
MAKANDURA M.M.V.,Southern,Matara
RANSEGODA NORTH K.V.,Southern,Matara
BERAGAMA K.V.,Southern,Matara
DIDDENIPOTHA M.V.,Southern,Matara
KANDURA MODEL PRIMARY SCHOOL,Southern,Matara
RANSEGODA SOUTH K.V.,Southern,Matara
BERALIATHURA K.V.,Southern,Matara
KORAMBURUWANA MAHA VIDYALAYA,Southern,Matara
PATHRAMULLA K.V,Southern,Matara
MEEPAVITA K.V.,Southern,Matara
MR/SRIMATH ANAGARIKA DHARMAPALA M.V.,Southern,Matara
MR/EHELAKANDA M.V.,Southern,Matara
GOMILA PRIMARY COLLGE,Southern,Matara
MR/PUWAKGAHAHENA K.V.,Southern,Matara
MR/ROTUMBA VIJAYABA MAHA VIDYALAYA,Southern,Matara
MR/DENKANDALIYA K.V.,Southern,Matara
MR/PANAKADUWA K.V.,Southern,Matara
MR/PASGODA M.V.,Southern,Matara
GOMBANDDALA VIJAYABA K.V.,Southern,Matara
SIDDARTHA COLLEGE,Southern,Matara
JAMBUREGODA M.V.,Southern,Matara
MIDIGAMA M.V.,Southern,Matara
IBBAWALA KANISHTHA VIDYALAYA,Southern,Matara
SRI SANGANANDA PRIMARY SCHOOL,Southern,Matara
WANIGASIRI PRIMARY SCHOOL,Southern,Matara
PALALLA K.V,Southern,Matara
BATAWALA PATHEGAMA MODEL PRIMARY SCHOOL,Southern,Matara
HEMACHANDRA GUNASEKARA K.V,Southern,Matara
JINARAJA KANISTA VIDYALAYA,Southern,Matara
DHARMARAJA PRIMARY VIDYALAYA,Southern,Matara
SRI SUMANGALA BALIKA VIDYALAYA,Southern,Matara
DENIPITIYA M M VIDYALAYA,Southern,Matara
PELENA SRI WAJIRAGNANA M.V.,Southern,Matara
POLWATHUMODARA M.V.,Southern,Matara
WARAKAPITIYA.M.V.,Southern,Matara
POLWATTA PRIMARY SCHOOL,Southern,Matara
ELUWAWALA.K.V,Southern,Matara
DENIPITIYA MODEL K.V,Southern,Matara
NIDANGALA K.V,Southern,Matara
DHARMAPALA K.V.,Southern,Matara
ARAFA CENTRAL COLLEGE,Southern,Matara
KAMBURUGAMUWA MAHA VIDYALAYA,Southern,Matara
KOTAWILA SRI RATHANAPALA M.V.,Southern,Matara
THALARAMBA SRI INDRASARA MAHA VIDYALAYA,Southern,Matara
MIRISSA M.M.VIDYALAYA,Southern,Matara
ISIPATHANA PRIMARY SCHOOL,Southern,Matara
HENWALA JAYATHISSA VIDYALAYA,Southern,Matara
SEEWALEE MODEL PRIMARY SCHOOL,Southern,Matara
GARANDUWA PRIMARY SCHOOL,Southern,Matara
DAMMASARA K.V,Southern,Matara
SULTHANAGODA M.V.,Southern,Matara
MALIMBADA SRI SUMEDA M.V.,Southern,Matara
PALATUWA GUNARATHANA MADYA MAHA VIDYALAYA,Southern,Matara
ATHTHUDAWA M.V.,Southern,Matara
ANGUNNA BADULLA K.V,Southern,Matara
MALIMBADA NORTH M.V.,Southern,Matara
GALPAMUNA K.V.,Southern,Matara
UNELLA JAYANTHI VIDYALAYA,Southern,Matara
SULTHANAGODA P.V.,Southern,Matara
RAHULA COLLEGE,Southern,Matara
SUJATHA VIDYALAYA,Southern,Matara
PAMBURANA SHARIPUTHRA M.V.,Southern,Matara
POLHENA VIDYALAYA,Southern,Matara
MATARA CENTRAL COLLEGE,Southern,Matara
MAHANAMA MAHA VIDYALAYA,Southern,Matara
WEWAHAMANDUWA WANIGASEKARA M.V.,Southern,Matara
GODAGAMA ANAGARIKA DHARMAPALA VIDYALAYA,Southern,Matara
HITTATIYA DHARMARAJA MAHA VIDYALAYA MATARA,Southern,Matara
DUDLEY SENANAYAKA VIDYALAYA,Southern,Matara
ST.THOMAS BOYS COLLEGE,Southern,Matara
ST.THOMAS GIRL'S HIGH SCH0OL,Southern,Matara
NADUGALA MAHA VIDYALAYA,Southern,Matara
NAIMBALA BANDATTARA MAHA VIDYALAYA,Southern,Matara
MATARA MODEL PRIMARY SCHOOL,Southern,Matara
UYANWATHTHA MODEL PRIMARY SCHOOL,Southern,Matara
MEDHANANDA PRIMARY SCHOOL,Southern,Matara
D.S.SENANAYAKA VIDYALAYA,Southern,Matara
OLCOTT MODEL SCHOOL,Southern,Matara
DHARUL ULOOM M.V,Southern,Matara
ST.SERVETIOUS COLLEGE,Southern,Matara
DEEYAGAHA WEST M.V.,Southern,Matara
NAVIMANA MAHARAJA MAHA VIDYALAYA,Southern,Matara
MAHAMAYA BALIKA MAHA VIDYALAYA,Southern,Matara
MR DEEYAGAHA EAST K.V.,Southern,Matara
NAWIMANA NORTH K.V.,Southern,Matara
KOTUWA JANADHIPATHI VIDYALAYA,Southern,Matara
RUWANELLA K.V.,Southern,Matara
NILWALA MODEL JUNIOR SCHOOL,Southern,Matara
ILMA COLLEGE,Southern,Matara
THALPAVILA M.M.V.,Southern,Matara
KOKAWALA CENTRAL COLLEGE,Southern,Matara
MOTAGEDARA BANDARA NAYAKA M.V.,Southern,Matara
THALPAVILA MIHINDU MODEL SCHOOL,Southern,Matara
THALPAVILA GAMUNU PRIMARY SCHOOL,Southern,Matara
KEKANADURA VIJAYABA K.V.,Southern,Matara
MOTAGEDARA PRIMARY SCHOOL,Southern,Matara
DEVINUWARA CENTRAL COLLEGE,Southern,Matara
GANDARA MAHA VIDUHALA,Southern,Matara
KAPUGAMA KANISHTA VIDYALAYA,Southern,Matara
SIRIPIYARATHANA K.V,Southern,Matara
SARANAPALA K.V,Southern,Matara
WAWWA K.V.,Southern,Matara
GANDARA MODEL PRIMARY SCHOOL,Southern,Matara
AL AZHAR K.V.,Southern,Matara
GODAUDA M.V.,Southern,Matara
THALALLA SOUTH M.V.,Southern,Matara
THALALLA NORTH DHARMAWIJAYA M.V.,Southern,Matara
BELIDENIYA M.V.,Southern,Matara
DELGALLA PRIMARY SCHOOL,Southern,Matara
NAOTUNNA MIXED K.V,Southern,Matara
NAOTUNNA SOUTH K.V.,Southern,Matara
PATHEGAMA SOUTH SIRISUMANA KANITU VIDYALAYA,Southern,Matara
MALIYADDA VIJAYA VIDYALAYA,Southern,Matara
RADAMPOLA SRI SUMANGALA CENTRAL COLLEGE,Southern,Matara
MURUTHAGASPITIYA M.V.,Southern,Matara
ARANKAHADENIYA KANITU VIDYALAYA,Southern,Matara
DANDENIYA K.V.,Southern,Matara
BODARAKANDA RATHANJOTHI K.V,Southern,Matara
MEEGASDENIYA P.V.,Southern,Matara
WEHELLA K.V.,Southern,Matara
IHALAGODA K.V,Southern,Matara
URUGAMUWA METHODISTHA VIDYALAYA,Southern,Matara
VIJITHA CENTRAL COLLEGE,Southern,Matara
DICKWELLA NORTH M.V.,Southern,Matara
KUMARATHUNGE MUNIDASA M.V.,Southern,Matara
DEMATAPITIYA M.V,Southern,Matara
BAMBARENBDA SADDARMARAJA M.V.,Southern,Matara
BATHEEGAMA M.V.,Southern,Matara
AKURUBEBILA K.V.,Southern,Matara
THALAHITIYAGODA NPARACKRAMA K.V,Southern,Matara
DODAMPAHALA VIDYALAYA,Southern,Matara
ALUTHGODA K.V,Southern,Matara
DIKWELLA METHODISTHA K.V.,Southern,Matara
MINHATH N.S. - DICKWELLA,Southern,Matara
THALAHAGAMA PRIMARY SCHOOL,Southern,Matara
ILUPPELLA PRIMARY SCHOOL,Southern,Matara
MR/BERALAPANATHARA PRIMARY SCHOOL,Southern,Matara
DIYANDARA PRIMARY SCHOOL,Southern,Matara
BENGAMUWA P.S.,Southern,Matara
WELIGAMA MUSLIM PRIMARY SCHOOL,Southern,Matara
SIDDHARTH PRIMARY SCHOOL,Southern,Matara
ATURALIYA PRIMARY SCHOOL,Southern,Matara
MAHINDA RAJAPAKSHA COLLEGE,Southern,Matara
KEERTHI SRI PRIMARY SCHOOL,Southern,Matara
LUMBINI PRIMARY SCHOOL,Southern,Matara
WALASMULLA NATIONAL SCHOOL,Southern,Hambantota
KATUWANA NATIONAL SCHOOL,Southern,Hambantota
MEDAGANGODA M.V.,Southern,Hambantota
HOREWELA MAHA VIDIYALAYA,Southern,Hambantota
KIRAMA DAMMANANDA M.V.,Southern,Hambantota
H WARAPITIYA SECONDARY SCHOOL,Southern,Hambantota
AMBAGAHAHENA MAHA VIDYALAYA,Southern,Hambantota
H/WALGAMMULLA M.V.,Southern,Hambantota
OMARA M.V.,Southern,Hambantota
BOWALA KANISTHTA VIDYALAYA,Southern,Hambantota
H/RADANIARA MAHA VIDYALAYA,Southern,Hambantota
H/AGALABADA KANISHTHA VIDYALAYA,Southern,Hambantota
H/KEKIRIOBADA M.V.,Southern,Hambantota
H HANDUGALA M.V.,Southern,Hambantota
H/EGODABEDDA MAHA VIDYALAYA,Southern,Hambantota
KONKARAHENA KANISHTA VIDYALAYA,Southern,Hambantota
KERADENIYA K.V,Southern,Hambantota
H/THALAPATH KANDA K.V.,Southern,Hambantota
H/THALWATHTHA ABHINAWA K.V.,Southern,Hambantota
H HIGURAKANDA M.V.,Southern,Hambantota
UDAGOMADIYA K.V.,Southern,Hambantota
H.GOMADIYA PRIMARY SCHOOL,Southern,Hambantota
RUKMALPITIYA K.V.,Southern,Hambantota
H.WATHUKANDA K.V,Southern,Hambantota
WALASMULLA MODEL PRIMARY SCHOOL,Southern,Hambantota
WEEDIKANDA K V,Southern,Hambantota
ALUPOTHDENIYA K.V.,Southern,Hambantota
PATHEGAMA P V,Southern,Hambantota
SRI INDARATHANA K.V.,Southern,Hambantota
SAPUTHANTHRIKANDA P.V.,Southern,Hambantota
RAMMALAKANDA P.V.,Southern,Hambantota
H/OBADAGAHADENIYA P.V,Southern,Hambantota
JINASARANA P.V.,Southern,Hambantota
DALUWAGGODA P V,Southern,Hambantota
WEERAKETIYA RAJAPAKSHA CENTTAL COLLEGE,Southern,Hambantota
MULGIRIGALA M.V.,Southern,Hambantota
MORAYAYA M.V.,Southern,Hambantota
MEEGASARA MAHA VIDYALAYA,Southern,Hambantota
PALLEJULAMPITIYA MAHA VIDYALAYA,Southern,Hambantota
MIDDENIYA MAHA VIDYALAYA,Southern,Hambantota
D.A.RAJAPAKSHA M.V.,Southern,Hambantota
RITIGAHAYAYA MAHA VIDYALAYA,Southern,Hambantota
H ATHUBODE K V,Southern,Hambantota
KEPPITIYAWA P.V.,Southern,Hambantota
MANDADUWA MAHA VIDYALAYA,Southern,Hambantota
HINGURAMULANA SRI PEMANANDA K.V.,Southern,Hambantota
ITHTHADEMALIYA MAHA WIDYALAYA,Southern,Hambantota
GONADENIYA M.V.,Southern,Hambantota
WEKANDAWALA JANAPADA M.V.,Southern,Hambantota
MURUTHWELA M.V.,Southern,Hambantota
OKANDAYAYA M.V.,Southern,Hambantota
KUDAGODA KANISHTHA VIDYALAYA,Southern,Hambantota
ULAHITIYAWA K.V.,Southern,Hambantota
HORAVINNA M.V.,Southern,Hambantota
SIYARAPITIYA M.V.,Southern,Hambantota
LABUHENGODA K.V.,Southern,Hambantota
AL AMEER MUSLIM VIDYALAYA,Southern,Hambantota
UDUKIRIWILA P.V.,Southern,Hambantota
GALHITIYA P V,Southern,Hambantota
WEERAKETIYA P.V.,Southern,Hambantota
ABAKOLAWEWA K.V.,Southern,Hambantota
RALUWA P V,Southern,Hambantota
GALPOTHTHAYAYA PRIMARY SCHOOL,Southern,Hambantota
KUDABIBULA KANISHTA VIDYALAYA,Southern,Hambantota
MIDDENIYA P V,Southern,Hambantota
KANDMADITHTHA P V,Southern,Hambantota
RATHANAJITHI P.V. (GANGULANDENIYA P.V.),Southern,Hambantota
WELIPITIYA P.V.,Southern,Hambantota
TANGALLE BOYS NATIONAL SCHOOL,Southern,Hambantota
TANGALLE BALIKA VIDYALAYA,Southern,Hambantota
KADURUPOKUNA SRI PIYADASSI M.V.,Southern,Hambantota
NETOLPITIYA GEMUNU MAHA VIDYALAYA,Southern,Hambantota
KOTAWAYA M.V.,Southern,Hambantota
UNAKURUWA K.V.,Southern,Hambantota
TANGALLE RAHULA M.V.,Southern,Hambantota
H/REKAWA JUNIOR SCOOL,Southern,Hambantota
H/PALATHUDUWA K.V.,Southern,Hambantota
H/GODAWANAGODA K.V.,Southern,Hambantota
H/THALUNNA M.V.,Southern,Hambantota
H/HAKURUWELA KANITU VIDYALAYA,Southern,Hambantota
H/UDAYALA M.V.,Southern,Hambantota
H/WAKAMULLA K.V.,Southern,Hambantota
H/ATHTHANAYALA M.V.,Southern,Hambantota
H/PATTIYAPOLA K.V,Southern,Hambantota
H/TANGALLE MUSLIM VIDDIYALAYA,Southern,Hambantota
H/KADURUPOKUNA RAJAPAKSHA PRIMAY SCHOOL,Southern,Hambantota
H/POLOMMARUWA MODEL SCHOOL,Southern,Hambantota
H/DEEPANKARA M.P.V.,Southern,Hambantota
H/MARAKOLLIYA K.V,Southern,Hambantota
H/KADURUPOKUNA PRIMARI SCHOOL,Southern,Hambantota
H/TANGALLE MODEL PRIMARI SCHOOL,Southern,Hambantota
H/KAHADAWA P;V',Southern,Hambantota
H/WIGAMUVA P.V.,Southern,Hambantota
H/KADIRAGODA RRIMARI SCHOOL,Southern,Hambantota
H/GAJANAYAKAGAMA K.V.,Southern,Hambantota
H/TANGALLE PRIMARY SCHOOL,Southern,Hambantota
H/VIJAYABA NATIONAL SCHOOL,Southern,Hambantota
H/RANNA M.V.,Southern,Hambantota
MAMADALA MAHA VIDYALAYA,Southern,Hambantota
H/THALAWA M.V.,Southern,Hambantota
H/DABARELLA M.V.,Southern,Hambantota
H/AMBALANTOTA MAHA VIDYALAYA,Southern,Hambantota
H/MAHANAGA NATIONAL SCHOOL,Southern,Hambantota
H/RATHMALWALA LAMA MITHURU P.V.,Southern,Hambantota
H/USWEWA K.V.,Southern,Hambantota
H/BATAATHA SOUTH KANISHTA VIDYALAYA,Southern,Hambantota
H/DUTUGAMUNU MAHA VIDYALAYA,Southern,Hambantota
H/WELIPATANVILA MAHA VIDYALAYA,Southern,Hambantota
H/WALWEWATHTHA MAHA VIDYALAYA,Southern,Hambantota
H/BAMINYANWILA KANISHTA VIDYALAYA,Southern,Hambantota
H/KIULA KANISHTA VIDYALAYA,Southern,Hambantota
H/DENIYA PINGAMA K.V.,Southern,Hambantota
H/MULANA MAHA VIDYALAYA,Southern,Hambantota
H/ETHBATUWA JUNIOR SCHOOL,Southern,Hambantota
H/HADAWINNA P.S.,Southern,Hambantota
H/JANDURA K.V.,Southern,Hambantota
H/GURUWALA K.V.,Southern,Hambantota
H/BINKAMA MAHA VIDYALAYA,Southern,Hambantota
H/DHARMAPALA M.V.,Southern,Hambantota
H/ABEYSEKARAGAMA M.V.,Southern,Hambantota
H/DEBOKKAWA MAHA VIDYALAYA,Southern,Hambantota
H/PAHALAGAMA K.V.,Southern,Hambantota
H/GURUGODELLA WEERASHINGHA K.V.,Southern,Hambantota
H/KAHADAMODARA K.V,Southern,Hambantota
H/KENDAKETIYA K.V.,Southern,Hambantota
H/RANNA WADIYAGODA K.V.,Southern,Hambantota
H/KANUKATIYA K.V.,Southern,Hambantota
H/BATAATHA NORTH P.S.,Southern,Hambantota
H/MAHAWELA P.V.,Southern,Hambantota
H/WEERODAGAMA P.S.,Southern,Hambantota
H/ROTAWALA K.V.,Southern,Hambantota
H/KARIYAMADITHTHA WEERASINGHA P.V.,Southern,Hambantota
H/MURAWASIHENA M.M.,Southern,Hambantota
H/GATAMANNA VIJAYA MAHA VIDYALAYA,Southern,Hambantota
H/BELIATTA MAHA VIDYALAYA,Southern,Hambantota
H/AMBALA MAHA VIDYALAYA,Southern,Hambantota
H/PALAPOTHA MAHA VIDYALAYA,Southern,Hambantota
H/KUDAHEELLA MAHA VIDYALAYA,Southern,Hambantota
H/GALAGAMA MAHA VIDYALAYA,Southern,Hambantota
H/KUDAWELLA JAYAWIKRAMA M.V.,Southern,Hambantota
H/NAKULUGAMUWA GAMINI M.V.,Southern,Hambantota
H/VITHARANDENIYA MAHA VIDYALAYA,Southern,Hambantota
GETAMANNA SOUTH MAHA VIDYALAYA,Southern,Hambantota
H/PUWAKDANDAWA DHAMMAPALA BALIKA VIDYALAYA,Southern,Hambantota
H/ARANWELA M.V.,Southern,Hambantota
H/KAMBUSSAWALA MAHA VIDYALAYA,Southern,Hambantota
H/MORAKATIARA K.V,Southern,Hambantota
H/DEDDUWAWELA KANISHTA VIDYALAYA,Southern,Hambantota
H/RAMBUKKETIYA K.V.,Southern,Hambantota
H/OVILANA KANISHTA VIDYALAYA,Southern,Hambantota
H/MEEGAHAWELA KANISHTA VIDYALAYA,Southern,Hambantota
H/MAHAHEELLA SOUTH ESHWARA KANISHTA VIDYALAYA,Southern,Hambantota
H/MAHAHEELLA KANISHTA VIDYALAYA,Southern,Hambantota
H/SITINAMALUWA KANISTA VIDYALAYA,Southern,Hambantota
H/ILUKMULLA K.V.,Southern,Hambantota
H/GETAMANNA NORTH K.V.,Southern,Hambantota
H/AMBAGASDENIYA PRIMARY SCHOOL,Southern,Hambantota
H/MIRISWATTA MUTHUMALA K.V.,Southern,Hambantota
H/HEENDELIYA KANISTA VIDYALAYA,Southern,Hambantota
H/PANGNANANDA PRIMARY SCHOOL,Southern,Hambantota
H/RAJAPAKSHA SAMOOPAKARA GAMMANA K.V.,Southern,Hambantota
H/NAKULUGAMUWA PRIMARY,Southern,Hambantota
H/SEENIMODARA.K.V,Southern,Hambantota
H/GALAGAMA PRIMARY SCHOOL,Southern,Hambantota
H/PALAPOTHA PRIMARY VIDYALAYA,Southern,Hambantota
H/AMBALA PRIMARY,Southern,Hambantota
H/NAYAKAWATHTHA RAJAPAKSHA KANISHTA VIDYALAYA,Southern,Hambantota
H/GETAMANNA SARANAPALA PRIMARY SCHOOL,Southern,Hambantota
H/NIHILUWA MAHA VIDYALAYA,Southern,Hambantota
H/KAHAWATHTHA MAHA VIDYALAYA,Southern,Hambantota
H/PALLATHTHARA MAHA VIDYALAYA,Southern,Hambantota
H/IHALA BELIGALLA MAHA VIDYALAYA,Southern,Hambantota
MODARAWANA MAHA VIDYALAYA,Southern,Hambantota
H KANUMULDENIYA NAVODYA SCHOOL,Southern,Hambantota
H/GODAWELA K.V.,Southern,Hambantota
H/DAMMULLA MODEL PRIMARY SCHOOL,Southern,Hambantota
H/ANGULMADUWA K.V.,Southern,Hambantota
H/NALAGAMA SINHALA K.V,Southern,Hambantota
H/THENAGAMA P'V,Southern,Hambantota
H/ETHGALMULLA K.V.,Southern,Hambantota
H/THARAPERIYA KANISTA VIDYALAYA,Southern,Hambantota
WADIYA SILVA K.V.,Southern,Hambantota
H BADIGAMA K.V.,Southern,Hambantota
WAWWA PRIMARY SCHOOL,Southern,Hambantota
MORAKANDEGODA SRI DHAMMADASSI PRIMARY SCHOOL,Southern,Hambantota
THALAHAGAMWADUWA SRI REWATHA PRIMARY SCHOOL,Southern,Hambantota
KANUMULDENIYA SOUTH K.V.,Southern,Hambantota
KANDEBADDA K.V.,Southern,Hambantota
NATUWALA P V,Southern,Hambantota
RAJAPURAGODA K.V.,Southern,Hambantota
UDADENIYA K.V.,Southern,Hambantota
OLUARA BANDARANAYAKE K.V.,Southern,Hambantota
H/NIHILUWA PRIMARY VIDYALAYA,Southern,Hambantota
H/PALLATHTHARA PRIMARY VIDYALAYA,Southern,Hambantota
H/IHALA BELIGALLA NEW MODEL PRIMARY VIDYALAYAIHALA,Southern,Hambantota
THIRAWALA JUNIOR SCHOOL,Southern,Hambantota
H/MALIGATHANNA PRIMARY VIDYALAYA,Southern,Hambantota
H/WAGEGODA PRIMARI SCHOOL,Southern,Hambantota
H/PATTIYAWELA PRIMARY VIDYALAYA,Southern,Hambantota
H/NALAGAMA MUSLIM V;,Southern,Hambantota
H/MAGAMA M.V.,Southern,Hambantota
H/SRI DEWANANDA MAHA VIDYALAYA,Southern,Hambantota
H/DEBARAWEWA CENTRAL SCHOOL,Southern,Hambantota
H/BUNDALA K.V,Southern,Hambantota
H/PUSTHOLAMULLA KANITU VIDYALAYA,Southern,Hambantota
H/MAHASENPURA M.V.,Southern,Hambantota
H/KAWANTHISSAPURA MAHA VIDYALAYA,Southern,Hambantota
H/OYAGAWA RANAWARANAWA K.V.,Southern,Hambantota
H/UDAMATHTHALA JUNIOR SCHOOL,Southern,Hambantota
H/SRI ROHANA K.V.,Southern,Hambantota
H/LUNUGAMWEHERA M.V.,Southern,Hambantota
H/RAJAKEEYA VIDYALAYA,Southern,Hambantota
H/DEBARAHELA ELLAGALA P.S.,Southern,Hambantota
H/GEMUNUPURA K.V,Southern,Hambantota
H/MUTHIYAMMAGAMA KANITU VIDYALAYA,Southern,Hambantota
H/THISSAMAHARAMA MAHA VIDYALAYA,Southern,Hambantota
H/WEERAVILA M.V.,Southern,Hambantota
H/MADAWELENA MAHA VIDYALAYA,Southern,Hambantota
H/UDUVILA K.V.,Southern,Hambantota
H/IKKAPALLAMA J.S,Southern,Hambantota
H/NADIGAMVILA KANITU VIDYALAYA,Southern,Hambantota
H/THELULLA JUNIOR SCHOOL,Southern,Hambantota
GAGEYAYA KANITU VIDYALAYA,Southern,Hambantota
H/ANDARAGASYAYA P.C.,Southern,Hambantota
H/AGUNUKOLAWEWA P.V.,Southern,Hambantota
H/YATALATHISSA PRIMARY SCHOOL,Southern,Hambantota
HKIRINDA MUSLIM M.V.,Southern,Hambantota
H/DEBARAWEWA K.V,Southern,Hambantota
H/KUDAGAM 03 P V,Southern,Hambantota
H/KENDAGASMANKADA P.V.,Southern,Hambantota
H/ELAGALA KANITU VIDYALAYA,Southern,Hambantota
H/BERALIHELA JUNIOR SCHOOL,Southern,Hambantota
H/ABAYAPURA K.V,Southern,Hambantota
H/KUDAGAM 10 P V,Southern,Hambantota
H/THISSAPURA JUNIOR SCHOOL,Southern,Hambantota
H/KUDAGAM 05 PRIMARI SCHOOL,Southern,Hambantota
H/SAMANPURA M.V.,Southern,Hambantota
H/BERALIHELA M.V.,Southern,Hambantota
H/KUDA GAM 01 P.V.,Southern,Hambantota
H/M.R.THASIM M .V,Southern,Hambantota
H/PALLEMATHTHALA P.V.,Southern,Hambantota
H/VIDYARTHA MAHA VIDYALAYA,Southern,Hambantota
H/MAHANAGAPURA M.V.,Southern,Hambantota
H/ABAYAPURA SURANIMALA P V,Southern,Hambantota
H/WEHERAPALESSA JUNIOR SCHOOL,Southern,Hambantota
THERAPUTHTHA N.S,Southern,Hambantota
H/ST.MARY'S COLLEGE,Southern,Hambantota
H/BADAGIRIYA MAHA VIDYALAYA,Southern,Hambantota
H/BOLANA MADYA MAHA VIDYALAYA,Southern,Hambantota
H/KOGGALLA M.V.,Southern,Hambantota
H/ ZAHIRA N.S. - HAMABANTOTA,Southern,Hambantota
H/DEHIGAHALANDA MAHA VIDYALAYA,Southern,Hambantota
H/MIRIJJAVILA MAHA VIDYALAYA,Southern,Hambantota
H/SAMODAGAMA K.V,Southern,Hambantota
H/UDAMALALA MAHA VIDYALAYA,Southern,Hambantota
H/PALLEMALALA KANISTA VIDYALAYA,Southern,Hambantota
H/GONNORUWA KANISTA VIDYALAYA,Southern,Hambantota
H/MAHAGALWEWA K.V.,Southern,Hambantota
H/MEEGAHAJANDURA M.V.,Southern,Hambantota
H/SOORIYAWEWA N.S,Southern,Hambantota
H/HABARATHTHAWALA K.V,Southern,Hambantota
H/PUNCHIHEENAYAGAMA JANANANDA P.S.,Southern,Hambantota
H/DARMATHILAKA KANISTA VIDYALAYA,Southern,Hambantota
H/SIYABALAGASWILA GHANODAYA KANISTA VIDYALAYA,Southern,Hambantota
H/MAHA ARA MAHA VIDYALAYA,Southern,Hambantota
H/BARAGAMA JANAPADA KANISTA VIDYALAYA,Southern,Hambantota
H/BARAGAMA KANISTA VIDYALAYA,Southern,Hambantota
H/KUDABOOLANA PANGNASEEHA M.V.,Southern,Hambantota
H/AL-AKBAR MAHA VIDYALAYA,Southern,Hambantota
IRERAPUTHTHA PRIMARY SCHOOL,Southern,Hambantota
Y/HAMBANTOTA VIDYALAYA,Southern,Hambantota
H/IHALAKUMBUKWEWA P.V.,Southern,Hambantota
H/WELIWEWA K.V.,Southern,Hambantota
H/GALWEWA PRIMARY SCHOOL,Southern,Hambantota
H/BEDIGAMHOTA K.V.,Southern,Hambantota
H/WIHARAGALA M.V.,Southern,Hambantota
H/HATHPORUWA K.V.,Southern,Hambantota
H.ANDARAWEWA DHARMADUTHA M.V.,Southern,Hambantota
Y/PAHALA ANDARAWEWA KANISTA VIDYALAYA,Southern,Hambantota
H/VIDYALOKA M.V.,Southern,Hambantota
Y/YAHANGALA PRIMARY SCHOOL,Southern,Hambantota
H/RANMUDUWEWA K.V,Southern,Hambantota
H/WELIGATHTHA M.V.,Southern,Hambantota
H/ATHUNADAWALA P V,Southern,Hambantota
H/SITHUMINIWALA P V,Southern,Hambantota
M0/KETHSIRIGAMA M.V.,Uva,Moneragala
H/KARABAGALMULLA K.V',Southern,Hambantota
H/GOTAIMBARAGAMA K'V,Southern,Hambantota
H/SIDDHARTHA M.V.,Southern,Hambantota
H/WAWEGAMA K.V.,Southern,Hambantota
H/NAMADAGASWEWA M.V.,Southern,Hambantota
H/WEERIYAGAMA M.V.,Southern,Hambantota
H/RANMINITHANNA KNITU VIDYALAYA,Southern,Hambantota
H/VEERAHELA K.V.,Southern,Hambantota
H/THELAMBUYAYA K.V.,Southern,Hambantota
H/WICKRAMAPURA P.S.,Southern,Hambantota
H/BADAGIRIRYA MUSLIM KANISTA VIDYALAYA,Southern,Hambantota
H/KIRINDAGAMA P.S.,Southern,Hambantota
H/WIHARAGALA 550 M.V.,Southern,Hambantota
H/SAMANALAGAMA P.S.,Southern,Hambantota
GALWADIYA K.V.,Southern,Hambantota
KATUWANA PRIMARY SCHOOL,Southern,Hambantota
WELANGAHAWELA VIJAYA PRIMARY SCHOOL,Southern,Hambantota
OSUVINNA K.V.,Southern,Hambantota
RUHUNU VIJAYABA NATIONAL COLLEGE,Southern,Hambantota
TZU-CHI NATIONAL SCHOOL,Southern,Hambantota
H/MAHINDA RAJAPAKSHA ROTARY FRIENDSHIP MODEL P.S.,Southern,Hambantota
H/RITIGAHAYAYA P.S.,Southern,Hambantota
H/KIRAMA DHAMMANNDA P.V.,Southern,Hambantota
H SRI LANKA SINGAPORE FRIENSHIP COLLAGE,Southern,Hambantota
H/IQRA PRIMARY VIDYALAYA,Southern,Hambantota
H/BELIATTA RUHUNU VIJAYABA PRIMARY SCHOOL,Southern,Hambantota
H/ALUTHWEWA P.S.,Southern,Hambantota
H/WIHARAGALA P.V.,Southern,Hambantota
H/UDAYALA PRIMARY SCHOOL,Southern,Hambantota
LUMBINI PRIMARY SCHOOL,Southern,Hambantota
MEDAMULANA PRIMARY SCHOOL,Southern,Hambantota
H/PUWAKDANDAWA PRIMARY SCHOOL,Southern,Hambantota
Y/HAMBANTOTA MUSLIM PRIMARY VIDYALAYA,Southern,Hambantota
DHARMAVIJAYA PRIMARY SCHOOL,Southern,Hambantota
Y/MAHURAPURA PRIMARY SCHOOL,Southern,Hambantota
DELFT MAHA VIDYALAYAM,Northern,Jaffna
NAINATIVU MAHA VIDYALAYAM,Northern,Jaffna
PUNGUDUTIVU MAHA VIDYALAYAM,Northern,Jaffna
PUNKUDUTIVU SRI GANESA MAHAVIDIYALAYAM,Northern,Jaffna
J PUNGUDUTIVU SRI SITHTHI VINAYAGAR MAHA VIDYALAYA,Northern,Jaffna
SAIVAPIRAGASA VIDYALAYAM,Northern,Jaffna
NAINATIVU SRI GANESA KANISTA M.V,Northern,Jaffna
KAMALAMBIKAI KANISTA MAHA VIDYALAYM,Northern,Jaffna
PUNGUDUTIVU SRI SUBRAMANIYA MAHALIR VIDYALAYAM,Northern,Jaffna
DELFT R.C LADIES COLLEGE,Northern,Jaffna
MAVILITHTHURAI R.C.T.M.VIDYALAYAM,Northern,Jaffna
SUBRAMANIYA VIDYALAYAM,Northern,Jaffna
MANKAYATKARASI VIDYALAYAM,Northern,Jaffna
SRISKANTHA VIDYALAYAM.,Northern,Jaffna
SEEKIRIYANPALLAM G.T.M. VIDYALAYAM.,Northern,Jaffna
NAINATIVU SRI NAGAPOOSHANY VIDYALAYAM,Northern,Jaffna
PUGUDUTIVU WEST A.M.T.M.V.,Northern,Jaffna
PUNGUDUTIVU RAJARAJASWARY TAMIL MIXED VIDYALAYAM,Northern,Jaffna
PUNGUDUTIVU THIRUNAVUKARASU.VIDYALAYAM.,Northern,Jaffna
J.PUNGUDUTIVU ROMAN CATHOLIC TAMIL MIXED SCHOOL,Northern,Jaffna
PUNGUDUTIVU SRI DURAISUWAMY VIDYALAYAM,Northern,Jaffna
VELANAI CENTRAL COLLEGE,Northern,Jaffna
KAYTS ST. ANTONY'S COLLEGE,Northern,Jaffna
MANDAITIVU MAHA VIDYALAYAM,Northern,Jaffna
KARAMPON SANMUKANATHA MAHA VIDYALAYAM,Northern,Jaffna
VELANAI EAST MAHA VIDYALAYAM,Northern,Jaffna
KARMPON LITTLE'S GIRLS MAHA VIDYALAYAM,Northern,Jaffna
ANALAITIVU SATHASIVA MAHA VIDYALAYAM,Northern,Jaffna
NARANTHANAI R.C.M.VIDYALAYAM,Northern,Jaffna
SARAVANAI NAGESWARY MAHA VIDYALAYAM,Northern,Jaffna
VELANAI SAIVAPRAGASA VIDYALAYAM,Northern,Jaffna
J.VELANAI SARASWATHY VID,Northern,Jaffna
J.KAYTS ST.MARY'S R.C GIRLS' VIDYALAYAM,Northern,Jaffna
ALLAIPIDDY PARASAKTHY VIDYALAYAM,Northern,Jaffna
VELANAI WEST NADARAJA VIDYALAYAM.,Northern,Jaffna
NARANTHANAI KANESHA VIDYALAYAM,Northern,Jaffna
MANDAITIVU R.C.VIDDIYALAYAM,Northern,Jaffna
ANALAITIVU SOUTH G.T.M.S.,Northern,Jaffna
ANALAITIVU VADALOOR G.T.M.VIDYALAYAM,Northern,Jaffna
SARAVANAI SINNAMADU R.C.T.M.SCHOOL,Northern,Jaffna
VELANAI SOUTH IYANAR VIDYALAYAM,Northern,Jaffna
KAYTS R.C.BOYS SCHOOL,Northern,Jaffna
J.THAMBADDY G.T.M.VIDYALAYAM,Northern,Jaffna
MANKUMBAN GOVERMENT TAMIL MIXED SCHOOL,Northern,Jaffna
SURUVIL R.C.SCHOOL,Northern,Jaffna
PARUTHTHIYADAIPU KATHIRESHANANTHA VIDYALAYAM,Northern,Jaffna
ALLAIPIDDY R.C.T.M.VIDYALAYAM,Northern,Jaffna
CHETTYPULAM G.T.M.SCHOOL,Northern,Jaffna
MELINCHIMUNAI R.C.T.M.SCHOOL,Northern,Jaffna
ELUVAITUVU MURUGAVEL VIDYALAYAM,Northern,Jaffna
ELUVAITIVU R.C.T.M. SCHOOL,Northern,Jaffna
KARAINAGAR HINDU COLLEGE,Northern,Jaffna
PANDATERUPPU GIRLS HIGH SCHOOL,Northern,Jaffna
VADDU HINDU COLLEGE,Northern,Jaffna
VICTORIA COLLEGE,Northern,Jaffna
PANDATERIPPU HINDU COLLEGE,Northern,Jaffna
YARLTON COLLEGE KARAINAGAR,Northern,Jaffna
ARALY HINDU COLLEGE,Northern,Jaffna
ARALY SARASWATHY MAHA VIDYALAYAM,Northern,Jaffna
CHANKANAI SIVAPRAGASA MV,Northern,Jaffna
PANNAGAM MEIHANDAN M.V.,Northern,Jaffna
CHULLIPURAM NORTH ARUMUGA VIDYALAYAM,Northern,Jaffna
SUNTHARAMOORTHY NAYANAR VIDYALAYAM,Northern,Jaffna
MOOLAI SAIVAPRAGASA VIDYALAYAM,Northern,Jaffna
SILLALAI R.C.T.M.SCHOOL,Northern,Jaffna
VADDU CENTRAL COLLEGE,Northern,Jaffna
VADDU THIRUNAVUKKARASU MAHA VIDYALAYAM,Northern,Jaffna
VIJAVIL SAIVA VIDYALAYAM,Northern,Jaffna
PANDATERUPPU JACINTHA R.C.T.M SCHOOL,Northern,Jaffna
ARALY EAST A.M.T.M SCHOOL,Northern,Jaffna
AARALY MURUGAMOORTHY VIDIYASALAI,Northern,Jaffna
ARALY NORTH A.M.T.M SCHOOL,Northern,Jaffna
ARALY VALLIYAMMAI MEMORIAL SCHOOL,Northern,Jaffna
CHANKANAI STATION A.M.T.M.S,Northern,Jaffna
CHANKANAI EAST VIGNESWARA VIDYASALAI,Northern,Jaffna
VADALIYADAIPPU SAIVAPIRAKASA VIDYASALAI,Northern,Jaffna
CHULIPURAM AIKIYA SANGA SAIVA VIDYALAYAM,Northern,Jaffna
CHULIPURAM EAST A.M.T.M.S,Northern,Jaffna
AYILI SIVAGNANOTHAYA VIDYALAYAM,Northern,Jaffna
KARARI MEIHANDAN VIDYALAYAM,Northern,Jaffna
KARAI URI A.M.T.M VIDYALAYAM,Northern,Jaffna
MOOLAI A.M.T.M SCHOOL,Northern,Jaffna
PALAVODAI HINDU TAMIL MIXED SCHOOL,Northern,Jaffna
PANNAKAM NORTH A.T.M.M SCHOOL,Northern,Jaffna
PILAWATHAI AMTM SCHOOL,Northern,Jaffna
PIRANPATTU KALAIMAHAL VIDYALAYAM,Northern,Jaffna
PONNALAI VARATHARAJAPERUMAL VIDYASALAI,Northern,Jaffna
SANGATATHAI SINNAMMAH VIDYASALAI,Northern,Jaffna
SANTHAI SITTAMPALAM VIDYASALAI,Northern,Jaffna
SITHANKERNY SRI GANESHA VIDYALAYAM,Northern,Jaffna
THIRUVADINILAI.S.T.M.SCHOOL,Northern,Jaffna
THOLPURAM A.M.T.M SCHOOL,Northern,Jaffna
THOLPURAM VICKNESWARA VIDYALAYAM,Northern,Jaffna
THOPPUKADU MARAIGANA SAMPANTHA VIDYASALAI,Northern,Jaffna
THUNAVI A.M.T.M.S,Northern,Jaffna
VADDU KARTHIKEYA VIDYALAYAM,Northern,Jaffna
VADDU SUBRAMANIYA VIDYASALAI,Northern,Jaffna
VADDU WEST A.M.T.SCHOOL,Northern,Jaffna
VALANTHALAI NORTH A.M.T.M SCHOOL,Northern,Jaffna
"VALANTHALAI SOUTH A, M.T.M SCHOOL",Northern,Jaffna
VERAPPIDY SRI KANESHA VIDYALAYAM,Northern,Jaffna
KADDUPPULAM G.T.M.SCHOOL,Northern,Jaffna
ILAVALAI CONVENT M.V.,Northern,Jaffna
ST.HENRYS COLLEGE,Northern,Jaffna
MAHAJANACOLLEGE,Northern,Jaffna
NADESWARA COLLEGE,Northern,Jaffna
UNION COLLEGE,Northern,Jaffna
ARUNODAYA COLLEGE,Northern,Jaffna
MALLAKAM MAHA VIDYALAYAM,Northern,Jaffna
ILAVALAI MEIHANDAN MAHA VIDYALAYAM,Northern,Jaffna
VEEMANKAMAM MAHA VIDYALAYAM,Northern,Jaffna
KANKESANTHURAI MAHA VIDYALAYAM,Northern,Jaffna
MATHAKAL STJOSEPH MAHA VIDYALAYAM,Northern,Jaffna
KADDUVANPULAM MAHA VIDYALAM,Northern,Jaffna
KEERIMALAI NAGULESWARAM MAHA VIDYALAYAM,Northern,Jaffna
PON PARAMANANTHAR MAHA VIDDYALAYAM,Northern,Jaffna
MYLIDDY NORTH KALAIMAHAM MAHA VIDYALAYAM,Northern,Jaffna
ALAVEDDY ARUNASALAM VIDYALAYAM,Northern,Jaffna
SEENANKALADDY GNANODAYA VIDYALAYAM,Northern,Jaffna
ALAVEDDY SATHANANTHA VIDYALAYAM,Northern,Jaffna
KOLLANKALADDY SAIVA TAMIL VIDYALAYAM,Northern,Jaffna
KULAMANKAL R.C VIDYALAYAM,Northern,Jaffna
MATHAGAL NUNASAI VIDYALAYAM,Northern,Jaffna
MYLIDDY R.C.T.M.S,Northern,Jaffna
PANNALAI SIRKANAGASABI G.T.M.S,Northern,Jaffna
TELLIPPALAI SAIVAPIRAKASA VIDYASALAI,Northern,Jaffna
ALAVEDDY NORTH A.M.T.M SCHOOL,Northern,Jaffna
ALAVEDDY SOUTH A.MT.M.S,Northern,Jaffna
ALAVEDDY SOUTH R.C.T.M SCHOOL,Northern,Jaffna
ILAVALAI R.C.T BOYS'SCHOOL,Northern,Jaffna
MALLAKAM VISHALADCHI VIDIYASALAI,Northern,Jaffna
MAREESANKOODAL R.C.T.M SCHOOL,Northern,Jaffna
MAREESANKOODAL SUBRAMANIYA VIDYALAYAM,Northern,Jaffna
MATHAGAL ST.THOMAS R.C GIRLS SCHOOL,Northern,Jaffna
MATHAGAL VIGNESWARA VIDYALAYAM,Northern,Jaffna
MAVIDDAPURAM SOUTH AMTM SCHOOL,Northern,Jaffna
PERIYAVILAN ROMAN CATHOLIC TAMIL MIXED SCHOOL,Northern,Jaffna
THAIYIDDY SIVAKURUNATHAR VIDDYALAYAM,Northern,Jaffna
THAIYIDDY GANESHA VIDYASALAI,Northern,Jaffna
URANI KANISTA VIDYALAYAM,Northern,Jaffna
VALITHOONDAL R.C.T.M. SCHOOL,Northern,Jaffna
VARUTHTHALAIVILAN A.M.T.M.SCHOOL,Northern,Jaffna
MAVIDDAPURAM NORTH A.M.T.M.S,Northern,Jaffna
DR.THANKAMMA APPAKUDDY KANISTA VIDYALAYAM,Northern,Jaffna
NADESWAR KANISTA VIDYALAYAM,Northern,Jaffna
THANTHAI CHELVA THODAKKA NILAIPPALLI,Northern,Jaffna
MANIPAY HINDU COLLEGE(NATIONAL SCHOOL),Northern,Jaffna
RAMANATHAN COLLEGE,Northern,Jaffna
SKANDAVAROTHAYA COLLEGE,Northern,Jaffna
MANIPAY LADIES COLLEGE,Northern,Jaffna
ERLALAI MAHA VIDYALAYAM,Northern,Jaffna
MANIPAY MEMORIAL ENGLISH SCHOOL,Northern,Jaffna
MYLANI SAIVA M.V.,Northern,Jaffna
INUVIL HINDU COLLEGE,Northern,Jaffna
INUVIL CENTRAL COLLEGE,Northern,Jaffna
NAVALY MAHA VIDYALAYAM,Northern,Jaffna
SANDILIPAY HINDU COLLEGE,Northern,Jaffna
UDUVIL MANNS MAHA VIDYALAYAM,Northern,Jaffna
KUPPILAN VIGNESWARA MAHA VIDYALAYAM,Northern,Jaffna
ANAICODDAI BALASUBRAMANIYA VIDYALAYAM,Northern,Jaffna
ANAICODDAI R.C.T.M,Northern,Jaffna
ERLALAI SAIVA MAHAJANA VIDYALAYAM,Northern,Jaffna
MANIPAY ST.ANNE'S R.C.T.M.S,Northern,Jaffna
SUTHUMALAI NORTH TAMIL MIXED VIDYALAYAM,Northern,Jaffna
THAVADY HINDU TAMIL MIXED SCHOOL,Northern,Jaffna
UDUVIL MURUGAMOORTHY VIDYASALAI,Northern,Jaffna
ERALALAI SRIMURUGAN VIDYALAYAM,Northern,Jaffna
SUTHUMALAI CHINTHMAYA BHARATHY VIDYALAYAM,Northern,Jaffna
ANAIKODDAI A.M.T.M.SCHOOL,Northern,Jaffna
CHUNNAKAM NAGESWARY VIDYASALAI,Northern,Jaffna
CHUNNAKAM R.C.T.M.S,Northern,Jaffna
EARLALAI NORTH A.M.T.M SCHOOL,Northern,Jaffna
ERLALAI ST ISIDOR R.C.T.M.S,Northern,Jaffna
ERLALAI SOUTH A.M.T.M SCHOOL,Northern,Jaffna
EALALAI WEST SAIVA SANNARKKA VIDDYASALAI,Northern,Jaffna
KADDUDAI SAIVA VIDYASALAI,Northern,Jaffna
KANDERODAI TAMIL KANDIAH VIDYASALAI,Northern,Jaffna
KODDAIKADU G.T.M.S,Northern,Jaffna
MANIPAY SOTHY VEMBADY VIDYASALAI,Northern,Jaffna
MANIPAY VIVEKANAND VIDYASALAI,Northern,Jaffna
NAVALY ATTAGIRI SAIVA VIDYASALAI,Northern,Jaffna
NAVALI SOUTH A.M.T.M.SCHOOL,Northern,Jaffna
NAVALY ST.PETERS R.C.T.M SCHOOL,Northern,Jaffna
NAVALY STATION A.M.T.M SCHOOL,Northern,Jaffna
PUTHUMADAM R.C.T.M.S,Northern,Jaffna
SANDILIPAY G.T.M.S,Northern,Jaffna
SANDILIPAY NORTH T.M.S,Northern,Jaffna
SANGUVELY GOVERNMENT TAMIL MIXED SCHOOL,Northern,Jaffna
SUTHUMALAI G.T.MS,Northern,Jaffna
CHUNNAKAM THIRUGNANA SAMPANTHAR VIDYASALAI,Northern,Jaffna
UDUVIL AMERICAN MISSION TAMIL MIXED SCHOOL,Northern,Jaffna
UDUVIL MALVATHAI R.C.T.MS,Northern,Jaffna
UDUVIL MANNS TAMIL MIXED SCHOOL,Northern,Jaffna
UYARAPPULAM GUNAPALAN VIDYALAYAM,Northern,Jaffna
VAYAVILAN CENTRAL COLLEGE,Northern,Jaffna
ATCHUVELY CENTRAL COLLEGE,Northern,Jaffna
ATTIAR HINU COLLEGE,Northern,Jaffna
IDAIKKADU MAHA VIDYALAYAM,Northern,Jaffna
KOPAY CHRISTION COLLEGE,Northern,Jaffna
KOPAY MAHA VIDYALAYAM,Northern,Jaffna
PUNNALAIKKADDUVAN MAHA VIDYALAYAM,Northern,Jaffna
SRI SOMASKANDA COLLEGE PUTTUR,Northern,Jaffna
URUMPIRAI HINDU COLLEGE,Northern,Jaffna
ATCHELU SAIVAPRAGASA VIDYALAYAM,Northern,Jaffna
ATCHUVELY SARASWATHY VIDYASALAI,Northern,Jaffna
ST.THERESA'S GIRLS' COLLEGE ATCHUVELY,Northern,Jaffna
AVARANGAL MAHAJANA VIDYALAYAM.,Northern,Jaffna
AVARANGAL NADARAJA RAMALINGA VIDYALAYAM,Northern,Jaffna
KOPAY SARAVANAPAVANANTHA VIDYALAYAM,Northern,Jaffna
J PUTHAKALADDY SRIVISHNU VIDYALAYAM,Northern,Jaffna
UERELUGANESHAVIDIYASALAI,Northern,Jaffna
URUMPIRAI SAIVA TAMIL VIDYALAYAM,Northern,Jaffna
VATHARAWATTAI VIGNESWARA VIDYALAYAM,Northern,Jaffna
ATCHELU METHODIST MISSION TAMIL MIXED SCHOOL,Northern,Jaffna
EVINAI GOVERNMENT TAMIL MIXIL SCHOOL,Northern,Jaffna
J IRUPALAI C C T M S,Northern,Jaffna
KATHIRIPPAY SUBRAMANIYA VIDYALAYAM,Northern,Jaffna
KOPAY NAVALAR TAMIL VIDYALAYAM,Northern,Jaffna
KOPAY NORTH R.C.T.M.SCHOOL,Northern,Jaffna
KOPAY SOUTH ROMAN CATHOLIC MIXED SCHOOL,Northern,Jaffna
KOPAYSOUTHKANTHAVELTAMILMIXEDSCHOOL,Northern,Jaffna
KUDDIYAPPULAM G.T.M SCHOOL,Northern,Jaffna
NAVAKKIRIA.M.T.MSCHOOL,Northern,Jaffna
NEERVELY C.CT.M.S,Northern,Jaffna
NEERVELY ROMAN CATHOLIC TAMIL MIXED SCHOOL,Northern,Jaffna
NEERVELY SOUTH H.T.M.S,Northern,Jaffna
OTTAKAPPULAM R.C.T.M.S,Northern,Jaffna
J PATHAMENY RATNESWARY VIDYALAYAM,Northern,Jaffna
PUNNALAIKADUVAN SITHYVINAYAGAR VID,Northern,Jaffna
PUNNALAIKADDUVAN H.T.M.S,Northern,Jaffna
JPUTTUR M M T M SCHOOL,Northern,Jaffna
SIRUPPIDDY GTMS,Northern,Jaffna
SIRUPPIDDY HINDU TAMIL MIXED SCHOOL,Northern,Jaffna
THOPPU ARULNANTHY VIDYALAYAM,Northern,Jaffna
URUMPIRAI SANDIROTHAY VIDYASALAI,Northern,Jaffna
URUMPIRAI.R.C.T.M.SCHOOL.,Northern,Jaffna
J VALALAI A M T M SCHOOL,Northern,Jaffna
VAYAVILAN SRI VELLUPPILLAI VIDYALAYAM,Northern,Jaffna
VAYAVILAN R.C.T.M.SCHOOL,Northern,Jaffna
PUTTUR MADIHE PANNASIHA VIDYALAYAM,Northern,Jaffna
J KARANTHAN RAMUPPILLAI VIDYALAYAM,Northern,Jaffna
NELLIADY CENTRAL COLLEGE,Northern,Jaffna
UDUPPIDDY GIRLS COLLEGE,Northern,Jaffna
J CHITHAMBARA COLLEGE,Northern,Jaffna
UDUPPIDDY AMERICAN MISSION COLLEGE,Northern,Jaffna
VIGNESWARA COLLEGE,Northern,Jaffna
GNANASARIYAR COLLEGE,Northern,Jaffna
VATHIRY SACRED HEART COLLEGE,Northern,Jaffna
"THEVARAIYALI HINDU COLLEGE, KARAVEDDY",Northern,Jaffna
VALVAI MAHALIR MAHA VIDYALAYAM,Northern,Jaffna
KARANAVAI MAHA VIDYALAYAM,Northern,Jaffna
THONDAIMANARU VEERAGATHTHIPPILLAL M.V.,Northern,Jaffna
IMAYANAN G.T.M.VIDYALAYAM,Northern,Jaffna
KADDAIVELY YARKKARU VINAYAKAR VIDYALAYAM,Northern,Jaffna
KAMPARMALAI VIDYALAYAM,Northern,Jaffna
KARANAVAI PONNAMPALA VIDYALAYAM,Northern,Jaffna
KARAVEDDY SRINARATHA VIDYALAYAM,Northern,Jaffna
POLIKANDY HINDU TAMIL MIXED SCHOOL,Northern,Jaffna
VALVAI SIVAGURU VIDYASALAI,Northern,Jaffna
VALVETTI HINDU TAMIL MIXED SCHOOL,Northern,Jaffna
KADDAIVELY M.M.T.M.SCHOOL,Northern,Jaffna
KARANAVAI MANIYAKARANTHODDAM G.T.M.SCHOOL,Northern,Jaffna
KARANAVAI THAMOTHARA VIDYALAYAM,Northern,Jaffna
KARANVAVAI VETHARANIYESWARA VIDYALAYAM,Northern,Jaffna
KARAVEDDY EAST G.T.M.SCHOOL,Northern,Jaffna
KARAVEDDY MANIKKAVASAGAR VIDYALAYAM,Northern,Jaffna
KARAVEDDY SARASWATHY MAHALIR VIDYALAYAM,Northern,Jaffna
KERUDAVIL HINDU TAMIL MIXED SCHOOL,Northern,Jaffna
KOTTAWATTAI AMTMS,Northern,Jaffna
NELLIADY M.M.T.M.SCHOOL,Northern,Jaffna
THUNNALAI KASINATHAR VIDYALAYAM,Northern,Jaffna
THUNNALAI SOUTH G.T.M.SCHOOL,Northern,Jaffna
UDUPPDDY SAIVAPRAGASA VIDYASALAI,Northern,Jaffna
VALVAI A M T M SCHOOL,Northern,Jaffna
VALVAI ROMAN CATHALIC TAMIL MIXED SCHOOL,Northern,Jaffna
VALVETTY VINAYAGAR VIDYALAYAM,Northern,Jaffna
ALVAI AMBAL VIDYALAYAM,Northern,Jaffna
ALVAI SRILANKA VIDYASALAI,Northern,Jaffna
CHEMPIANPATTU G.T.M.SCHOOL,Northern,Jaffna
KALLADDY ROMAN CATHOLIC TAMIL MIXED SCHOOL,Northern,Jaffna
KUDATHANAI G.T.M.SCHOOL,Northern,Jaffna
POINTPEDRO SITHIVINAYAGAR VIDYALAYAM,Northern,Jaffna
ST.THOMAS ROMAN CATHOLIC GIRLS SCHOOL,Northern,Jaffna
THALAIYADY R.C.T.M.SCHOOL,Northern,Jaffna
THUMPALAI SIVAPRAGASA MAHA VIDYALAYAM,Northern,Jaffna
THUNNALAI NORTH M M T M SCHOOL,Northern,Jaffna
AMPAN A.M.T.M.SCHOOL,Northern,Jaffna
CHEMPIYANPATTU R.C.T.M.SCHOOL,Northern,Jaffna
KATCOVALAM METHODIST MISSION TAMIL MIXED SCHOOL,Northern,Jaffna
KEVIL G.T.M.SCHOOL,Northern,Jaffna
PUTTALAI MAHA VIDYALAYAM,Northern,Jaffna
VADAMARADCHY HINDU GIRLS COLLEGE,Northern,Jaffna
ALVAI SINNATHAMBY VIDYALAYAM,Northern,Jaffna
MELAIPULOLY SAIVAPRAGASA VIDYALAYAM,Northern,Jaffna
PULOLY M.M.T.M.SCHOOL,Northern,Jaffna
ALVAI H.T.M.S,Northern,Jaffna
J.THAMBASIDDY M.M.T.M.SCHOOL,Northern,Jaffna
VATHIRY NORTH M.M.T.M.SCHOOL,Northern,Jaffna
HARTLEYCOLLEGE,Northern,Jaffna
METHODIST GIRLS' HIGH SCHOOL,Northern,Jaffna
NAGARKOVIL MAHA VIDYALAYAM,Northern,Jaffna
UDUTHURAI MAHA VIDYALAYAM,Northern,Jaffna
VELAUTHAM MAHA VIDIYALAYAM,Northern,Jaffna
ALVAI NORTH R.C.T.M.SCHOOL,Northern,Jaffna
KUDATHANAI KARAIYOOR A.M.T.M.SCHOOL,Northern,Jaffna
KUDATHANAI KARAIYOOR R.C.T.M.SCHOOL,Northern,Jaffna
MAMUNAI G.T.M.S,Northern,Jaffna
MANATKADU R.C.T.M.S,Northern,Jaffna
MARUTHENKERNEY H.T.M.S,Northern,Jaffna
MATHANAI MMTMS,Northern,Jaffna
NAGARKOVIL A.M.T.M.S,Northern,Jaffna
PULOLY EAST G.T.M.SCHOOL,Northern,Jaffna
THICKAM SITHYVINAYAGAR VIDYALAYAM,Northern,Jaffna
THADDATHERU M.M.T.M.SCHOOL,Northern,Jaffna
VETTILAIKERNEY PARAMESWARA VIDYALAYAM,Northern,Jaffna
KADDAIKADU R.C.T.M.S,Northern,Jaffna
VETTILAIKERNY R.C.T.M.S,Northern,Jaffna
ALIYAWALAI C.C.T.M.SCHOOL,Northern,Jaffna
DRIEBERG COLLEGE,Northern,Jaffna
CHAVAKACHCHERI HINDU COLLEGE,Northern,Jaffna
CHAVAKACHCHERI LADIES COLLEGE,Northern,Jaffna
CHANFRAPURA SKANDAVAROFAYA MAHAVIDYALAYAM,Northern,Jaffna
MEESALAI VEERASINGAM CENTRAL COLLEGE,Northern,Jaffna
NAVATKULY MAHAVIDYALAYAM,Northern,Jaffna
USAN RAMANATHAN MAHA VIDYALAYAM,Northern,Jaffna
VARANI CENTRAL COLLEGE,Northern,Jaffna
MEESALAI VIGNESWARA MAHA VIDYALAYAM,Northern,Jaffna
KODIKAMAM THIRUNAVUKKARASU CENTRAL COLLEGE,Northern,Jaffna
KAITHADY MUTHUKUMARASAMY MAHA VIDYALAYAM,Northern,Jaffna
ALLARAI GOVERNMENT TAMIL MIXED SCHOOL,Northern,Jaffna
ELUTHUMADDUVAL SRI GANESHA VIDYALAYAM,Northern,Jaffna
KACHCHAI G.T.M.S,Northern,Jaffna
KAITHADY GURUSAMY VIDYALAYAM,Northern,Jaffna
KAITHADY NUNAVIL G.T.M.S,Northern,Jaffna
KAITHADY VIGNESWARA VIDYALAYAM,Northern,Jaffna
MADDUVIL CHANDRAMOULEESA VIDYALAYAM,Northern,Jaffna
MADDUVIL KAMALASANY VIDYALAYAM,Northern,Jaffna
MADDUVIL SOUTH A.M.T.M.S,Northern,Jaffna
MADDUVIL SOUTH SARASWATHY VIDYALAYAM,Northern,Jaffna
J.MANTHUVIL SRI BARATJHY VIDYALAYAM,Northern,Jaffna
MARAVANPULO SAKALAKALAVALLO VIDYALAYAM,Northern,Jaffna
MIRUSUVIL G.T.M.S,Northern,Jaffna
NUNAVIL WEST GOVERNMENT TAMIL MIXED SCHOOL,Northern,Jaffna
SARASALAI SRIGANESHA VIDYALAYAM,Northern,Jaffna
IDAIKURICHCHI SRI SUBRAMANIYA VIDYALAYAM,Northern,Jaffna
VIDATHALPALAI KAMALASANY VIDYALAYAM,Northern,Jaffna
CHAVAKACHCHERI R.C.T.M.S,Northern,Jaffna
ELUTHUMADDUVAL G.T.M.S,Northern,Jaffna
ERUTHIDAL G.T.M.S,Northern,Jaffna
KAITHADY KALAIVANI VIDYALAYAM,Northern,Jaffna
KAITHADY SETHUKAVALAR VIDYALAAM,Northern,Jaffna
KALVAJAL SRI SHANMUGANANTHA VIDYALAYAM,Northern,Jaffna
KAITHADY NAVATKULI G.T.M.S,Northern,Jaffna
KARAMPAI A.M.T.M.S,Northern,Jaffna
KARAMPAIKKURICHCHI G.T.M.S,Northern,Jaffna
KARAMPAKAM GOVERNMENT TAMIL MIXED SCHOOL,Northern,Jaffna
KETPELY G.T.M.S,Northern,Jaffna
KOVILAKANDY MAHALUXMY VIDYALAYAM,Northern,Jaffna
KUDAMIYAN G.T.M.S,Northern,Jaffna
MADDUVIL NORTH G.T.M.S,Northern,Jaffna
MADDUVIL SANTHANAYAKI VIDYALAYAM,Northern,Jaffna
MANTHUVIL R.C.T.M.S,Northern,Jaffna
MEESALAI KAMALAMPIKAI VIDYALAYAM,Northern,Jaffna
NAVATKADU KANAPATHIPILLAI VIDYALAYAM,Northern,Jaffna
NUNAVIL EAST AMIRTHAMPIKAI VIDYALAYAM,Northern,Jaffna
POKKADDY G.T.M.S,Northern,Jaffna
POKKADDY R.C.T.M.S,Northern,Jaffna
MIRUSUVIL R.C.T.M.S,Northern,Jaffna
CHAVAKACHCHERI SAKTHIYAMMAN,Northern,Jaffna
THANANKILAPPU G.T.M.S,Northern,Jaffna
VARANY NORTH SAIVAPIRAKASA VIDYALAYAM,Northern,Jaffna
VARANY NORTH G.T.M.S,Northern,Jaffna
IYATTALAI A.M.T.M SCHOOL,Northern,Jaffna
CANAGARATNAM MADYA MAHA VIDYALAYAM,Northern,Jaffna
JAFFNA HINDU COLLEGE,Northern,Jaffna
JAFFNA HINDU LADIES' COLLEGE,Northern,Jaffna
KOKUVIL HINDU COLLEGE,Northern,Jaffna
SENGUNTHA HINDU COLLEGE,Northern,Jaffna
MUTHUTHAMBY MAHA VIDYALAYAM,Northern,Jaffna
JAFFNA HINDU LADIES;PRIMARY SCHOOL,Northern,Jaffna
ARIYALAI SRIPARWATHY VIDYASALAI,Northern,Jaffna
KANTHARMADAM SAIVAPRAGASA VID,Northern,Jaffna
KOKUVIL RAMAKRISHNA VID,Northern,Jaffna
KOKUVIL EAST NAMAGAL VIDYALAYAM,Northern,Jaffna
KOKUVIL SRI GNANAPANDITHA VIDYASALAI,Northern,Jaffna
KONDAVIL HINDU COLLEGE,Northern,Jaffna
KONDAVIL RAMAKRISHNA MAHA VIDYALAYAM,Northern,Jaffna
NALLUR HINDU TAMIL GIRLS SCHOOL,Northern,Jaffna
J NALLUR STATION C C T M SCHOOL,Northern,Jaffna
JNAYANMARKADDU MAHESWARY VIDYASALAI,Northern,Jaffna
PERIYAPULAM M.V,Northern,Jaffna
UYARAPULAM . M.M.T.M.VIDYALAYAM,Northern,Jaffna
ANAIPANTHY METHODIST MISSION VIDYALAYAM,Northern,Jaffna
JARIYALAI EAST GOVT TAMIL MIXED SCHOOL,Northern,Jaffna
J CHEDDITHERU METHODIST MISSION TAMIL MIXED SCHOOL,Northern,Jaffna
NALLUR ANANDA VIDYALAYAM,Northern,Jaffna
KALADDY M.M.T.M.SCHOOL,Northern,Jaffna
KALVIYANKADU HINDU TAMIL MIXED SCHOOL,Northern,Jaffna
KOKUVIL STATION C.C.T.M.S,Northern,Jaffna
KOKUVIL WEST C.C.T.M SCHOOL,Northern,Jaffna
KONDAVIL C.C.T.M SCHOOL,Northern,Jaffna
KONDAVIL PARANCHSOTHY VIDIYALAYAM,Northern,Jaffna
KONDAVIL ROMAN CATHOLIC TAMIL MIXED SCHOOL,Northern,Jaffna
J\NALLUR KASIPPILLAI VIDHJALAYAM,Northern,Jaffna
NALLUR ST.BENEDICT'S R.C VIDYALAYAM,Northern,Jaffna
ELAYATHAMBY HINDU VIDYALAYAM,Northern,Jaffna
THIRUNELVELY R.C.T.M.SCHOOL,Northern,Jaffna
PARAMESHWARA VID,Northern,Jaffna
VAN SRI VAITHILINGAM VIDYALAYAM,Northern,Jaffna
JAFFNAHINDU PRIMARY SCHOOL,Northern,Jaffna
KOKUVIL HINDU PRIMARY SCHOOL,Northern,Jaffna
JPOOMPUGAR GOVERMENT TAMIL MIXD SCHOOL,Northern,Jaffna
JCOLUMBUTHURAI HINDU MAHA VIDYALAYAM,Northern,Jaffna
JAFFNA CENTRAL COLLEGE,Northern,Jaffna
HOLY FAMILY CONVENT,Northern,Jaffna
KADEJA LADIES COLLEGE,Northern,Jaffna
OSMANIYA COLLEGE,Northern,Jaffna
SANMARKKA MAHA VIDYALAYAM,Northern,Jaffna
ST.CHARLES'MAHA VIDYALAYAM,Northern,Jaffna
ST JAMES MAHA VDYALAYAM,Northern,Jaffna
VAIDYESHWARA COLLEGE,Northern,Jaffna
VEMBAD GIRLS HIGH SCHOOL,Northern,Jaffna
ST JOSEPHS VIDYALAYAM,Northern,Jaffna
COLUMBUTHURAI THURAIYAPPAH VIDIYALAYAM,Northern,Jaffna
KODDADY NAMASIVAYA VIDYALAYAM,Northern,Jaffna
NALLUR SOUTH SRI VIGNESWARA VIDYALAYAM,Northern,Jaffna
NAVANTHURAI R.C VIDYALAYAM,Northern,Jaffna
JPASSAIYOORSTANTONYSRCGIRLSVIDYALAYAM,Northern,Jaffna
ST JAMES GIRLS SCHOOL,Northern,Jaffna
ST MARYS R C T M S,Northern,Jaffna
ST.JOHN BOSCO'S VIDYALAYAM,Northern,Jaffna
ST.ROCHE'S R.C VIDYALAYAM,Northern,Jaffna
VANNAI NAVALAR MAHA VIDYALAYAM,Northern,Jaffna
VADAMARADCHY CENTRAL LADIES' COLLEGE,Northern,Jaffna
CHAVAKACHCHERI HINDU PRIMARY SCHOOL,Northern,Jaffna
KODIKAMAM GOVERNMENT VIDYALAYAM,Northern,Jaffna
VIGNESWARA PRIMARY SCHOOL,Northern,Jaffna
SKANDAVARODAYA PRIMARY SCHOOL,Northern,Jaffna
J SRISOMASKANTHA HINDU PRIMARY SCHOOL,Northern,Jaffna
UDUTHURAI HINDU PRIMARY SCHOOL,Northern,Jaffna
KODIKAMAM THIRUNAVUKKARASU PRIMARY SCHOOL,Northern,Jaffna
VADAMARADCHY HINDU PRIMARY SCHOOL,Northern,Jaffna
SUBRAMANIYA VIDYASALAI,Northern,Jaffna
ATCHUVELY PRIMARY SCHOOL,Northern,Jaffna
MEESALAIVEERASINGAMPRIMARY VIDYALAYAM,Northern,Jaffna
VALI/THAVALAI SAIVATHTHAMIL VIDYALAYAM,Northern,Jaffna
VALI/CHANKANI SIVAPRAGASA HINDU PRIMARY SCHOOL,Northern,Jaffna
PUNITHANAGAR TAMIL VIDYALAYAM,Northern,Jaffna
KILINOCHCHI MADHYA MAHA VIDYALAYAM,Northern,Kilinochchi
KILINOCHCHI HINDU COLLEGE,Northern,Kilinochchi
ST.THERESA'S GIRLS' COLLEGE,Northern,Kilinochchi
KN VADDAKKACHCHI CENTRAL COLLEGE,Northern,Kilinochchi
RAMANATHAPURAM M.V.,Northern,Kilinochchi
AKKARAYAN MAHA VIDYALAYAM,Northern,Kilinochchi
URUTHIRAPURAM MAHA VIDYALAYAM,Northern,Kilinochchi
KN VANNERIKULAM MAHA VIDYALAYAM,Northern,Kilinochchi
KN IRANAITIVU R.C.T.M.S,Northern,Kilinochchi
KANAGAPURAM M.V.,Northern,Kilinochchi
MULANKAVIL MAHA VIDYALAYAM,Northern,Kilinochchi
KN NACHCHIKUDA G.T.M.SCHOOL,Northern,Kilinochchi
RAMANATHAPURAM WEST G.T.M.SCHOOL,Northern,Kilinochchi
VERAVIL HINDU MAHA VIDYALAJAM,Northern,Kilinochchi
ST.FATIMA R.C.T.M SCHOOL,Northern,Kilinochchi
THIRUVAIARU MAHA VIDYALAYAM,Northern,Kilinochchi
KILINOCHCHI MAHA VIDYALAYAM,Northern,Kilinochchi
KONAVIL M.V.,Northern,Kilinochchi
CHEMPAN KUNRU G.T.M.S,Northern,Kilinochchi
KARIYALAINAGAPADUVAN NO2 G.T.M.S,Northern,Kilinochchi
KARIYAALAI NAAGAPADUVAAN.NO.03.G.T.M.SCHOOL,Northern,Kilinochchi
KANAGAMBIKAIKULAM GTMS,Northern,Kilinochchi
KIRANCHI G.T.M.SCHOOL,Northern,Kilinochchi
KUMULAMUNAI G.T.M.S,Northern,Kilinochchi
PANNAKKANDY HINDU TAMIL MIXED SCHOOL,Northern,Kilinochchi
RAMANATHAPURAM EAST G.T.M.SCHOOL,Northern,Kilinochchi
KN SKANTHAPURAM NO1 G.T.M SCHOOL,Northern,Kilinochchi
SKANTHAPURAM NO-02 G.T.M SCHOOL,Northern,Kilinochchi
SIVANAGAR G.T.M.S,Northern,Kilinochchi
"KN VADDAKKACHCHI, SOUTH G.T.M.S",Northern,Kilinochchi
VALAIPPADU RCTM SCHOOL,Northern,Kilinochchi
PUTHUMURIPPU VIGNESWARA VIDYALAYAM,Northern,Kilinochchi
MURUGANTHA COLLEGE,Northern,Kilinochchi
PALLAI CENTRAL COLLEGE,Northern,Kilinochchi
POONAKARY CENTRAL COLLEGE,Northern,Kilinochchi
PARANTHAN HINDU MAHA VIDIYALAYAM,Northern,Kilinochchi
YAKKACHCHI G.T.M.SCHOOL,Northern,Kilinochchi
KALAVEDDETHIDAL NAGESWARA VIDYALAYAM,Northern,Kilinochchi
KANDAWALAI M.V.,Northern,Kilinochchi
MASAR GTMS,Northern,Kilinochchi
THARUMAPURAM CENTRAL COLLEGE,Northern,Kilinochchi
ALLIPPALAI CCTMS,Northern,Kilinochchi
CHELLIYATHIVU G.T.M.S,Northern,Kilinochchi
ELEPHANT PASS G.T.M.S,Northern,Kilinochchi
GNANIMADAM G T M S,Northern,Kilinochchi
KARUKKAITIVU MAHA VIDYALAYAM,Northern,Kilinochchi
KILALY R.C.T.M.SCHOOL,Northern,Kilinochchi
KOVILVAYAL C.C.T.M.SCHOOL,Northern,Kilinochchi
MADDUVILNADU G.T.M.S,Northern,Kilinochchi
MUKAMALAI R.C.T.M.S,Northern,Kilinochchi
MUHAVIL G.T.M.SCHOOL,Northern,Kilinochchi
MURASUMODDAI G.T.M SCHOOL,Northern,Kilinochchi
"ST.ANTONY, S R.C.TM.SCHOOL",Northern,Kilinochchi
PALLAI R.C.T.M SCHHOL,Northern,Kilinochchi
PARAMANKIRAI.G.T.M.SCHOOL,Northern,Kilinochchi
PARANTHAN.G.T.M.S,Northern,Kilinochchi
POONAKARY NALLUR M.V.,Northern,Kilinochchi
SAMIPULAM G.T.M.S,Northern,Kilinochchi
SOORANPATTU C.C.T SCHOOL,Northern,Kilinochchi
SORANPATTU GANESHA VIDYALAYAM,Northern,Kilinochchi
KANNAKAIAMMAN VIDYALAYAM,Northern,Kilinochchi
THARMAKERNY G.T.M.S,Northern,Kilinochchi
THARUMAPURAM NO 1 G.T.M.S,Northern,Kilinochchi
UMAYALPURAM G.T.M SCHOOL,Northern,Kilinochchi
VEMBODUKERNY C.C.T.M.S,Northern,Kilinochchi
VINASIYODAI G.T.M.S,Northern,Kilinochchi
PERIYAKULAM IYANAR VIDYALAYAM,Northern,Kilinochchi
PULIYAMPOKKANAI NAGENDRA VIDYALAYAM,Northern,Kilinochchi
JEYAPURAM.M.V.,Northern,Kilinochchi
BARATHY VIDYALAYAM,Northern,Kilinochchi
KN ANAIVILUNTHANKILAM G.T.M SCHOOL,Northern,Kilinochchi
KN OOTUPPULAM G.T.M SCHHOL,Northern,Kilinochchi
KN SIVAPATHAKALAIYAKAM G.T.M SCHOOL,Northern,Kilinochchi
MYLVAGANAPURAM.G.T.M.S,Northern,Kilinochchi
PUNNAINEERAVI G.T.M.S,Northern,Kilinochchi
PIRAMANTHANARU MAHA VIDYALAYAM,Northern,Kilinochchi
KN UNIONKULAM G.T.M.S,Northern,Kilinochchi
KN KANNAKAIPURAM G.T.M.S,Northern,Kilinochchi
KN SELVANAGAR G.T.M SCHOOL,Northern,Kilinochchi
KALMADUNAGAR G.T.M.S,Northern,Kilinochchi
KADDAIKADU G.T.M.SCHOOL,Northern,Kilinochchi
KUMARASAMYPURAM.G.T.M.S,Northern,Kilinochchi
KILINOCHCHI HINDU PRIMARY,Northern,Kilinochchi
PALLIKUDAVIDYALAYAM,Northern,Kilinochchi
IYANARPURAM G.T.M SCHOOL,Northern,Kilinochchi
SHANTHAPURAM KALAIMAHAL VIDYALAYAM,Northern,Kilinochchi
ALAGAPURI VIDYALAYAM,Northern,Kilinochchi
THAMBIRASA VIDIYALAYAM,Northern,Kilinochchi
MUKKOMPAN MAHA VIDYALAYAM,Northern,Kilinochchi
MAYAVANOOR VIDYALAYAM,Northern,Kilinochchi
POONAGARY SRI VIGNESWARA VIDYALAYAM,Northern,Kilinochchi
KALLARU TAMIL VIDYALAYAM,Northern,Kilinochchi
VIVEKANANTHA VIDYALAYAM,Northern,Kilinochchi
KILINOCHCHI CENTRAL PRIMARY VIDYALAYAM,Northern,Kilinochchi
AKKARAYAN PRIMARY VIDYALAYAM,Northern,Kilinochchi
MURUGANANTHA PRIMARY SCHOOL,Northern,Kilinochchi
MULANGAVIL PRIMARY SCHOOL,Northern,Kilinochchi
THIRUVALLUVAR VIDYALAYAM,Northern,Kilinochchi
AMBIKAI VIDYALAYAM,Northern,Kilinochchi
ANNAI SARATHADEVI VIDYALAYAM,Northern,Kilinochchi
KN PALLAI HINDU PRIMARY,Northern,Kilinochchi
KN RAMAKIRUSHNA VIDYALAYAM,Northern,Kilinochchi
KN VADDAKKACHCHI PRIMARY VIDYALAYAM,Northern,Kilinochchi
KN KONAVIL GANDHI PRIMARY VIDYALAYAM,Northern,Kilinochchi
SITHIVINAYAGAR HINDU COLLEGE,Northern,Mannar
ST.XAVIERS BOYS COLLEGE,Northern,Mannar
ST.XAVIER'S GIRLS'COLLEGE,Northern,Mannar
FATIMA MADHYA MAHA VIDYALAYAM,Northern,Mannar
ST ANNES M.M.V.,Northern,Mannar
ILAHADIPPIDY RCTMS,Northern,Mannar
UYILANKULAM R.C.T.M.S,Northern,Mannar
UYIRTHARASANKULAMR.C.T.M.S,Northern,Mannar
THALAIMANNAR PIER G.T.M.S,Northern,Mannar
ST.JOSEPH'S MAHAVIDYALAYAM. THALVUPADHU,Northern,Mannar
ST.LUCIA'S M.V.,Northern,Mannar
ST.MOTHER THERESA R.C.T.M.S,Northern,Mannar
OLAITHODUVAI R.C.T.M.S,Northern,Mannar
KADDUKKARAN KUDIYIRUPPU R.C.T.M.S,Northern,Mannar
ST.LAWRENCE R.C.T.M.S,Northern,Mannar
TALAIMANNARPIER R.C.T.M.S,Northern,Mannar
THULLUKUDIYIRUPPU RCTMSCHOOL,Northern,Mannar
NARUVILIKULAM G.T.M.S,Northern,Mannar
NOCHCHIKULAM RCTMS,Northern,Mannar
ST MARYS GIRLS VIDYALAYAM,Northern,Mannar
VANCHIYANKULAM RCTM SCHOOL,Northern,Mannar
VANNAMODDAI GTMS,Northern,Mannar
ERUKKALAMPIDDY MUSLIM MADHYA MAHA VIDYALAYA,Northern,Mannar
AL-AZHAR M.V.,Northern,Mannar
ALMINA MAHA VIDYALAYA,Northern,Mannar
ERUKKALAMPIDDY MAHALIR MAHA VIDHYALAYAM,Northern,Mannar
PUTHUKKUDIYIRUPPU .G.M.M.S,Northern,Mannar
KARISAL R.C.T.M.S,Northern,Mannar
ERUKKALAMPIDDY EAST GMMS,Northern,Mannar
SIRUTHOPPU RCTMS,Northern,Mannar
TALAIMANNAR PIER G.M.M.S,Northern,Mannar
NANATTAN M.V.,Northern,Mannar
MURUNKAN M.V.,Northern,Mannar
MUSALI NATIONAL SCHOOL,Northern,Mannar
ARIPPU R.C.T.M SCHOOL,Northern,Mannar
MARVILANKERNY R.C.T.M.S,Northern,Mannar
MULLIKULAM R.C.T.M.SCHOOL,Northern,Mannar
MODDAIKADAI G.T.M.SCHOOL,Northern,Mannar
PANDARAWELI M.M.V.,Northern,Mannar
"MARICHCHUKKADDY G, M, M, S",Northern,Mannar
VEPPANKULAM GMMS,Northern,Mannar
CHILAVATHURAI GMMS,Northern,Mannar
SOORIYAKADDAIKADUR.C.T.MS,Northern,Mannar
PUTHUVELI G M M S,Northern,Mannar
KAKKAIYANKULAM MUSLIM MAHA VIDYALAYAM,Northern,Mannar
ACHCHANKULAM G.T.M.S,Northern,Mannar
ALAWAKKAI G.T.M.S,Northern,Mannar
ISAMALAITHALVU RCTMS,Northern,Mannar
KATKIDANTHAKULAM.R.C.T.M.SCHOOL,Northern,Mannar
KOKKUPADAYAN RCTMS,Northern,Mannar
SIRUKKANDAL R.C.T.M.S,Northern,Mannar
PARIKARIKANDAL G.T.M.SCHOOL,Northern,Mannar
PERIYAKUNCHUKULAM R.C.T.M.S,Northern,Mannar
PERIYAMURIPPU G.T.M.S,Northern,Mannar
PONTHEEVUKANDAL R.C.T.M.S,Northern,Mannar
MARUTHAMADU G.T.M.S,Northern,Mannar
VALKAIPADDANKANDAL RCTMS,Northern,Mannar
AHATHTHIMURIPPU.G.M.M.S,Northern,Mannar
KARADIKULLY G.M.M.S SCHOOL,Northern,Mannar
KONDACHCHI.G.M.M.S,Northern,Mannar
PALAIKKULI G.M.M.S,Northern,Mannar
P.P.POTKERNY.G.M.M.S,Northern,Mannar
ILANTHAIMODDAI GMMS,Northern,Mannar
NOCHCHIKKULAM GMMS,Northern,Mannar
IRANAIILLUPPAIKULAM G.T.M.S,Northern,Mannar
SINNAVALAYANKADDU G.T.M.S,Northern,Mannar
VILATHIKULAM G.T.M.S,Northern,Mannar
ADAMPAN M.M.V.,Northern,Mannar
ALIGAR M.V.,Northern,Mannar
PERIYAMADHU M.V.,Northern,Mannar
SINNAPANDIVIRICHCHAN G.T.M.S,Northern,Mannar
PERIYAPANDIVIRICHCHAN M.V.,Northern,Mannar
ANDANKULAM RCTMS,Northern,Mannar
ILLUPPAIKADAVAI GTMS,Northern,Mannar
KARUNKANDAL RCTMV,Northern,Mannar
THADCHANAMARUTHAMADHU M.V.,Northern,Mannar
PARAPPANKANDAL RCTMS,Northern,Mannar
VADDAKKANDAL GTMS,Northern,Mannar
THUYA JOSEPHVAZ M.V.,Northern,Mannar
KADDAYADAMPAN R.C.T.M.S,Northern,Mannar
THIRUKKETHEESWARAM H.B.T.M.S,Northern,Mannar
ADAMPAN RCTMS,Northern,Mannar
KALLIYADDY GTMS,Northern,Mannar
KOVIKULAM GTMS,Northern,Mannar
GOWRIAMBAL G.T.M.S,Northern,Mannar
THEVANPIDDY RCTMV,Northern,Mannar
PARAPPUKADANTHAN.G.T.M.S,Northern,Mannar
PAPAMODDAI RCTMS,Northern,Mannar
PALAMPIDDY G.T.M.S,Northern,Mannar
PALAIKULY RCTMS,Northern,Mannar
PALAIYADIPPUTHUKKULAM RCTMS,Northern,Mannar
MARATHTHIKANNADDY RCTMS,Northern,Mannar
VELLANKULAM GTMS,Northern,Mannar
MARUTHONDUVAN VELAKULAM GMMS,Northern,Mannar
SORNAPURI GMMS,Northern,Mannar
MINUKKAN GMMS,Northern,Mannar
KEERISUDDAN G.T.M.S,Northern,Mannar
KOORAI GTMS,Northern,Mannar
MULLIKULAM G.T.M.S,Northern,Mannar
MALIHAIPIDDY G.T.M.S,Northern,Mannar
CHEDDIYAR KADDAYADAMPAN GTMS,Northern,Mannar
MOONRAMPIDDY GTMS,Northern,Mannar
THODDAVELI GTMS,Northern,Mannar
MADHUKKARAIG.T.M.S,Northern,Mannar
SANTHIPURAM G.T.M.S,Northern,Mannar
SAVERIYARPURAM R.C.T.M SCHOOL,Northern,Mannar
PUT/RIZWAN GMM SCHOOL,North Western,Puttalam
PUT ABDEEN GOVERNMENT MUSLIM MIX SCHOOL,North Western,Puttalam
ANSARI G M M S,North Western,Puttalam
HASBAN GMMS,North Western,Puttalam
IYOOB GMM SCHOOL,North Western,Puttalam
PUT/RISHAD BATHIUDEEN .M.V.,North Western,Puttalam
ST ANNES PRIMARY SCHOOL,Northern,Mannar
MURUNKAN PRIMARY SCHOOL,Northern,Mannar
POONOCHCHIKULAM GMMS,Northern,Mannar
PERIYAMADHU EAST GMMS,Northern,Mannar
EACHCHLAWAKKAI GTMS,Northern,Mannar
ANTHONIYAPURAM GTMS,Northern,Mannar
KAKKAYANKULAM G.M.T.M.S,Northern,Mannar
AL-MADEENA G.M.T.M.S,Northern,Mannar
PERIYAMADHU PRIMARY,Northern,Mannar
KOOLANKULAM .G.M.M.S.,Northern,Mannar
KAYAKULY R.C.T.M.S,Northern,Mannar
PERIYAPANDIVIRICHCHAN PRIMARY,Northern,Mannar
PANNAVEDDUVAN G.T.M.S,Northern,Mannar
NANATTAN PRIMARY SCHOOL,Northern,Mannar
AL RIMSA GMMS,Northern,Mannar
CARMELNAGAR R C T M S,Northern,Mannar
ZAM RIFAY MUSLIM VIDYALAYAM,Northern,Mannar
THEVANPIDDY PRIMARY SCHOOL,Northern,Mannar
IKRA PRIMARY SCHOOL,Northern,Mannar
AL JASSIM MAHA VIDYALAYAM,Northern,Mannar
ZAHIRA G.M.M.S,Northern,Mannar
"HUNAIS FAROOK G, M, M SCHOOL",Northern,Mannar
BATHIUDEEN.GMMS,Northern,Mannar
AL-FAJR G.M.M.S.,Northern,Mannar
ALAWDEENGMMSCHOOL,Northern,Mannar
THAMPANAIKULAM G.T.M.S,Northern,Mannar
POOMALARNTHAN PRIMARY SCHOOL,Northern,Mannar
KANESAPURAM PRIMARY SCHOOL,Northern,Mannar
MULLAITIVU MAHA VIDYALAYAM,Northern,Mullaitivu
PUTHUKKUDIYIRUPPU CENTRAL COLLEGE,Northern,Mullaitivu
VIDYANANDA COLLEGE,Northern,Mullaitivu
M/THANNIROOTTU MUSLIM MAHA VIDYALAYAM,Northern,Mullaitivu
CHEMMALAI MAHA VIDYALAYAM,Northern,Mullaitivu
AMPALAVANPOKKANAI M.V.,Northern,Mullaitivu
KUMULAMUNAI M.V.,Northern,Mullaitivu
MULLIWAIKKAL WEST J H S,Northern,Mullaitivu
PUTHUKKUDIYIRUPPU R C V,Northern,Mullaitivu
VATTAPPALAI M.V.,Northern,Mullaitivu
ALAMPIL ROMAN CATHOLIC MAHA VIDYALAYAM,Northern,Mullaitivu
MULLAITIVU MUSLIM VIDYALAYAM,Northern,Mullaitivu
ALAIKALLUPPODDAKULM G.T.M.SCHOOL,Northern,Mullaitivu
ANANTHAPURAM GTMS,Northern,Mullaitivu
IRANAIPALAI R C M V,Northern,Mullaitivu
KALLAPPADU G T M S,Northern,Mullaitivu
KEPPAPILAVU G T M S,Northern,Mullaitivu
MAMADU PALAMPASI G.T.M.S,Northern,Mullaitivu
MATHALAN R C,Northern,Mullaitivu
MULLAITIVU ROMAN CATHOLIC TAMIL GIRLS' SCHOOL,Northern,Mullaitivu
MULLAITIVU H B T M S,Northern,Mullaitivu
MULLIYAWALAI TAMIL VIDYALAYAM,Northern,Mullaitivu
KALAIMAHAL VIDYALAYAM,Northern,Mullaitivu
MULLIYAWALAI R C T M S,Northern,Mullaitivu
PERIYAITHTHIMADU G.T.M.S,Northern,Mullaitivu
SRISUBRAMANIYA VIDYASALAI,Northern,Mullaitivu
CHILAWATHAI T V,Northern,Mullaitivu
SUTHANTHIRAPIRAM TAMIL MAHAVIDYALAYAM,Northern,Mullaitivu
THANDUVAN G.T.M.SCHOOL,Northern,Mullaitivu
THANNIYOOTHU C C T M S,Northern,Mullaitivu
THANNEEROOTU H B T M S,Northern,Mullaitivu
THANNIMURIPPU G T M S,Northern,Mullaitivu
THEVIPURAM G T M SCHOOL,Northern,Mullaitivu
UDAIYARKADDU MAHAVIDYALAYAM,Northern,Mullaitivu
VALAIYANMADAM G T M S,Northern,Mullaitivu
VEDDUVAIKKAL GTMS,Northern,Mullaitivu
MULLIVAIKKAL EAST G T M S,Northern,Mullaitivu
OTHIYAMALAI G.T.M.SCHOOL,Northern,Mullaitivu
VALLIPUNAM MAHAVIDYALYAM,Northern,Mullaitivu
VISWAMADU MAHA VIDYALAYAM,Northern,Mullaitivu
BHARATHY MAHA VIDYALAYAM,Northern,Mullaitivu
ARUMUKATHTHANKULAM GTMS,Northern,Mullaitivu
KOMPAVIL VIGNESWARA VIDYALAYAM,Northern,Mullaitivu
ODDUSUDDAN MAHA VIDYALAYAM,Northern,Mullaitivu
MANKULAM MAHA VIDYALAYAM,Northern,Mullaitivu
MALLAVICENTRAL COLLEGE,Northern,Mullaitivu
YOGAPURAM MAHA VIDIYALAYAM,Northern,Mullaitivu
NADDANKANDAL G.T.M.SCHOOL,Northern,Mullaitivu
PANDIYANKULAM MAHA VIDYALAYAM,Northern,Mullaitivu
PALINAGAR MAHA VIDYALAYAM,Northern,Mullaitivu
KARIPPADDAMURIPPU G.T.M.S,Northern,Mullaitivu
OLUMADU TAMIL VIDYALAYAM,Northern,Mullaitivu
PANDARAVANNIYAN M.V.,Northern,Mullaitivu
MUTHTHUIYANKADDU RIGHT BANK MAHA VIDYALAYAM,Northern,Mullaitivu
KOLLAVILANKULAM G.T.M.SCHOOL,Northern,Mullaitivu
SIRADDIKULAM G.T..M.SCHOOL,Northern,Mullaitivu
PANANKAMAM MOONRU MURIPPU G.T.M.SCHOOL,Northern,Mullaitivu
PANANKAMAM POOVARASANKULAM G.T.M.SCHOOL,Northern,Mullaitivu
MOONRUMURIPPU G.T.M.SCHOOL,Northern,Mullaitivu
VAVUNIKKULAM CENTRAL SULUSU G.T.M.SCHOOL,Northern,Mullaitivu
VANNIVILANKULAM G.T.M.SCHOOL,Northern,Mullaitivu
AMPAKAMAM.G.T.M.S.,Northern,Mullaitivu
KARUVELANKANDAL G.T.M SCHOOL,Northern,Mullaitivu
KATHALIYARSAMALANKULAM G.T.M SCHOOL,Northern,Mullaitivu
KOOLAMURIPPU G.T.M SCHOOL,Northern,Mullaitivu
MUTHTHUIYANKADDU LEFT BANK G.T.M.SCHOOL,Northern,Mullaitivu
PULUMACHCHINATHAKULAM G.T.M.S.,Northern,Mullaitivu
ODDUSUDDAN H.T.M.SCHOOL,Northern,Mullaitivu
PANIKKANKULAM G.T.M SCHOOL,Northern,Mullaitivu
PERIYAPULIYANKULAM G.T.M.S,Northern,Mullaitivu
KALVILAANKULAM MAHA VIDYALAYAM,Northern,Mullaitivu
ALANKULAM G.T.M.S,Northern,Mullaitivu
ANINCHIYANKULAM TAMIL MIXED VIDYALAYAM,Northern,Mullaitivu
PALAYAMURIKANDY G.T.M.S,Northern,Mullaitivu
PUTHTHUVEDDUVAN G.T.M.S,Northern,Mullaitivu
THENIYANKULAM G.T.M.S,Northern,Mullaitivu
THUNUKKAI G.T.M.S,Northern,Mullaitivu
UYILANKULAM G.T.M SCHOOL,Northern,Mullaitivu
THIRUNAGAR TAMIL VIDYALAYAM,Northern,Mullaitivu
AMBALAPERUMALKULAM G.T.M SCHOOL,Northern,Mullaitivu
KODDAIKADIYAKULAM MAHAVIDIYALAYAM,Northern,Mullaitivu
VINAYAGAPURAM G.T.M.SCHOOL,Northern,Mullaitivu
MANNAKANDAL GTMS,Northern,Mullaitivu
THIRUMURIKANDY HINDU VIDYALAYAM,Northern,Mullaitivu
KOKILAI SINHALA V.,Northern,Mullaitivu
KOKKUTHODUVAI G T M S,Northern,Mullaitivu
KOKKULAI G T M S,Northern,Mullaitivu
KAIVELY KANESA VIDYALAYAM,Northern,Mullaitivu
KARUNADUKKERNY GTMS,Northern,Mullaitivu
VENAVIL SRIMURUGANANTHA VIDYALAYAM,Northern,Mullaitivu
UDUPPUKKULAM TAMIL VIDYALAYAM,Northern,Mullaitivu
AROKKIYAPURAM TAMIL VIDYALAYAM,Northern,Mullaitivu
THERANKANDAL G.T.M.S,Northern,Mullaitivu
AMATHIPURAM TAMIL VIDYALAYAM,Northern,Mullaitivu
PONNAGAR TAMIL VIDYALAYAM,Northern,Mullaitivu
AMPALPURAM TAMIL VIDYALAYAM,Northern,Mullaitivu
UNNAPPULAVU TAMIL VIDYALAYAM,Northern,Mullaitivu
PALAIPPANI TAMIL VIDYALAYAM,Northern,Mullaitivu
MANTHUVIL ARASARATNAM VIDYALAYAM,Northern,Mullaitivu
IYANKANKULAM M.V.,Northern,Mullaitivu
KURAVIL TAMIL VIDYALAYAM,Northern,Mullaitivu
IRUDDUMADU TAMIL VIDYALAYAM,Northern,Mullaitivu
THERAVIL TAMIL VIDYALAYAM,Northern,Mullaitivu
NETHALIYARU TAMIL VIDYALAYAM,Northern,Mullaitivu
SIVANAKAR TV,Northern,Mullaitivu
PERARU TAMIL VIDYALAYAM.,Northern,Mullaitivu
MURIPPU TAMIL VIDYALAYAM,Northern,Mullaitivu
PANDIYANKULAM PRIMARY SCHOOL,Northern,Mullaitivu
MAYILVAGANAM TAMIL VIDYALAYAM,Northern,Mullaitivu
ARUMUGAM VIDYALAYAM,Northern,Mullaitivu
EASWARAN VIDYALAYAM,Northern,Mullaitivu
MUTHTHUVUNAYAGAR TAMIL VIDYALAYAM,Northern,Mullaitivu
SANMUGARATNAM VIDYALAYAM,Northern,Mullaitivu
UDAIYARKADDU G.T.M.SCHOOL,Northern,Mullaitivu
VISUVANATHAR PRIMARY SCHOOL,Northern,Mullaitivu
KUMARASAMY VIDYALAYAM,Northern,Mullaitivu
MOONKILARU PRIMARY SCHOOL,Northern,Mullaitivu
PARANAGAMAWEWA SCHOOL,Northern,Mullaitivu
HELAMBAWEWA PRIMARY SCHOOL,Northern,Mullaitivu
THIMPILI PRIMARY SCHOOL,Northern,Mullaitivu
RAMBAIKULAM GIRLS MAHA VIDYALAYAM,Northern,Vavuniya
VAVUNIYA TAMIL M.M.V.,Northern,Vavuniya
OMANTHAI CENTRAL COLLEGE,Northern,Vavuniya
VAVUNIYA MUSLIM MAHA VIDYALAYAM,Northern,Vavuniya
VAVUNIYA HINDU COLLEGE,Northern,Vavuniya
NELUKKULAM KALAIMAKAL MAHA VIDYALAYAM,Northern,Vavuniya
VIPULANANTHA COLLEGE,Northern,Vavuniya
PERIYAKOMARASANKULAM MAHA VIDYALAYAM,Northern,Vavuniya
PUTHUKKULAM M.V.,Northern,Vavuniya
PIRAMANDU VIDDYLAYAM,Northern,Vavuniya
CHURCH CEYLON TAMIL MIXED SCHOOL,Northern,Vavuniya
SAIVAPRAGASA LADIES COLLEGE,Northern,Vavuniya
VELIKULAM JUNIOR HIGH SCHOOL,Northern,Vavuniya
CHEMAMADU SHANMUGANANTHA VIDYALAYAM,Northern,Vavuniya
NOCHCHIMODDAI JUNIOR SECONDARY VIDYALAYAM,Northern,Vavuniya
ASIKULAM G.T.M.S,Northern,Vavuniya
KALMADU MAHA VIDYALAYAM,Northern,Vavuniya
KATHTHARSINNAKULAM G.T.M.S,Northern,Vavuniya
KARUNKALIKKULAM GTMS,Northern,Vavuniya
KALNATTINAKULAM G.T.M.S,Northern,Vavuniya
KIDACHCHOORI KARUVEPANKULAM GTMS,Northern,Vavuniya
KOTHANDAR NOCHCHIKKULAM GTMS,Northern,Vavuniya
MARUKKARAMBALAI GTMS,Northern,Vavuniya
MOONRUMURIPPU GTMS,Northern,Vavuniya
POONTHODDAM MAHA VIDYALAYAM,Northern,Vavuniya
SAMALANKULAM GTMS,Northern,Vavuniya
THAVASIYAKULAM GTMS,Northern,Vavuniya
KALMADU UNIT 11 GMMS,Northern,Vavuniya
KANTHAPURAM VANI VIDYALAYAM,Northern,Vavuniya
MARUTHODAI GTMS,Northern,Vavuniya
NOCHCHIKULAM NO1 JSV,Northern,Vavuniya
PUTHIYA SINNAKKULAM GTMS,Northern,Vavuniya
PARANADDAKAL GTMS,Northern,Vavuniya
KANAKARAYANKULAM MAHA VIDYALAYAM,Northern,Vavuniya
NEDUNKERNY MAHA VIDYALAYAM,Northern,Vavuniya
MATHARPANIKKAR MAHILANKULAM JSV,Northern,Vavuniya
PULIYANKULAM HINDU COLLEGE,Northern,Vavuniya
KULAVISUDDAN GTMS,Northern,Vavuniya
VICKNESWARA MAHA VIDYALAYAM,Northern,Vavuniya
SINNADAMPAN BARATHY VIDYALAYAM,Northern,Vavuniya
MARAVILUPPAI GTMS,Northern,Vavuniya
PADDIKKUDIYIRUPPU GTMS,Northern,Vavuniya
KOVILKUNCHUKKULAM GTMS,Northern,Vavuniya
KONTHAKKARANKULAM GTMS,Northern,Vavuniya
MARAIYADITHTHAKULAM GTMS,Northern,Vavuniya
MANNAKULAM GTMS,Northern,Vavuniya
PANRIKKEITHAKULAM GTMS,Northern,Vavuniya
PALAMODDAI GTMS,Northern,Vavuniya
PALAYAWADY GTMS,Northern,Vavuniya
VEDARMAGLANKULAM GTMS,Northern,Vavuniya
AYILADY GTMS,Northern,Vavuniya
ANANTHAPULIYANKULAM GTMS,Northern,Vavuniya
KARAPPUKUTHTHI GTMS,Northern,Vavuniya
KATKULAM GTMS,Northern,Vavuniya
MATHIYAMADU VIVEKANANTHA VIDYALAYAM,Northern,Vavuniya
NAINAMADU GTMS,Northern,Vavuniya
PERIYAMADU GTMS,Northern,Vavuniya
NEDUNKERNY MARUTHODAI GTMS,Northern,Vavuniya
VELANKULAM GTMS,Northern,Vavuniya
PADDADAIPIRINTHAKULAM GTMS,Northern,Vavuniya
OLUMADU GTMS,Northern,Vavuniya
CHEDDIKULAM MAHA VIDYALAYAM,Northern,Vavuniya
GANESWARA MAHA VIDYALAYAM,Northern,Vavuniya
AL AKSHA MAHA VIDYALAYAM,Northern,Vavuniya
PAVATKULAM M.V.,Northern,Vavuniya
PAVATKULAM STAGE 03 NUMBER 09 J.H.VIDYALAYAM,Northern,Vavuniya
PERIYATHAMPANAI G.T.M.SCHOOL,Northern,Vavuniya
POOVARASANKULAM MAHAVIDYALAYAM,Northern,Vavuniya
ANDIYAPULIYANKULAM M.M.V.,Northern,Vavuniya
ALHAMIYA MAHA VIDYALAYAM,Northern,Vavuniya
ALIQBAL MAHA VIDYALAYAM,Northern,Vavuniya
AL-AMEEN MUSLIM M.V.,Northern,Vavuniya
CHEKKADIPULAVU G.T.M.SCHOOL,Northern,Vavuniya
KIRISTHOKULAM GTMS,Northern,Vavuniya
ADAIKALA ANNAI VIDYALAYAM,Northern,Vavuniya
EYANKARAVOOR G.T.M.SCHOOL,Northern,Vavuniya
KOVILPULIYANKULAM MUTHTHAMIL VIDYALAYAM,Northern,Vavuniya
KURUKKALPUTHUKULAM VIDYALAYAMM,Northern,Vavuniya
MUHATHANKULAM G.T.M.SCHOOL,Northern,Vavuniya
MUTHALIYARKULAM R.C.T.M.S,Northern,Vavuniya
PERIYANOCHCHIKKULAM RCTMS,Northern,Vavuniya
PAVATKULAM KALAIMAKAL VIDYALAYAM,Northern,Vavuniya
RAJENDRAMKULAM GOVERNMENT TAMIL MIXED SCHOOL,Northern,Vavuniya
SINNATHAMPANAI G.T.M.S,Northern,Vavuniya
ARAFA VIDYALAYAM,Northern,Vavuniya
DHARUL ULOOM MUSLIM VIDYALAYAM,Northern,Vavuniya
AANAIVILUNTHAN MUS.VID,Northern,Vavuniya
MADUKKULAM NAVAJOTHI VIDYALAYAM,Northern,Vavuniya
KANDASAMINAGAR VIPULANANDA VIDYALAYAM,Northern,Vavuniya
VEERAMANIKKAN KULAM THIRUMAHAL VIDYALAYAM,Northern,Vavuniya
ANPUPURAM NAMAGAL VIDIYALAYAM,Northern,Vavuniya
SIRISUMANA MAHA VIDYALAYA,Northern,Vavuniya
GAMINI NATIONAL SCHOOL,Northern,Vavuniya
MADUKANDA MAHA VIDIYALAYA,Northern,Vavuniya
AGRABODHI MAHA VIDDIYALAYA,Northern,Vavuniya
ALAGALLA VIDYALAYA,Northern,Vavuniya
PARAKUM M.V.,Northern,Vavuniya
ATTABAGASKADA VIDDIYALAYA,Northern,Vavuniya
MAHAKACHCHAKODIYA VIDDIYALAYA,Northern,Vavuniya
PALAYAORUVA VIDDIYALAYA,Northern,Vavuniya
DHARMAPALA VIDYALAYA,Northern,Vavuniya
KALUKUNNAMMADUVA VIDDIYALAYA,Northern,Vavuniya
MAHAMAILAMKULA VIDDIYALAYA,Northern,Vavuniya
NEDUMKULAMA VIDIYALAYA,Northern,Vavuniya
ARUGAMPULELIYA VIDIYALAYA,Northern,Vavuniya
MOONDRIMURIPPU VIDYALAYA,Northern,Vavuniya
MARADAMMADUVA G S M S,Northern,Vavuniya
KUDAKACHCHAKODIYA VIDDIYALAYA,Northern,Vavuniya
NOCHCHIKULAM MUTHTHUMARY VIDYALAYAM,Northern,Vavuniya
PERIYAKULAM GTMS,Northern,Vavuniya
ALANKULAM MURUGANANTHA VIDYALAYAM,Northern,Vavuniya
VIGGNANAKULAM NAVARATHTHENAM VIDYALAYAM,Northern,Vavuniya
SELVAVINAYAKAR VIDYALAYAM,Northern,Vavuniya
KURISUDDAKULAM GTMS,Northern,Vavuniya
SENAIPULAVU UMAIYAL VIDYALAYAM,Northern,Vavuniya
PRAMANANLANKULAM VIGNESVARA VIDYALAYAM,Northern,Vavuniya
NEELIYAMOODDAI SARASWATHY VIDYALAYAM,Northern,Vavuniya
GANESHAPURAM SHANMUKANANTHA VIDYALAYAM,Northern,Vavuniya
NITHTHIYANAGAR LOGESWARA VIDYALAYAM,Northern,Vavuniya
MANIYAR KULAM VIDYANANTHA VIDYALAYAM,Northern,Vavuniya
MUHATHANKULAM VIGNESWARA VIDYALAYAM,Northern,Vavuniya
KANKANKULAM SRISUBRAMANIYA VIDYALAYAM,Northern,Vavuniya
KATKARANKULAM ILANGO VIDYALAYAM,Northern,Vavuniya
VEERAPURAM MANIVASAGAR MAHAVIDYALAYAM,Northern,Vavuniya
ARUVITHODDAM SIVANANTHA VIDYALAYAM,Northern,Vavuniya
VAVUNIYA POOSANIPIDDY THAYUMANAVAR VIDYALAYAM,Northern,Vavuniya
KALLARU SRI SITHTHIVINAYAKAR VIDYALAYAM,Northern,Vavuniya
MAHARAMBAIKULAMG.T.M.SCHOOL,Northern,Vavuniya
MADEENA VIDYALAYA,Northern,Vavuniya
THAMPANASOLAI KETHESWARA VIDYALAYAM,Northern,Vavuniya
KARUMPANICHANKULAM G.T.M.S,Northern,Vavuniya
THIRUGANANASAMPANTHAR VIDYALAYAM,Northern,Vavuniya
ANNANAGARPARAMESWARA VIDYALAYA,Northern,Vavuniya
MURUGANOOR SARATHA VIDYALAYAM,Northern,Vavuniya
PARASAKTHY VIDYALAYAM,Northern,Vavuniya
KOOMANKULAM SITHIVINAYAKAR VIDYALAYAM,Northern,Vavuniya
POOMPUKAR KANNAKI VIDYALAYAM,Northern,Vavuniya
SUNTHARAPURAM GTMS,Northern,Vavuniya
VINAYAGAR VIDYALAYAM,Northern,Vavuniya
KATPAKAPURAM G.T.M.S,Northern,Vavuniya
ANANTHAKUMARASAMY VIDYALAYAM,Northern,Vavuniya
RAMBAIKKULAM NADARAJANANTHA VIDYALAYAM,Northern,Vavuniya
VILATHTHIKKULAM SITHAMPARAM VIDYALAYAM,Northern,Vavuniya
NAVVI SRIVANI VIDYALAYAM,Northern,Vavuniya
MANIKKA ILUPPAIKKULAM GTMS,Northern,Vavuniya
BARATHY VIDDIYALAYAM,Northern,Vavuniya
SIVAPURAM PRIMARAY SCHOOL,Northern,Vavuniya
THALIKKULAM.G.T.M.SCHOOL,Northern,Vavuniya
VEERAMAMUNIVAR VIDYALAYAM,Northern,Vavuniya
SENGALPADAI THIRUKKUMARAN VIDYALAYAM,Northern,Vavuniya
KOKWELIYA VIDDIYALAYA,Northern,Vavuniya
UNCHALKADDY GTMS,Northern,Vavuniya
PUTHUKKULAM PANDITHAMANI KANAPATHIPPILLAI VIDYALAYAM,Northern,Vavuniya
SRIRAMAKIRUSHNA VIDYALAYAM,Northern,Vavuniya
THANINAYAHAM ADIKALAR VIDYALAYAM,Northern,Vavuniya
KUNCHUKULAM PANDARAVANNIYAN VIDYALAYAM,Northern,Vavuniya
SRI NAGARAJAH VIDYALAYAM,Northern,Vavuniya
SRIKIRUSHNA VIDYALAYAM,Northern,Vavuniya
MAMADU SRIVANI VIDYALAYAM,Northern,Vavuniya
THIRUVALLUVAR VIDYALAYAM,Northern,Vavuniya
THARANIKULAM GANESH VIDYALAYAM,Northern,Vavuniya
BHARATHITHASAN VIDYALAYAM,Northern,Vavuniya
SUNTHARAPURAM SARASWATHY VIDYALAYAM,Northern,Vavuniya
PUTHUKKULAM JUNIOR SCOOL,Northern,Vavuniya
VEEMANKALLU G.T.M.SCHOOL,Northern,Vavuniya
RISHAD BATHIUDEEN MUSLIM VIDYALAYAM,Northern,Vavuniya
SAIVAPRAGASA PRIMARY SCHOOL,Northern,Vavuniya
KANAGARAYANKULAM PRIMARY VIDYALAYAM,Northern,Vavuniya
BOGASWEWA VIDYALAYA,Northern,Vavuniya
POOVARASU PRIMARY SCHOOL,Northern,Vavuniya
PULIYANKULAM PRIMARY SCHOOL,Northern,Vavuniya
THARANIKKULAM PRIMARY SCHOOL,Northern,Vavuniya
AAYSHA VIDYALAYAM,Northern,Vavuniya
ROSHAN MAHANAMA VIDDIYALAYA,Northern,Vavuniya
KATHIRAVELY VIGNESVARA MAHA VIDYALAYAM,Eastern,Batticaloa
PALCHENAI TAMIL MAHA VIDYALAYAM,Eastern,Batticaloa
BT/KK/KADDUMURIVUKULAM G.T.M.S,Eastern,Batticaloa
BT/KK/VAMMIVADDAVAN VIDYALAYAM,Eastern,Batticaloa
BT/KK/KANDALADY ARUNTHATHY VIDYALAYAM,Eastern,Batticaloa
VAKARAI MAHA VIDYALAYAM,Eastern,Batticaloa
URIYANKADDU G.T.M.S,Eastern,Batticaloa
PANICHANKERNY THIRUMAHAL VIDAYALAYAM,Eastern,Batticaloa
MANKERNT ROMAN CATHOLIC TAMIL MIXED SCHOOL,Eastern,Batticaloa
KAYANKERNY SARASWATHY VIDYALAYM,Eastern,Batticaloa
BT/KK/VADDAVAN KALAIMAHAL VIDYALAYAM,Eastern,Batticaloa
BT/KK/ALANKULAM G.T.M.S,Eastern,Batticaloa
PUNANAI G.T.M.S,Eastern,Batticaloa
MEERAVODAI AMEER ALI VIDYALAYAM,Eastern,Batticaloa
VAHANERY KOKULAM VIDYALAYAM,Eastern,Batticaloa
KAWATHAMUNAI AL AMEEN VID,Eastern,Batticaloa
THIYAWATTAWAN ARAFA VIDYALAYAM,Eastern,Batticaloa
ODDAMAVADI CENTERL COLLEGE,Eastern,Batticaloa
SEMMANODAI AL-HAMRA VIDYALAYAM,Eastern,Batticaloa
MEERAVODAI-AL-HIDAYA MAHA VIDYALAYAM,Eastern,Batticaloa
BRAINTHURAICHENAI AZHAR VIDYALAYA,Eastern,Batticaloa
VALAICHEANAI AN-NOOR MAHA VIDYALAYAM,Eastern,Batticaloa
ODDAMAVADI HIJRA VIDYALAYAM,Eastern,Batticaloa
VEERANAGAR GTMS,Eastern,Batticaloa
MURAVODAISHAKTHI VIDYALAYAM,Eastern,Batticaloa
KINNAIYADY SARASWATHY VID,Eastern,Batticaloa
SUNGANKERNY GTMS,Eastern,Batticaloa
KALMADU VIVEKANANDA VID,Eastern,Batticaloa
KARUWAKERNY VIGNESWARA VID,Eastern,Batticaloa
KALKUDAH NAMAGAL VID,Eastern,Batticaloa
VALAIHENAI HINDU COLLEGE,Eastern,Batticaloa
BT/KK/PETHALAI VIPULANANDA COLLEGE,Eastern,Batticaloa
BT/KK/PUTHUKUDIYIRUPPU VANI VIDYALAYAM,Eastern,Batticaloa
NASIVANTHIVU SIVA VID,Eastern,Batticaloa
VEMBU GTMS,Eastern,Batticaloa
KIRAN CENTRAL COLLEGE,Eastern,Batticaloa
KIRAN VIVEKANANDAH,Eastern,Batticaloa
POOLAKKADU GTMS,Eastern,Batticaloa
KORAKALLIMADU SRI RAMANAMAHARISHI VIDYALAYAM,Eastern,Batticaloa
SANTHIVELY SITHI VINAYAGAR VIDYALAYAM,Eastern,Batticaloa
THIKILIWETTAI GTMS,Eastern,Batticaloa
PALAIYADYTHONA SRI MURUGAN VIDYALAYAM,Eastern,Batticaloa
DEVAOURAM GAJAMUGAN VIDYALAYAM,Eastern,Batticaloa
MURAKOTTANCHENAI RAMA KRISHNA MISSION VIDYAL,Eastern,Batticaloa
VANTHARUMOOLAI MADYA MAHA VIDYALAYAM,Eastern,Batticaloa
SITTANDY SITHY VINAYAGAR VID,Eastern,Batticaloa
SITTANDY SRI RAMAKRISHNA VID,Eastern,Batticaloa
BT/KK/ERALAKULAM G.T.M.S,Eastern,Batticaloa
MAVADIVEMBU VIGNESWARA VID,Eastern,Batticaloa
VANTHARUMOOLAI VISNU MAHA VID,Eastern,Batticaloa
VANTHARUMOOLAI GANESHA VID,Eastern,Batticaloa
VEERAKADDU MYLAVADDUVAN G.T.M.S,Eastern,Batticaloa
KALUWANKERNY VIVEGANANDAH VID,Eastern,Batticaloa
KOMATHURAI VINAYAGAR VID,Eastern,Batticaloa
BT/KK/CHENKALADY CENTRAL COLLEGE,Eastern,Batticaloa
BT/BW/KODUWAMADU SHAKTHI VID,Eastern,Batticaloa
ILLUPPADICHENAI AMBAL VIDYALAYAM,Eastern,Batticaloa
PANKUDAVELY RCTM SCHOOL,Eastern,Batticaloa
BT/BW/VEPPAVEDDUWAN G.T.M.S,Eastern,Batticaloa
BT/BT/ERAVUR TAMIL MAHA VIDYALAYAM,Eastern,Batticaloa
BT/BT/ERAVUR VIPULANANDA VIDYALAYAM,Eastern,Batticaloa
BT/BW/KARADIYANARU MAHA VIDYALAYAM,Eastern,Batticaloa
MARAPALAM G.T.M.S,Eastern,Batticaloa
KITHUL SRIKIRUSHNA VID,Eastern,Batticaloa
BT/BC/RUGAM AL-AMAN VIDYALAYA,Eastern,Batticaloa
BT/BW/RUGAM SARASWATHY VID,Eastern,Batticaloa
KOPPAVELY GTMS,Eastern,Batticaloa
WELIKAKANDY VIPULANANDA VID,Eastern,Batticaloa
PERIYAPULLUMALAI RCTMS,Eastern,Batticaloa
MAHILAVADDAWAN MAHA VIDYALAYAM,Eastern,Batticaloa
NARIPULTHODDAM NADESWARA TAMIL VIDYALAYAM,Eastern,Batticaloa
NELLOOR KALAIMAHAL VID,Eastern,Batticaloa
AYITHIYAMALAI GTMS,Eastern,Batticaloa
MANIPURAM VIGNESWARA VIDYALAYAM,Eastern,Batticaloa
UNNICHCHAI 6TH MILE POST GTMS,Eastern,Batticaloa
BT/BW/UNNICHCHAI 8TH MILE POST GTMS,Eastern,Batticaloa
IRUNOORUVIL GTMS,Eastern,Batticaloa
PAVATKODICHENAI VINAYAGAR VIDYALAYAM,Eastern,Batticaloa
PANCHENAI PARI VIDYALAYAM,Eastern,Batticaloa
BT/BC/ALIGHAR CENTRAL COLLEGE,Eastern,Batticaloa
AL-JUFFRIYA VIDYALYA,Eastern,Batticaloa
AL-MUNEERA BALIKA MAHA VIDYALAYA,Eastern,Batticaloa
BT/BC/DR.AHAMED FAREED VIDYALAYA,Eastern,Batticaloa
MICHNAGAR ILMA VIDYALAYAM,Eastern,Batticaloa
BT/BT/THALAWAI VIGNAESWARA VIDYALAYAM,Eastern,Batticaloa
BT/BC/MACAN MARKAR MAHA VIDYALAYA,Eastern,Batticaloa
ARAFA VIDYALAYAM,Eastern,Batticaloa
AL-AZHAR GIRLS HIGH SCHOOL,Eastern,Batticaloa
ERAVUR RAHMANIYA MAHA VIDYALAYA,Eastern,Batticaloa
BT/BT/KUDIYIRUPPU KALAIMAGAL MAHA VIDYALAYAM,Eastern,Batticaloa
BT/BT/IYANKERNY TAMIL VIDYALAYAM,Eastern,Batticaloa
BT/MYLAMBAVELY SRI VIGNESWARA VIDYALAYA,Eastern,Batticaloa
BT THANNAMUNAI PUNITHA VALANAR M.V,Eastern,Batticaloa
BT/BT/PULIYADIMUNAI GOVERNMENT TAMIL MIXED SCHOOL,Eastern,Batticaloa
BT BT PILLAYARADY NALLIYA VIDYALAYAM,Eastern,Batticaloa
BT/KOKKUVIL VIGNESWARA VIDYALAYAM,Eastern,Batticaloa
BT/BT/NAVATKERNY SRI KANNAHI VIDYALAYAM,Eastern,Batticaloa
BT/B/PALAMEENMADU VIGNESWARA VID,Eastern,Batticaloa
BT/BT/AMIRTHAKALY SRI SITHY VINAYAGAR VIDYALAYAM,Eastern,Batticaloa
BTBTSRIMAMANGESWARARVIDYALAYAM.,Eastern,Batticaloa
BT/BT/URANY SARASWATHY VIDYALAYAM,Eastern,Batticaloa
BT/VIPULANDA COLLEGE KARUVEPPANKERNEY,Eastern,Batticaloa
BT/JOSEPH VAZ VIDYALAYAM.,Eastern,Batticaloa
BT/BT/HINDU COLLEGE,Eastern,Batticaloa
BT/BT/KODAIMUNAI KANISHTA VIDYALAYAM,Eastern,Batticaloa
BT/BT/MAHAJANA COLLEGE,Eastern,Batticaloa
BT/ARUNOTHAYA VIDYALAYAM,Eastern,Batticaloa
BT/THIRUPPERUNTHURAI SRIMURUGAN VIDYALAYAM,Eastern,Batticaloa
BT/ST/THERESA'S GIRL'S VIDYALAYAM,Eastern,Batticaloa
BT/BT/ST SEBESTIAN TAMIL VIDYALAYAM,Eastern,Batticaloa
BT/BT/ARASADY PILLAYAR KOVIL ROAD WARD SIX KANISHT,Eastern,Batticaloa
BT/VINCENT GIRLS' HIGH SCHOOL,Eastern,Batticaloa
BT/BT/METHODIST CENTRAL COLLEGE,Eastern,Batticaloa
"BT/BT/ST.MICHAELS, COLLEGE",Eastern,Batticaloa
BT/ST.CECILIA'S GIRLS' COLLEGE,Eastern,Batticaloa
BT/BT/ANAIPANTHY HINDU LADIES COLLEGE,Eastern,Batticaloa
BT/BT/PUTHUR VIGNESWARA VIDYALAYAM,Eastern,Batticaloa
BT/PUNITHA ANNAMMAL TAMIL VIDYALAYAM,Eastern,Batticaloa
BT/BT/VAIYIRAVU METHODIST MISSION TAMIL MIXED SCHO,Eastern,Batticaloa
BT/NAVALADY NAMAGAL VIDYALAYAM,Eastern,Batticaloa
BT/BT/PUTHUMUHATHUWARAM ST'IGNATIOUS VIDYALAYAM,Eastern,Batticaloa
BT/KALLADY MUGATHUWARAM VIPULANANDA VIDYALAYAM,Eastern,Batticaloa
BT/BT/KALLADY VELOOR SRI SHAKTHI VIDYALAYAM,Eastern,Batticaloa
BT/BT/KALLADY VINAYAGAR VIDYALAYA,Eastern,Batticaloa
BT/BT/VIVEKANADA LADIES'COLLEGE,Eastern,Batticaloa
BT/SHIVANANDA VIDYALAYA(NATIONAL SCHOOL),Eastern,Batticaloa
BT/BC/AL-IQBAL VIDYALAYA,Eastern,Batticaloa
BT/BT/NAVATKUDHA THARMARATNAM VID,Eastern,Batticaloa
BT/BT/MANCHANTHODUWAI BARATHI VIDYALAYAM,Eastern,Batticaloa
BT/BT/MANCHANTHODUWAI SARATHA VIDYALAYAM,Eastern,Batticaloa
BT/BC/POONOCHCHIMUNAI IQRAH VIDYALAYA,Eastern,Batticaloa
HUSAINIYA VIDYALAM,Eastern,Batticaloa
BT/BC/AN-NASSAR VIDYALAYA,Eastern,Batticaloa
ZAVIYA MAHALIR M.V.,Eastern,Batticaloa
BT/BC/HILURIYA VIDYALAYA,Eastern,Batticaloa
BT/BC/METHTHAIPPALLI VIDYALAYA,Eastern,Batticaloa
MILLATH MAHALIR M.V.,Eastern,Batticaloa
BATHRIYA VIDYALAYA,Eastern,Batticaloa
AL-AMEEN MAHA VIDYALAYAM,Eastern,Batticaloa
NOORANIYA VIDYALAYA,Eastern,Batticaloa
KATTANKUDY MADYA MAHA VID,Eastern,Batticaloa
AL-HIRA MAHA VIDYALAYA,Eastern,Batticaloa
MEERA BALIKA MAHA VIDYALAYAM,Eastern,Batticaloa
BT/BT/ARAIPATAI SUBRAMANIYAM VIDYALAYAM,Eastern,Batticaloa
BT/BT/ARAYAMPATHY NOTARIS MUTHTHATHAMBY VID,Eastern,Batticaloa
BT/BT/ARAIYAMPATHY R.K.M.M.V,Eastern,Batticaloa
BT/BT/ARAYAMPATHY MAHA VIDYALAYA,Eastern,Batticaloa
KANKEYANODAI AL-AQSHA MAHA VIDYALAYA,Eastern,Batticaloa
BT\BT\KOVILKULAM VINAYAGAR VIDYALAYAM,Eastern,Batticaloa
OLLIKKULAM AL-HAMRA VIDYALAYA,Eastern,Batticaloa
BT/BT/MAVILANGATHURAI VIGNESWARA VIDYALAYAM,Eastern,Batticaloa
PALAMUNAI ALIGHAR MAHA VIDYALAYA,Eastern,Batticaloa
BT/BT/THALANKUDAH R.C.T.M.SCHOOL,Eastern,Batticaloa
BT/BT/THALANKUDHA SRIVINAYAKAR VIDYALAYAM,Eastern,Batticaloa
BT/BT/PUTHUKUDIYIRUPPU KANNAKI MAHA VIDYALAYAM,Eastern,Batticaloa
KURINCHAMUNAI GTMS,Eastern,Batticaloa
KANNANKUDAH MAHA VIDYALAYAM,Eastern,Batticaloa
THANDIYADI GTMS,Eastern,Batticaloa
MANDAPATHADY GTMS,Eastern,Batticaloa
KARAYAKKANTHIVU GANESHAR VIDYALAYAM,Eastern,Batticaloa
KOTHTHIYAPULAI KALAIVANI VIDYALAYAM,Eastern,Batticaloa
VAVUNATHIVU PARAMESWARA VIDYALAYAM,Eastern,Batticaloa
MANKIKADDU G.T.M.SCHOOL,Eastern,Batticaloa
EACHANTHIVU RKMT VIDYALAYAM,Eastern,Batticaloa
NAVATKADU NAMAHAL VIDYALAYAM,Eastern,Batticaloa
VILAVADDAVAN VINAYAGAR VIDYALAYA,Eastern,Batticaloa
KARAVEDDY SOUTH GTMS,Eastern,Batticaloa
BT/BT/KIRANKULAM VINAYAGAR MAHA VIDYALAYAM,Eastern,Batticaloa
BT/BT/KIRANKULAM SARASWATHY VIDYALAYAM,Eastern,Batticaloa
AMPILANTHURAI KALAIMAGAL MAHA VIDYALAYAM,Eastern,Batticaloa
KURUKKALMADAM KALAIVANI MAHA VIDYALAYAM,Eastern,Batticaloa
CHEDDIPALAYAM MAHA VIDYALAYAM,Eastern,Batticaloa
MANKADU SARASWATHY MAHA VIDYALAYAM,Eastern,Batticaloa
THETTATIVU MAHA VIDYALAYAM,Eastern,Batticaloa
THETTATHIVU SIVAKALAI VIDYALAYAM,Eastern,Batticaloa
KALUTHAVALAI MAHA VIDYALAYAM,Eastern,Batticaloa
KALUTHAVALAI RAMAKRISHNA VIDYALAYAM,Eastern,Batticaloa
KALUTHAVALAI KANESHA VIDYALAYAM,Eastern,Batticaloa
KALUWANCHIKUDY SARASWATHY VIDYALAYAM,Eastern,Batticaloa
KALUWANCHIKUDY VINAYAGAR VIDYALAYAM,Eastern,Batticaloa
PADDIRUPPU MADHYA MAHA VIDYALAYAM,Eastern,Batticaloa
ERUVIL KANNAKI MAHA VIDYALAYAM,Eastern,Batticaloa
KODAIMEDU NAVASHAKTHI VIDYALAYAM,Eastern,Batticaloa
KURUMANVELY SIVASAKTHI MAHA VIDYALAYAM,Eastern,Batticaloa
MAHILOOR SARASWATHY MAHA VIDYALAYAM,Eastern,Batticaloa
MAHILOORMUNAI SAKTHI VIDYALAYAM,Eastern,Batticaloa
ONTHACHIMADAM SRIVINAYAGAR MAHA VIDYALAYAM,Eastern,Batticaloa
KALMUNTHAL THIRUVALLUVAR VIDYALAYAM,Eastern,Batticaloa
KODDAIKALLAR MAHA VIDYALAYAM,Eastern,Batticaloa
KODDAIKALLAR KANNAKI VIDYALAYAM,Eastern,Batticaloa
PERIYAKALLAR M.M.T.M.S,Eastern,Batticaloa
PERIYAKALLAR PUNITHA ARULANANDAR VIDYALAYAM,Eastern,Batticaloa
PERIYAKALLAR VINAYAGAR VIDYALAYAM,Eastern,Batticaloa
PERIYAKALLAR M.M.T.G.S,Eastern,Batticaloa
PERIYAKALLAR CENTRAL COLLEGE,Eastern,Batticaloa
UTHAYAPURAM TAMIL VIDYALAYAM,Eastern,Batticaloa
THURAINEELAVANAI M.M.T.M.S,Eastern,Batticaloa
THURAINEELAVANAI MAHA VIDYALAYAM,Eastern,Batticaloa
VELLAVELY KALAIMAHAL M.V,Eastern,Batticaloa
THIRUKKONRAIMUNMARI GTMS,Eastern,Batticaloa
SINNAWATTAI G T M S,Eastern,Batticaloa
MANDUR 35 KANNAN VIDYALAYAM,Eastern,Batticaloa
MANDUR 37 NAVAKIRI VIDYALAYAM,Eastern,Batticaloa
KAKKACHIVADDAI VISHNU VIDYALAYAM,Eastern,Batticaloa
ANAIKADDIYAVELY NAMAHAL VIDYALAYAM,Eastern,Batticaloa
PUTHUMUNMARICHOLAI GTMS,Eastern,Batticaloa
MANDUR RAMAKRISHNA VIDYALAYAM,Eastern,Batticaloa
MANDUR MAHA VIDYALAYAM,Eastern,Batticaloa
THAMBALAWATTAI GANESHA VIDYALAYAM.,Eastern,Batticaloa
PALAMUNAI BALAMURUGAN VIDYALAYAM,Eastern,Batticaloa
MANDUR-13 VIGNESWARA VIDYALAYAM,Eastern,Batticaloa
MANDUR 14 SHAKTHY MAHA VIDYALAYAM,Eastern,Batticaloa
MANDUR 16 G.T.M.S,Eastern,Batticaloa
MALAYARKADDU G.T.M.S,Eastern,Batticaloa
PERIYAPORATIVU BHARATHY VIDYALAYAM,Eastern,Batticaloa
MUNAITHIVU SHAKTHI MAHA VIDYALAYAM,Eastern,Batticaloa
KOVILPORATHIVU VIVEKANANDA MAHA VIDYALAYAM,Eastern,Batticaloa
PILALIVEMPU VANI TAMIL VIDYALAYAM,Eastern,Batticaloa
PALUGAMAM KANDUMANI MAHA VIDYALAYAM,Eastern,Batticaloa
THIRUPALUGAMAM VIPULANANDA VIDYALAYAM,Eastern,Batticaloa
THUMBANKENY KANNAKI VIDYALAYAM,Eastern,Batticaloa
GANTHIPURAM KALAIMAGAL VIDYALAYAM,Eastern,Batticaloa
BT/BW/KATCHENAI G.T.M.S,Eastern,Batticaloa
THIKKODAI GANESHA VIDYALAYAM,Eastern,Batticaloa
MANDUR 38 AGATHIYAR VIDYALAYAM,Eastern,Batticaloa
MANDUR-39 G.T.M.S,Eastern,Batticaloa
MANDUR 40 GTMS,Eastern,Batticaloa
KALUMUNTHANVELLY G.T.M.S,Eastern,Batticaloa
MAVADIMUNMARI G.T.M.SCHOOL,Eastern,Batticaloa
BT/BW/MUNAIKKADU VIVEKANANDA VIDYALAYAM,Eastern,Batticaloa
MUTHALAIKUDAHMAHA VIDYALAYAM,Eastern,Batticaloa
MAHILADIDITHIVU SARASWATHY MAHAVIDYALAYAM,Eastern,Batticaloa
PANDARIYAVELY NAMAGAL VIDYALAYAM,Eastern,Batticaloa
BT/BW/PADAIYANDAVELY G.T.M.SCHOOL,Eastern,Batticaloa
PADDIPALAI GTMS,Eastern,Batticaloa
BT/BW/ARASADITHIVU VIGNESWARA MAHA VIDYALAYAM,Eastern,Batticaloa
KOKKADDICHCHOLAI R.K.M VID,Eastern,Batticaloa
KADUKKAMUNAI VANI VIDYALAYAM,Eastern,Batticaloa
KANKEYANODAI HISBULLAH VIDYALAYAM,Eastern,Batticaloa
BT/BT/SELVANAGAR SIVAA VIDYALAYAM,Eastern,Batticaloa
KARBALA AL MANAR VIDYALAYA,Eastern,Batticaloa
NATPATHUVADDAI VIPULANANTHA VIDYALAYAM,Eastern,Batticaloa
KOLLANULAI VIVEKANANDA VIDYALAYAM,Eastern,Batticaloa
MATHURANKERNYKULAM G.T.M.S,Eastern,Batticaloa
BT/KK/KIRIMICHODAI G.T.M.S,Eastern,Batticaloa
VINAYAGAKIRAMAM ALAIMAGAL VID,Eastern,Batticaloa
PERIYAVADDAVAN KANNAIKI VID,Eastern,Batticaloa
PERUMALVELY SRI VANI VID,Eastern,Batticaloa
ORUMOOLAICHOLAI SRI SITHY VINAYAGAR VID,Eastern,Batticaloa
UTHAYANMOOLAI VIVEGANANDAH VID,Eastern,Batticaloa
ILLOKUPOTHTHANAI MALAIMAGAL VID,Eastern,Batticaloa
BT/BT/SAVUKKADY BARATHY VIDYALAYAM,Eastern,Batticaloa
KUIMARAVELIYAR GRAMAM SITHY VINAYAGAR VID,Eastern,Batticaloa
VANTHARUMOOLAI KANNAIKI VID,Eastern,Batticaloa
BT/BW/KAYANMADU G.T.M.S,Eastern,Batticaloa
IRUDDUCHOLAIMADU VISHNU VIDYALAYAM,Eastern,Batticaloa
BT/BT/MADDIKALY TAMIL VIDYALAYAM,Eastern,Batticaloa
BT/BT/THIRAIMADU TAMIL VIDYALAYAM,Eastern,Batticaloa
MOHIDEEN VIDYALAYA,Eastern,Batticaloa
KARUNKALICHOLAI SRIKRISHNA VIDYALAYAM,Eastern,Batticaloa
VINAYAGAPURAM VINAYAGAR VID,Eastern,Batticaloa
KORALANKERNY THIRUMAKAL VIDYALAYAM,Eastern,Batticaloa
PARANGIYAMADU BHARATHY VIDYALAYAM,Eastern,Batticaloa
MURUKANTHEEVU SIVASAKTHI VIDYDLAYAM,Eastern,Batticaloa
PULIPAINTHAKAL G.T.M.S,Eastern,Batticaloa
KUDUMBIMALAI KUMARAN VIDYALAYAM,Eastern,Batticaloa
THARAVAI SRI KALAIVANI VIDYALAYAM,Eastern,Batticaloa
SIRUTHENKAL SITHTHYVINAYAGAR VIDYALAYAM,Eastern,Batticaloa
MURUTHANAI SRI MURUGAN VID,Eastern,Batticaloa
VADAMUNAI GTMS,Eastern,Batticaloa
KALUTHAVALAI VIPULANANTHA VIDYALAYAM,Eastern,Batticaloa
THURAINEELAVANAI VIPULANANDA VIDYALAYAM,Eastern,Batticaloa
ODDAMAVADY FATHIMA BALIKA MAHA VIDYALAYA,Eastern,Batticaloa
MAVADICHENAL AL-IQBAL VIDIYALAYAM,Eastern,Batticaloa
MANCHOLAI AL HIRA VIDYALAYA,Eastern,Batticaloa
RETHITHENNA IQRAH VIDYALAYAM,Eastern,Batticaloa
KERNY NAGAR MADEENA VIDYALAYAM,Eastern,Batticaloa
BT/BC/BRAINTHURAICHENAI SATHULIYA VIDYALAYA,Eastern,Batticaloa
MAVETKUDA VIGNESWARA VIDYALAYAM,Eastern,Batticaloa
BT/BC/ANVER VIDYALAYA,Eastern,Batticaloa
"HAIRATH VIDYALAYA, KATTANKUDY",Eastern,Batticaloa
FIRTHOUS VIDYALAYAM,Eastern,Batticaloa
AL-HASANATH VID,Eastern,Batticaloa
IYENERNY HISBULLAH VIDYALAYAM,Eastern,Batticaloa
MYLANKARACHCHI MALAIMAGAL VID,Eastern,Batticaloa
PALAMUNAI ASHRAFF VIDYALAYAM,Eastern,Batticaloa
301T/ARAYAMPATHI SIVAMANI VIDYALAYAM,Eastern,Batticaloa
KANKEYANODAI IQRAH VIDYALAYAM,Eastern,Batticaloa
PULAVARMANI PERIYATHAMBIPPILLAI VIDYALAYAM,Eastern,Batticaloa
KANNAKIPURAM VINAYAGAR VIDYALAYAM,Eastern,Batticaloa
PALACHOLAI VIPULANANDAH VID,Eastern,Batticaloa
BADURIYANAGAR AL-MINA VIDYALAYA,Eastern,Batticaloa
VALAICHENAI Y AHAMED VIDYALAYA,Eastern,Batticaloa
JAYANTHIYAYA AHAMED HIRAS VIDYALAYAM,Eastern,Batticaloa
PALAKKATTUWETTAI HISBULLAH VIDYALAYA,Eastern,Batticaloa
PONDUGALCHENAI GANAPATHY VIDYALAYAM,Eastern,Batticaloa
KIRAN NEW COLONY SIVA VIDALAYAM,Eastern,Batticaloa
BT/BT/MYLAMPAVELY VIPULANANDA VIDYALAYAM,Eastern,Batticaloa
THAMARAIKERNY ZAHIR MOULANA VIDYALAYAM,Eastern,Batticaloa
CHENKALADY VIVEGANANDAH VID,Eastern,Batticaloa
SINGARATHOPPU SARASWATHY VID,Eastern,Batticaloa
KAYANKUDAH KANNAKI VIDYALAYAM,Eastern,Batticaloa
ERAVUR AL-ASHRAF VIDYALAYA,Eastern,Batticaloa
IYANKERNY ABDUL CADER VIDYALAYA,Eastern,Batticaloa
BT/BT/NAVARETN RAJAH VIDYALAYAM,Eastern,Batticaloa
VIDUTHIKKAL GTM SCHOOL,Eastern,Batticaloa
VALKKADDU G.T.M.S,Eastern,Batticaloa
VILANTHODDAM G.T.M.S,Eastern,Batticaloa
BT/BT/THARMAPURAM THARMARETNAM VIDYALAYAM,Eastern,Batticaloa
KALUTHAVALAI VIVEKANANDA VIDYALAYAM,Eastern,Batticaloa
BT/BC/KAKITHANAGAR MILLATH VIDYALAYA,Eastern,Batticaloa
BT/BW/KANCHIRANKUDAH KAMADCHI VIDYALAYAM,Eastern,Batticaloa
BT/BC/ASH-SHUHADHA VIDYALAYA,Eastern,Batticaloa
KALUWANCHIKUDY MARIYAMMAN VIDYALAYAM,Eastern,Batticaloa
THADDUMUNAI MANIKKA VINAYAGAR VIDYALAYAM,Eastern,Batticaloa
MAVALAIYARU KAILEN VIDYALAYAM,Eastern,Batticaloa
SRI VELLIMALAIPPILLAYAR GTMS,Eastern,Batticaloa
KACHCHAKODY SWAMI MALAI GTMS,Eastern,Batticaloa
KULUVINAMADU VINAYAGAR VIDYALAYAM,Eastern,Batticaloa
KARAVEDDIYARU VIJITHA VIDYALAYAM,Eastern,Batticaloa
MULLAMUNAI MURUGAN VIDYALAYAM,Eastern,Batticaloa
BT/KK/RALODAI VALLUVAR VIDYALAYAM,Eastern,Batticaloa
KOKUWIL TAMIL VIDYALAYAM.,Eastern,Batticaloa
BT/BC/ERAVUR AMEER ALI VIDYALAYA,Eastern,Batticaloa
MANCHANTHUDUVAI AMEER ALI VID,Eastern,Batticaloa
AYISHA MAHALIR MAHA VIDYALAYA,Eastern,Batticaloa
MUNAIKADU SARATHA VIDYALAYAM,Eastern,Batticaloa
BT/BW/MUTHALAIKUDAH JUNIOR SCHOOL,Eastern,Batticaloa
BT/KK/KATHIRAVELY VIGNESWARA JUNIOR SCHOOL,Eastern,Batticaloa
OMADIYAMADU VELAMUGAN VIDYALAYM.,Eastern,Batticaloa
PETHALAI CHANDRAKANTHAN VIDYALAYAM,Eastern,Batticaloa
AKKURANAI BHARATHY VID,Eastern,Batticaloa
BT/KK/NEDIYAMADU G.T.M.S,Eastern,Batticaloa
BT/KK/KARUWAKERNY VIGNESWARA JUNIOR SCHOOL,Eastern,Batticaloa
SANTHIVELY SITHY VINAYAGAR JUNIOR SCHOOL,Eastern,Batticaloa
KANNANKUDAH KANNAKI VIDYALAYAM,Eastern,Batticaloa
MAHILAVADDAWAN KANTHAPODY VIDYALAYAM,Eastern,Batticaloa
BT/BW/KARADIYANARU HINDU VIDYALAYAM,Eastern,Batticaloa
BT/BW/AMPILANTHURAI JUNIOR SCHOOL,Eastern,Batticaloa
BT/BT/KUDIYIRUPPU KANISTA VIDYALAYAM,Eastern,Batticaloa
ODDAMAVADI SHAREEF ALI VIDYALAYAM,Eastern,Batticaloa
MEERAVODAI UTHUMAN VIDYALAYAM,Eastern,Batticaloa
RUGAM SUBAIR HAJIYAR VIDYALAYA,Eastern,Batticaloa
KATTANKUDY FATHIMA BALIKA VIDYALAYA,Eastern,Batticaloa
JAMIULLAFIREEN VIDYALAYAM,Eastern,Batticaloa
THURAINEELAVANAI SITHI VINAYAGAR VIDYALAYAM,Eastern,Batticaloa
BASHEER SEGUDAWOOD VID,Eastern,Batticaloa
KURUMANVELY KANISTA VIDYALAYAM,Eastern,Batticaloa
KALUTHAWALAI VIGNESHWARA VIDYALAYAM,Eastern,Batticaloa
ODDAMAVADI DHARUL ULOOM VIDYALAYA,Eastern,Batticaloa
VALAICHENAI HAIRATH VIDYALAYAM,Eastern,Batticaloa
ODDAMAVADI ZAHIRA VIDYALAYA,Eastern,Batticaloa
DR.BADIUDIN MAHMOOD VIDYALAYA,Eastern,Batticaloa
NAVATKADU NAMAGAL KANISTA VIDYALAYA,Eastern,Batticaloa
BT/BT/NAVALADY KANISHTA VIDYALAYA,Eastern,Batticaloa
KALASOORI VINAYAKAMOORTHY VID,Eastern,Batticaloa
SWAMI AJARATMANANDAJI VID,Eastern,Batticaloa
DHARUSSALAM VIDYALAM,Eastern,Batticaloa
KIRANKULAM VISHNU VIDYALAYA,Eastern,Batticaloa
KEPPETIPOLA SECONDARY SCHOOL,Eastern,Ampara
PADIYATHALAWA NATIONAL SCHOOL,Eastern,Ampara
TEMPITIYA VIDYALAYA,Eastern,Ampara
SERANKADA MAHA VIDYALAYA,Eastern,Ampara
UNUWATHURABUBULA VIDYALAYA,Eastern,Ampara
GALODE VIDYALAYA,Eastern,Ampara
KOMANA VIDYALAYA,Eastern,Ampara
MIRISWATHTHA MAHA VIDYALAYA,Eastern,Ampara
HARASGALA VIDYALAYA,Eastern,Ampara
"AM., AHA.IDDAPOLA VIDYALAYA",Eastern,Ampara
KEHELULLA VIDAYALAYA,Eastern,Ampara
KUDAHARASGALA SECONDARY SCHOOL,Eastern,Ampara
NILOBA VIDYALAYA,Eastern,Ampara
PALLEGAMA VIDYALAYA,Eastern,Ampara
BEDIREKKA VIDYALAYA,Eastern,Ampara
MARANGALA VIDYALAYA,Eastern,Ampara
HOLIKE VIDYALAYA,Eastern,Ampara
MAHINDA RAJAPAKSHA VIDYALAYA,Eastern,Ampara
DAMBADENIYA VIDYALAYA,Eastern,Ampara
DEMODARA VIDYALAYA,Eastern,Ampara
POLLEBEDDA VIDYALAYA,Eastern,Ampara
WARAPITIYA VIDYALAYA,Eastern,Ampara
ELLEGODA VIDAYALAYA,Eastern,Ampara
"AM.MAHA, BOGAMUYAYA VIDYALAYA",Eastern,Ampara
BORAPOLA MAHA VIDYALAYA,Eastern,Ampara
WELIKUMBURA VIDYALAYA,Eastern,Ampara
KOTIKEWELAVIDYALAYA,Eastern,Ampara
POOLAWALA VIDYALAYA,Eastern,Ampara
NUWARAGALATHENNA MAHA VIDYALAYA,Eastern,Ampara
MANGALARAMA MAHA VIDYALAYA,Eastern,Batticaloa
RAJAGALATHENNA MAHA VIDYALAYA,Eastern,Ampara
MALWATHTHA THISSAPURA MAHA VIDYALAYA,Eastern,Ampara
WERENKETAGODA MAHA VIDYALAYA,Eastern,Ampara
GALAPITAGALA MAHA VIDYALAYA,Eastern,Ampara
UHANA MAHA VIDYALAYA,Eastern,Ampara
SENAGAMA MAHA VIDYALAYA,Eastern,Ampara
VIJAYAPURA VIDYALAYA,Eastern,Ampara
KUMARIGAMA MAHA VIDYALAYA,Eastern,Ampara
GALAHITIYAGODA MAHA VIDYALAYA,Eastern,Ampara
UHANA THISSAPURA VIDYALAYA,Eastern,Ampara
SIYAMBALAWEWA VIDYALAYA,Eastern,Ampara
HIMIDURAWA VIDYALAYA,Eastern,Ampara
UDAYAPURA VIDYALAYA,Eastern,Ampara
DEMATAMALPELESSA VIDYALAA,Eastern,Ampara
NUGELANDA VIDYALAYA,Eastern,Ampara
MAYADUNNA VIDYALAYA,Eastern,Ampara
RAJAGAMA VIDYALAYA,Eastern,Ampara
WEERAGODA VIDYALAYA,Eastern,Ampara
WEHERAGAMA VIDYALAYA,Eastern,Ampara
SUHADAGAMA VIDYALAYA,Eastern,Ampara
NAWAGIRIYAWA VIDYALAYA,Eastern,Ampara
BANDARADUWA VIDYALAYA,Eastern,Ampara
RUHUNUGAMA VIDYALAYA,Eastern,Ampara
GONAGALA VIDYALAYA,Eastern,Ampara
WALAGAMPURA VIDYALAYA,Eastern,Ampara
KAHATAGASYAYA VIDYALAYA,Eastern,Ampara
UDAYAGIRIYA VIDYALAYA,Eastern,Ampara
VIDYALOKA VIDYALAYA,Eastern,Ampara
UHANA KANITU VIDYALAYA,Eastern,Ampara
KOTHMALE VIDYALAYA,Eastern,Ampara
SRI SUMANGALA VIDYALAYA,Eastern,Ampara
MAHAKANDIYA VIDYALAYA,Eastern,Ampara
DIVULANA VIDYALAYA,Eastern,Ampara
WEWSIRIGAMA PRIMARY SCHOOL,Eastern,Ampara
D.S.SENANAYAKA MADYA MAHA VIDYALAYA,Eastern,Ampara
DAMANA MAHA VIDYALAYA,Eastern,Ampara
SADDHATHISSA MAHA VIDYALAYA,Eastern,Ampara
KAWANTHISSA MAHA VIDYALAYA,Eastern,Ampara
AMBAGAHAWELLA MAHA VIDYALAYA,Eastern,Ampara
UKSIRIPURA VIDYALAYA,Eastern,Ampara
KEENAWATHTHA VIDYALAYA,Eastern,Ampara
GAMINI MAHA VIDYALAYA,Eastern,Ampara
NAMALOYA VIDYALAYA,Eastern,Ampara
NAMALTHALAWA MAHA VIDYALAYA,Eastern,Ampara
PARAGAHAKALE MAHA VIDYALAYA,Eastern,Ampara
PADAGODA VIDYALAYA,Eastern,Ampara
POLWATHTHA MAHA VIDYALAYA,Eastern,Ampara
BANDARANAYAKA BALIKA MAHA VIDYALAYA,Eastern,Ampara
MUWANGALA MAHA VIDYALAYA,Eastern,Ampara
MORAGAHAPALLAMA VIDYALAYA,Eastern,Ampara
WAWINNA VIDYALAYA,Eastern,Ampara
WELUSUMANA VIDYALAYA,Eastern,Ampara
HINGURANA MAHA VIDYALAYA,Eastern,Ampara
KARANGAWA JANARAJA VIDYALAYA,Eastern,Ampara
HEGODA SRI INDRASARA VIDYALAYA,Eastern,Ampara
AMPARA TAMIL VIDYALAYA,Eastern,Ampara
PARACKRAMA VIDYALAYA,Eastern,Ampara
KOTAWEHERA VIDYALAYA,Eastern,Ampara
SIDDARTHA VIDYALAYA,Eastern,Ampara
SEEWALI VIDYALAYA,Eastern,Ampara
KOKNAHARA MAHA VIDYALAYA,Eastern,Ampara
HINDAKALUGAMA VIDYALAYA,Eastern,Ampara
KOSSAPOLA VIDYALAYA,Eastern,Ampara
SADDHATHISSA PRIMARY VIDYALAYA,Eastern,Ampara
KIULEGAMA MAHA VIDYALAYA,Eastern,Ampara
THOTTAMA VIDYALAYA,Eastern,Ampara
DEVALAHINDA VIDYALAYA,Eastern,Ampara
PANNALGAMA VIDYALAYA,Eastern,Ampara
MADAWALALANDA MAHA VIDYALAYA,Eastern,Ampara
MANTHOTTAMA MAHA VIDYALAYA,Eastern,Ampara
WADINAGALA VIDYALAYA,Eastern,Ampara
WEHERAGALA VIDYALAYA,Eastern,Ampara
EKGALOYA VIDYALAYA,Eastern,Ampara
GALKANDA VIDYALAYA,Eastern,Ampara
KOKNAHARA KANISHTA VIDYALAYA,Eastern,Ampara
THIMBIRIGOLLA VIDYALAYA,Eastern,Ampara
ALUTH ELA VIDYALAYA,Eastern,Ampara
HELAGAMPURA VIDYALAYA,Eastern,Ampara
ABHAYAPURA VIDYALAYA,Eastern,Ampara
PANAMA MAHA VIDYALAYA,Eastern,Ampara
LAHUGALA MAHA VIDYALAYA,Eastern,Ampara
SRI DHAMMARATHNA SINHALA VIDYALAYA,Eastern,Ampara
POTHUVIL SINHALA VIDYALAYA,Eastern,Ampara
BAKMITIYAWA VIDYALAYA,Eastern,Ampara
NEETHTHA VIDYALAYA,Eastern,Ampara
PARANAGOVIPALA PRIMARY VIDYALAYA,Eastern,Ampara
MEDAGAMA M.V.,Eastern,Ampara
IHALAGAMA V.,Eastern,Ampara
SADAMADULLA V,Eastern,Ampara
HENANIGALA NORTH V.,Eastern,Ampara
LIHINIYAGAMA V.,Eastern,Ampara
MAWANAGAMA V.,Eastern,Ampara
DIYAVIDDAGAMA V.,Eastern,Ampara
UTTALAPURA P.V.,Eastern,Ampara
BAMBARAWANA V.,Eastern,Ampara
HENANIGALA SOUTH V.,Eastern,Ampara
PARANAGAMA V.,Eastern,Ampara
WEBADAGAMA V.,Eastern,Ampara
NAGASTHALAWA P.V.,Eastern,Ampara
PAHALAGAMA P.V.,Eastern,Ampara
KELEGAMA V.,Eastern,Ampara
KUDAGAMA V.,Eastern,Ampara
SALPITIGAMA V.,Eastern,Ampara
VIJAYAPURA P.V.,Eastern,Ampara
SERUPITIYA P.V.,Eastern,Ampara
WEWAGAMA V.,Eastern,Ampara
LATHPADURA P.V.,Eastern,Ampara
MUWAGAMMANA P.V.,Eastern,Ampara
SANDUNPURA V.,Eastern,Ampara
MURUTHAGASPITIYA V.,Eastern,Ampara
NAGASWEWA P.V.,Eastern,Ampara
RANHELAGAMA P.V.,Eastern,Ampara
NAMALGAMA P.V.,Eastern,Ampara
HUNGAMALAGAMA V.,Eastern,Ampara
WEWMEDAGAMA P.V.,Eastern,Ampara
RANKETHGAMA.P.V.,North Central,Polonnaruwa
BAKMEEDENIYA V.,Eastern,Ampara
SIRIPURA CENTRAL COLLEGE,North Central,Polonnaruwa
DEHIATTAKANDIYA M.M.V.,Eastern,Ampara
RATHMALKANDURA V.,Eastern,Ampara
MEDAGAMPITIYA P.V.,North Central,Polonnaruwa
NAWAPALLEGAMA K.V,North Central,Polonnaruwa
WAHAWA VIDYALAYA,Eastern,Ampara
PUSSALAWINNA P.V.,Eastern,Ampara
PIHITIWAWA K.V,North Central,Polonnaruwa
MEEWATHPURA P.V.,North Central,Polonnaruwa
NUWARAGALA M.V.,North Central,Polonnaruwa
SAMMANTHURAI MUSLIM MADYA MAHA VIDYALAYAM,Eastern,Ampara
AS-SIRAJ MAHA VIDYALAYA,Eastern,Ampara
AL-AQSHA VIDYALAYA,Eastern,Ampara
MAJEEDPURA VIDYALAYAM,Eastern,Ampara
MALLIKAITHIVU GOVT.TAMIL MIXED SCHOOL,Eastern,Ampara
AL-THAJUN VIDYALAYAM,Eastern,Ampara
PUTHUNAGAR VIDYALAYAM,Eastern,Ampara
NAVITHANVELI ANNAMALAI MAHA VIDYALAYAM,Eastern,Ampara
AL-MARJAN MUSLIM LADIES COLLEGE,Eastern,Ampara
DHARUL ULOOM VIDYALAYAM,Eastern,Ampara
CHAWALAKKADAI VINAYAGAR VIDYALAYAM,Eastern,Ampara
SRI KORAKKAR TAMIL MAHA VIDYALAYAM,Eastern,Ampara
MALKAMPITTY GMMS,Eastern,Ampara
VIPULANANDA MAHA VIDYALAYAM,Eastern,Ampara
GANESHA VIDYALAYAM,Eastern,Ampara
VIVEKANANDA MAHA VIDYALAYAM,Eastern,Ampara
RANAMADU HINDU COLLAGE (RANAMADU HINDU M.V.),Eastern,Ampara
AL-MUNEER VIDSYALAYA,Eastern,Ampara
DHARUSSALAM MAHA VIDYALAYA,Eastern,Ampara
MUSLIM MAHALIR VIDYALAYA,Eastern,Ampara
HOLY CROSS MAHA VIDYALAYAM,Eastern,Ampara
VALATHAPITTY G.T.M.S,Eastern,Ampara
VEERACHOLAI G.T.M.S,Eastern,Ampara
VEERAMUNAI RAMA KRISHNA MAHA VIDYALAYAM,Eastern,Ampara
VEERATHIDAL AL HIDAYA MAHA VIDYALAYAM,Eastern,Ampara
VEPPAYADITHODDAM VANI MAHA VIDYALAYAM,Eastern,Ampara
SENNEL ZAHIRA MAHA VIDYALA,Eastern,Ampara
AL-ARSATH MAHA VIDYALAYAM,Eastern,Ampara
CENTRAL CAMP GOVT. MUSLIM.SCHOOL,Eastern,Ampara
GAZZALY MUSLIM VIDYALAYA,Eastern,Ampara
AL - HAMRA VIDYALAYA,Eastern,Ampara
AL AMEER VIDYALAYAM,Eastern,Ampara
AL-MATHEENA VIDYALAYA,Eastern,Ampara
AETHALAKULAM GMMS,Eastern,Ampara
HIJRA MUSLIM VIDYALAYA,Eastern,Ampara
SAMMANTHURAI AL AZHAR VIDYALAYAM,Eastern,Ampara
ARAFA VIDYALAYA,Eastern,Ampara
AS SAMA VIDYALAYA,Eastern,Ampara
JAMALIYA VIDYALAYA,Eastern,Ampara
ZAHIRA COLLEGE,Eastern,Ampara
KM/KM/WESLEY HIGH SCHOOL,Eastern,Ampara
KM/KM/CARMEL FATIMA COLLEGE NATIONAL SCHOOL,Eastern,Ampara
MAHMUD LADIES COLLEGE,Eastern,Ampara
KM/KM/AL MANAR CENTRAL COLLEGE,Eastern,Ampara
MARUTHAMUNAI SHAMS CENRAL COLLEGE,Eastern,Ampara
PANDIRUPPU MAHA VIDYALAYAM,Eastern,Ampara
NATPIDDIMUNAI AL-AKSHA MADHYA MAHA VIDYALAYA,Eastern,Ampara
RAMA KRISHNA MAHA VIDYALAYAM,Eastern,Ampara
PERIYANEELAVANAI VISHNU MAHA VIDAYALAYA,Eastern,Ampara
PULAVARMANI SHARIFUDEEN MAHA VIDYALAYA,Eastern,Ampara
"KM/KM/AL-HAMBRA VIDYALAYA, MARUTHAMUNAI",Eastern,Ampara
AL MINAN VIDYALAYA,Eastern,Ampara
PANDIRUPPU NAVALAR VIDYALAYAM,Eastern,Ampara
SIVASAKTHI MAHA VIDYALAYAM,Eastern,Ampara
GANESHA MAHA VIDYALAYAM CHENAIKUDIRUPPU,Eastern,Ampara
SRIMAMANGA VIDYALAYAM,Eastern,Ampara
VIVEKANANDA TAMIL VIDYALAYA,Eastern,Ampara
KM/KM/BAHRIYA M.V. KALMUNAI,Eastern,Ampara
AL AZHAR VIDYALYA,Eastern,Ampara
KM/KM/AZZUHARA VIDYALAYA,Eastern,Ampara
KM/KM/AL/MISBAH MAHA VIDYALAYA,Eastern,Ampara
KM KM AL JALAL VIDYALAYA,Eastern,Ampara
AL KAMAROON VIDYALAYA,Eastern,Ampara
GOVERNMENT MUSLIM MIXED SCHOOL,Eastern,Ampara
KM/KM/ RIYALUL JANNAH VIDYALAYA,Eastern,Ampara
"KM/KM/MALHARUSH SHAMS MAHAVIDYALAYA, SAINTHAMARUTHU",Eastern,Ampara
AL-HILAL VIDYALAYA,Eastern,Ampara
KM/KM/SARASWATHY VIDYALAYAM,Eastern,Ampara
THURAIVANTHIYAMEDU G.T.M.SCHOOL,Eastern,Ampara
ISLAMABATH MUSLIM VIDYALAYA,Eastern,Ampara
AK/AKKARAIPATTU MUSLIM CENTRAL COLLEGE(NATIONAL SC,Eastern,Ampara
AYESHA MUSLIM LADIES COLLEGE,Eastern,Ampara
KM/STR/ASHRAF CENTRAL COLLEGE IRAKKAMAM,Eastern,Ampara
FAYIZA MAHA VIDYALAYA,Eastern,Ampara
VARIPATHANCHENAI AL AMEEN MAHA VIDYALAYAM,Eastern,Ampara
MUNAWWARA JUNIOR COLLEGE,Eastern,Ampara
GOVT.MUSLIM BOYS VIDYALAYA,Eastern,Ampara
KM/AK/HIJRA VIDYALAYA,Eastern,Ampara
"AL-HITHAYA VIDYALAYA, AKKARAIPATTU",Eastern,Ampara
AR.RAHEEMIYA VIDYALAYA,Eastern,Ampara
KARADIKKULAM RAHMANIYA VIDYALAYA,Eastern,Ampara
ILUKKUCHCHENAI GOVT.MUSLIM MIXED SCHOOL,Eastern,Ampara
ISSANKANICHEMAI AL-KAMAR VIDYALAYA,Eastern,Ampara
KUDUVIL AL-HIRA VIDYALAYAM,Eastern,Ampara
KM/ ST/ MANIKKAMADU G.T.M.S IRAKKAMAM,Eastern,Ampara
KM/AK/AS-SHIFAYA VIDYALAYA,Eastern,Ampara
ADDALAICENAI M.M.V.,Eastern,Ampara
AL-MUNEERA GIRL'S HIGH SCHOOL,Eastern,Ampara
ARAFA VIDYALAYA ADDALAICHENAI,Eastern,Ampara
ZAHRA VIDIYALAYA,Eastern,Ampara
KM/AK/AN-NOOR MAHA VIDYALAYA,Eastern,Ampara
AL-ARHAM VDYALAYA,Eastern,Ampara
DR.JALALADEEN VIDYALAYA,Eastern,Ampara
KM/AK/MULLAITHEEVU AL-JAZEERA VIDYALAYA,Eastern,Ampara
KTHIRIYA VIDYALAYA,Eastern,Ampara
SAMSUL ULOOM VIDYALAYA,Eastern,Ampara
KM/AK/ZAHIRA VIDYALAYA,Eastern,Ampara
KM/AK/AL-FATHIMIYA VIDYALAYA,Eastern,Ampara
AK/AS-SIRAJ MAHA VIDYALAYA,Eastern,Ampara
KM/AK/ILUKKUCHENAI AL-HUDHA VIDYALAYA,Eastern,Ampara
AL-BADUR VIDYALAYA,Eastern,Ampara
AMBALATHARU SEGU SIKKANTHAR OLIULLAH VIDYALA,Eastern,Ampara
VIPULANANDA CENTRAL COLLEGE,Eastern,Ampara
AL-ASHRAQ MADYA MAHA VIDYALAYA(NATIONAL SCHOOL),Eastern,Ampara
AL-HAMRA MAHA VIDYALAYA,Eastern,Ampara
AK/MINHAJ MAHA VIDYALAYAM,Eastern,Ampara
AL-MAZHAR GIRLS HIGH SCHOOL,Eastern,Ampara
SHANMUGA MAHA VIDYLAYA,Eastern,Ampara
RKM GIRLS VIDYALAYA,Eastern,Ampara
R.K.M. BOYS SCHOOL,Eastern,Ampara
AS-SAFA VIDYALAYAM,Eastern,Ampara
KANNAHI HINDU VIDIYALAYAM,Eastern,Ampara
KMKMVISHNU VIDYALAYA,Eastern,Ampara
VIGNESWARA VIDYALAYA,Eastern,Ampara
KM/ KM/ AL ASHRAFF MAHA VIDYALAYA,Eastern,Ampara
AL-MATHEENA MAHA VIDYALAYAM,Eastern,Ampara
AL-MASLAM VIDYALAYA,Eastern,Ampara
IMAM GAZZALY VIDYALAYA,Eastern,Ampara
IMAM ROOMI VIDYALAYA,Eastern,Ampara
AL-HIDAYA LADIES COLLEGE,Eastern,Ampara
KM/AK/AL-HIKMA VIDYALAYA,Eastern,Ampara
AL-JAISHA VIDYALAYA,Eastern,Ampara
KM/AK/AL-AZHAR VIDYALAYA,Eastern,Ampara
KM/KM/ ADDAPPALLAM VINAYAGAR VIDYALAYA,Eastern,Ampara
THIRAIKKENY G.T.M.S,Eastern,Ampara
ARAFA VIDYALAYA NINTAVUR,Eastern,Ampara
SAFEENA MUSLIM VIDYALAYA,Eastern,Ampara
KM/KM/AL-MINA VIDYALAYA,Eastern,Ampara
SRI RAMAKRISHNA COLLEGE,Eastern,Ampara
MK/TK/THAMBILUVIL MADHYA MAHA VIDYALAYAM (N/S),Eastern,Ampara
KM/AK/POTTUVIL CENTRAL COLLEGE,Eastern,Ampara
KM/TK/KOLAVIL VINAYAGAR MAHA VIDYALAYAM,Eastern,Ampara
KOMARI METHODIST MISSION TAMIL MAHA VIDYALAYAM,Eastern,Ampara
POTTUVIL METHODIST T.M.V.,Eastern,Ampara
VINAYAGAPURAM MAHA VIDYALAYAM,Eastern,Ampara
KM/AK/AL-ISHRAQ MAHA VIDYALAYA,Eastern,Ampara
KM/TK/THIRUNAVUKKARASU VIDYALAYAM,Eastern,Ampara
VIVEKANANDA VIDYALAYAM,Eastern,Ampara
KOLAVIL PERUNAVALAR VIDYALAYAM,Eastern,Ampara
KM/TK/PASUPATHESWARA VIDYALAYAM,Eastern,Ampara
ST.SAVIER VIDYALAYAM (ALIGAMBAI G.T.M.S),Eastern,Ampara
KM/TK/KANNAKI VIDYALAYAM,Eastern,Ampara
ST.JOHN VIDYALAYAM,Eastern,Ampara
SIR RAZICK FAREED VIDYALAYA,Eastern,Ampara
THIRUKKOVIL KUMARA VID,Eastern,Ampara
THIRUKKOVIL M.M.T.M.V.,Eastern,Ampara
VISHVATHULASHI VIDYALAYAM,Eastern,Ampara
KANCHIRANKUDA GTMS,Eastern,Ampara
THANDIYADI VIGNESWARA M.V.,Eastern,Ampara
SEMMANPULAI GANESHA VIDYALAYAM,Eastern,Ampara
THAMPADDAI MAHA VIDYALAYAM,Eastern,Ampara
THAMBILUVIL SARASWATHY VIDYALAYAM,Eastern,Ampara
THAMBILUVIL KALAIMAHAL VIDYALAYAM,Eastern,Ampara
ARUNOTHAYA VIDYALAYAM,Eastern,Ampara
MUNAIYAKKADU G T M S,Eastern,Ampara
PANAMA GTM SCHOOL,Eastern,Ampara
INSPECTOR EATHAM G.T.M.S,Eastern,Ampara
KM/AK/MINARUL ULOOM VIDYALAYA,Eastern,Ampara
AL-IRFAN LADIES COLLEGE,Eastern,Ampara
KM/AK/AL-AQSA VIDYALAYA,Eastern,Ampara
THIRUPPATHY G.T.M.S,Eastern,Ampara
URANI SARASWATHY VIDYALAYAM,Eastern,Ampara
THANGAVELAUTHAPURAM G.T.M.S,Eastern,Ampara
DHARUL FALAH MUSLIM VIDYALAYA,Eastern,Ampara
AL-HITHAYA VIDYALAYA,Eastern,Ampara
HIJRA NAGAR G.M.M. VIDYALAYA,Eastern,Ampara
KM/AK/AL-KALAM MAHA VIDYALAYA,Eastern,Ampara
KM/AK/AL HUTHA MUSLIM VIDYALAYA,Eastern,Ampara
KM/AK/AL-BAHRIYA VIDYALAYA,Eastern,Ampara
AL-NOORANIYA VIDYALAYA,Eastern,Ampara
KM/AK/AL-MUNAWWARA VIDYALAYA,Eastern,Ampara
KM/DR BADI-UD-DIN MAHMUD VIDYALAYA,Eastern,Ampara
SRI REWATHA KANISHTA VIDYALAYA,Eastern,Ampara
DUTUGAMUNU VIDYALAYA,Eastern,Ampara
DEEGAWAPI SINHALA VIDYALAYA,Eastern,Ampara
HULANNUGE VIDYALAYA,Eastern,Ampara
AL-JENNA VIDIYALAYA,Eastern,Ampara
TB JAYA VIDYALA,Eastern,Ampara
"THARUL HASANATH VID, PALAMUNAI",Eastern,Ampara
KM/KM/SWAMY VIPULANANDA VIDYALAYA,Eastern,Ampara
AL-HUSSAIN VIDYALAYA,Eastern,Ampara
KORAIKALAPPU SAKTHY VID,Eastern,Ampara
AL-BADURIYA VIDYALAYA,Eastern,Ampara
AS-SAFA VIDIYALAYA,Eastern,Ampara
AMEERALIPURAM VIDYALAYAM,Eastern,Ampara
VEPPAYADI KALAIMAGAL VIDYALAYAM,Eastern,Ampara
MAFASA VIDYALAYA,Eastern,Ampara
SABOOR VIDYALAYAM,Eastern,Ampara
KM/ST.AL-MANAR MUSLIM VIDYALAYA,Eastern,Ampara
KALMUNA SINHALA VIDYALAYA,Eastern,Ampara
SINHAPURA SINHALA VIDYALAYA,Eastern,Ampara
WIMALAWANSHA VIDYALAYA,Eastern,Ampara
WEERANAGAMA VIDYALAYA,Eastern,Ampara
THUWARAGALA P.V.,Eastern,Ampara
WEHERAGALA M.V.,North Central,Polonnaruwa
NIKAWATHALANDA M.V.,North Central,Polonnaruwa
KAJUWATHTHA P.V,North Central,Polonnaruwa
ULPATHWEWA P.V,North Central,Polonnaruwa
BIHIRISOROWWA V.,Eastern,Ampara
KUDAGALA V.,Eastern,Ampara
MUWAPATIGEWELA V.,Eastern,Ampara
SOORIYAPOKUNA V.,Eastern,Ampara
KEKULUWELA K.V,North Central,Polonnaruwa
SAMANALATHENNA P.V.,Eastern,Ampara
IHALA YAKKURE K.V.,North Central,Polonnaruwa
DOLAKANDA V.,Eastern,Ampara
GALELIYA P.V,North Central,Polonnaruwa
SANDAGALATENNA P.V.,North Central,Polonnaruwa
WEERALANDA P.V,North Central,Polonnaruwa
LATHUGALA VIDYALAYA,Eastern,Ampara
DUDLY SENANAYAKA VIDYALAYA,Eastern,Ampara
SADDATHISSA VIDYALAYA,Eastern,Ampara
KEENATHUMULLA VIDYALAYA,Eastern,Ampara
RAMA KRISHNA MISSION MAHA VIDYALAYAM,Eastern,Ampara
WANGAMUWA ORABISHA VIDYALAYAM,Eastern,Ampara
MUDUNKADAWALA P.V.,North Central,Polonnaruwa
KADIRAPURA P.V.,Eastern,Ampara
ADDAPPALLAM SAHITHA VIDYALAYA,Eastern,Ampara
KANCHIKUDIYARU GANESHA VID,Eastern,Ampara
KANAGARETNAM VIDYALAYAM,Eastern,Ampara
PARAMESWARA VIDYALAYAM,Eastern,Ampara
PARAGASWEWA P.V.,Eastern,Ampara
CHANDANAGAMA P.V.,Eastern,Ampara
RATHMALKANDIYA P.V,North Central,Polonnaruwa
KANICHCHIGALA P.V,North Central,Polonnaruwa
IQRAH VIDYALAYA,Eastern,Ampara
HELAKOMANA VIDYALAYA,Eastern,Ampara
SARSWATHY VIDYALAYAM,Eastern,Ampara
AL-JENEES VIDYALAYAM,Eastern,Ampara
NIYUGUNA SADDATHISSA PRIMARY SCHOOL,Eastern,Ampara
SRI RAHULA PRIMARY VIDYALAYA,Eastern,Ampara
AL-ASHRAFF VIDYALAYA.,Eastern,Ampara
KM/KM/AL-ATHAN VIDYALAYA,Eastern,Ampara
MAHA VISHNU VIDYALAYAM,Eastern,Ampara
KM/KM/ LAFIR VIDYALAYA,Eastern,Ampara
KM AK AL ABZAN VIDYALAYA,Eastern,Ampara
RIDEE ELA P.V.,Eastern,Ampara
ANNAMALAI SRI SAKTHI VIDYALAYAM,Eastern,Ampara
AL HIRA VIDYALAYAM,Eastern,Ampara
MALDENIYA P.V,North Central,Polonnaruwa
SALASUMGAMA P.V,North Central,Polonnaruwa
THAHIRA VIDYALAYA,Eastern,Ampara
IRAKKAMAM MATHEENA VIDYALAYAM,Eastern,Ampara
VIKNESWARA VIDYALAYAM,Eastern,Ampara
SRI MURUGAN VIDYALAYAM,Eastern,Ampara
OLUVIL SOUTH FATHIMA VIDYALAYA,Eastern,Ampara
SENGAMAM AL-MINA VIDYALAYA,Eastern,Ampara
PALAKKUDA PALAVINAYAGAR VID,Eastern,Ampara
ISMAIL VIDYALAYAM,Eastern,Ampara
SRI SUBODA P.V.,Eastern,Ampara
KM/AK/AL-AQSHA VIDYALAYA,Eastern,Ampara
AL-MINA VIDIYALAYA,Eastern,Ampara
KANNAHI VIDYALAYAM,Eastern,Ampara
SHANMUGA VIDYALAYAM,Eastern,Ampara
NAMAGAL VIDYALAYAM,Eastern,Ampara
GERMAN FRIENDSHIP PRIMARY SCHOOL,Eastern,Ampara
HIJRA VIDYALAYA POTTUVIL,Eastern,Ampara
AL HIKMA MUSLIM VIDYALAYAM,Eastern,Ampara
MARUTHAMUNAI AL- MADEENA VIDYALAYAM,Eastern,Ampara
SRI NAVALAR VIDYALAYA,Eastern,Ampara
AL ASMAN VIDYALAYAM,Eastern,Ampara
LEADER M.H.M.ASHRAFF VIDYALAYA,Eastern,Ampara
UDARA P.V.,Eastern,Ampara
ROYAL JUNIOR COLLEGE,Eastern,Ampara
M.S.KARIAPPER VIDYALAYA,Eastern,Ampara
GAYATHRI VIDYALAYAM,Eastern,Ampara
DAMUNNARUWA P.V.,Eastern,Ampara
KAVIVAANAN M.A. AZEEZ VIDYALAYA,Eastern,Ampara
MANALCHENAI G.T.M.S,Eastern,Ampara
ROTTAI G.T.M.S,Eastern,Ampara
KM/AK/AKKARAIPATTU JUNIOR VIDYALAYA,Eastern,Ampara
KM/AK/MOHAMMADHIYA JUNIOR VIDYALAYA,Eastern,Ampara
KM/AK/IBNU SEENA JUNIOR VIDYALAYA,Eastern,Ampara
KM/AK/DHARUL ILLM VIDYALAYA,Eastern,Ampara
SIRISANDA PRIMARY VIDYALAYA,Eastern,Ampara
SUDHARMAJOTHI PRIMARY SCHOOL,Eastern,Ampara
MIRISWATHTHA SRI ABAYAREWATHA PRIMARI SCHO,Eastern,Ampara
AHATHIYAR VIDYALAYAM,Eastern,Ampara
VIPULANANTHA G.T.M.S,Eastern,Ampara
THIRUVALLUVAR VIDYALAYAM,Eastern,Ampara
ANNAI SARATHA MIXED SCHOOL,Eastern,Ampara
ROYAL VIDYALAYA - KALMUNAI,Eastern,Ampara
AKBAR VIDYALAYA,Eastern,Ampara
LEADER JUNIOR SCHOOL,Eastern,Ampara
ASSIRAJ JUNIOR SCHOOL,Eastern,Ampara
SENARATH SOMARATHANA PRIMARY SCHOOL,Eastern,Ampara
AS-SAATHIQ VIDYALAYA,Eastern,Ampara
WIMALAWEERA DISSANAYAKA MODEL SCHOOL,Eastern,Ampara
VIHARAMAHADEVI PRIMARY VIDYALAYA,Eastern,Ampara
MANDANAI T.M.S,Eastern,Ampara
DEEGAYU DISSANAYAKA PRIMARY SCHOOL,Eastern,Ampara
SUMANASARA PRIMARY SCHOOL,Eastern,Ampara
AL-HIKMA JUNIOR SCHOOL,Eastern,Ampara
GALWALAYAYA PRIMARY SCHOOL,Eastern,Ampara
AL-ASHRAQ JUNIOR SCHOOL,Eastern,Ampara
POTTUVIL OSMANIYA JUNIOR VIDYALAYA,Eastern,Ampara
AL-MADEENA VIDYALAYA,Eastern,Ampara
AK/AL-MINARA VIDIYALAYA,Eastern,Ampara
SEERPATHADEVI VIDYALAYAM,Eastern,Ampara
NILAMIYA JUNIOR SCHOOL,Eastern,Ampara
MAHANAGAPURA THAKSHILA PRIMARY COLLEGE,Eastern,Ampara
RAJAGALA PRIMARY SCHOOL,Eastern,Ampara
VINAYAGAPURAM KANISTA VID,Eastern,Ampara
AL-MARWA VIDYALAYA,Eastern,Ampara
VARIPPATHTANCHENAI AL AZHAR VIDYALAYAM,Eastern,Ampara
PADAVI PALUGAHAWANGUWA M.V.,Eastern,Trincomalee
PADAVI SRIPURA P.V.,Eastern,Trincomalee
PADAVI GEMUNUPURA V.,Eastern,Trincomalee
PADAVI YAYA 10 THISSA V.,Eastern,Trincomalee
PADAVI TRACK 11-12 M.V.,Eastern,Trincomalee
PADAVI JAYANTHI M.V.,Eastern,Trincomalee
PADAVI TRACK 13 V.,Eastern,Trincomalee
PARANAMEDAWACHCHIYA VIDYALAYA,Eastern,Trincomalee
PADAVI TRACK 78 V.,Eastern,Trincomalee
KANIJAWELI SINHALA VIDYALAYA,Eastern,Trincomalee
T/T/SAGARAPURA SINHALA VIDYALAYA,Eastern,Trincomalee
T/T/PULMODDAI MUSLIM CENTRAL COLLEGE,Eastern,Trincomalee
T/T/THIRIYAI TAMIL MAHA VIDYALAYAM,Eastern,Trincomalee
KALLAMPATHAI GOVERNMENT TAMIL MIXED SCHOOL,Eastern,Trincomalee
PUDAVAIKATTU MUSLIM VIDYALAYAM,Eastern,Trincomalee
AN-NOORIYA MUSLIM MAHA VIDYALAYA,Eastern,Trincomalee
VIVEKANANDA MAHA VIDYALAYAM,Eastern,Trincomalee
IRANAIKERNY GOVERNMENT TAMIL MIXED SCHOOL,Eastern,Trincomalee
GOMARANKADAWALA M.V.,Eastern,Trincomalee
PAMBURUGASWEWA V.,Eastern,Trincomalee
MADAWACHCHIYA V.,Eastern,Trincomalee
KALYANAPURA V.,Eastern,Trincomalee
KANDAMALAWA V.,Eastern,Trincomalee
MAILAWEWA V.,Eastern,Trincomalee
GALKADAWALA V.,Eastern,Trincomalee
VILPANAKULAMA V.,Eastern,Trincomalee
MORAWEWA NORTH SIN.V.,Eastern,Trincomalee
MORAWEWA SOUTH SIN.V.,Eastern,Trincomalee
ETHABENDIWEWA V.,Eastern,Trincomalee
MAHADIWULWEWA M.V.,Eastern,Trincomalee
NALLAKUDDIARU G.M.M.S.,Eastern,Trincomalee
MORAWEWA TRACK 06 V.,Eastern,Trincomalee
KAMBAKOTTE V.,Eastern,Trincomalee
ROTAWEWA MUS.M.V.,Eastern,Trincomalee
NOCHCHIKULAM G.T.M.S.,Eastern,Trincomalee
AWAINAGAR G.T.M.S.,Eastern,Trincomalee
SINGHEPURA VIDYAWARDANA V.,Eastern,Trincomalee
KUMPURUPIDDY METHODIST MISSION TAMIL MIXED SCH,Eastern,Trincomalee
T/T/AL-HAMRA MAHA VIDYALAYAM,Eastern,Trincomalee
GOPALAPURAM GTM SCHOOL,Eastern,Trincomalee
NILAVELI ROMAN CATHOLIC TAMIL MIXED SCHOOL,Eastern,Trincomalee
NILAVELI KAILESHWARA COLLEGE,Eastern,Trincomalee
AL-FATHAH MAHA VIDYALAYAM,Eastern,Trincomalee
T/T/MOHAMADIYA VIDYALAYAM,Eastern,Trincomalee
ATHIMODDAI TAMIL VIDYALAYAM,Eastern,Trincomalee
SAMPALTIVU TAMIL MAHA VIDYALAYAM,Eastern,Trincomalee
T/T/SALLY AMBAL MAHA VIDYALAYAM,Eastern,Trincomalee
SRI SHANMUGA HINDU LADIES' COLLEGE,Eastern,Trincomalee
T/T/PERUNTHERU VIGNESWARA MAHA VIDYALAYAM,Eastern,Trincomalee
FRANCIS XAVIER MAHA VIDYALAYAM,Eastern,Trincomalee
T/T/SINHALA MADYA MAHA VIDYALAYA,Eastern,Trincomalee
ORR'S HILL VIVEKANANDA COLLEGE,Eastern,Trincomalee
RAJAKEEYA VIDYALOKA M.V. (N.S.) -TRINCOMALEE,Eastern,Trincomalee
T/T/NAMAGAL VIDYALAYAM,Eastern,Trincomalee
T/T/SRI KONALINGA MAHA VIDYALAYAM,Eastern,Trincomalee
ABAYAPURA MAHA VIDYALAYA,Eastern,Trincomalee
T/T/SRI SIDDARTHA VIDYALAYA,Eastern,Trincomalee
AL AZHAR MUSLIM MAHA VIDYALAYM,Eastern,Trincomalee
T/T/TISSA MAHA VIDYALAYA,Eastern,Trincomalee
T/T/METHODIST GIRLS' COLLEGE,Eastern,Trincomalee
PUNITHAVALANAR TAMIL VIDYALAYAM,Eastern,Trincomalee
T/T/ST.MARY'S COLLEGE,Eastern,Trincomalee
T/T/R.K.M.SRI KONESWARA HINDU COLLEGE,Eastern,Trincomalee
T/T/ZAHIRA COLLEGE,Eastern,Trincomalee
ST.JOSEPH'S COLLEGE,Eastern,Trincomalee
T/T/VILGAMULLA VIDYALAYA,Eastern,Trincomalee
T/T/KANNIYA RAVANESWARAN TAMIL VIDYALAYAM,Eastern,Trincomalee
T/T/BARATHI TAMIL VIDYALAYAM,Eastern,Trincomalee
T/T/SELVANAYAGAPURAM HINDU MAHA VIDYALAYAM,Eastern,Trincomalee
JAMALIYA MUSLIM MAHA VIDYALAYAM,Eastern,Trincomalee
T/T/KALAIMAGAL MAHA VIDYALAYAM,Eastern,Trincomalee
AL-MINHAJ MUSLIM MAHA VIDYALAYAM,Eastern,Trincomalee
T/T/SRI VANI VIDYALAYAM,Eastern,Trincomalee
T/T/VIPULANANDA COLLEGE,Eastern,Trincomalee
MIHINDUPURA VIDYALAYA,Eastern,Trincomalee
SRI SUMEDHANKARA MAHA VIDYALAYA,Eastern,Trincomalee
NALANDA MAHA VIDYALAYA,Eastern,Trincomalee
CHINABAY TAMIL VIDYALAYAM,Eastern,Trincomalee
MUTHUNAGAR MUSLIM VIDYALAYAM,Eastern,Trincomalee
T/T/SARASWATHY VIDYALAYAM,Eastern,Trincomalee
DHARUSSALAM M.VIDYALAYAM,Eastern,Trincomalee
BUHARY NAGAR MUS. M.VIDYALAYAM,Eastern,Trincomalee
AS SAMS VIDYALAYAM,Eastern,Trincomalee
MULLIPOTHANA CENTRAL COLLEGE,Eastern,Trincomalee
T/T/MULLIPOTHANAI VIGNESWARA VIDYALAYAM,Eastern,Trincomalee
SALIYAPURA VIDYALAYA,Eastern,Trincomalee
MOLLIPOTHANA SINHALA MAHA VIDYALAYA,Eastern,Trincomalee
GALMETIYAWA VIDYALAYA,Eastern,Trincomalee
GEMUNUPURA VIJITHA VIDYALAYA,Eastern,Trincomalee
JAYAPURA VIDYALAYA,Eastern,Trincomalee
SIRAJ MUS. M.VIDYALAYAM,Eastern,Trincomalee
AL HICKMA MUS. M.VIDYALAYAM,Eastern,Trincomalee
SIVASAKTHI GOVT TAMIL MIXED SCHOOL,Eastern,Trincomalee
T/T/KULAKKODDAN TAMIL VIDYALAYAM,Eastern,Trincomalee
T/T/R.K.M.SARATHA VIDYALAYAM,Eastern,Trincomalee
PALAMPOTTARU SITHI VINAYAKAR VIDYALAYAM,Eastern,Trincomalee
T/T/AATHIKONESWARA MAHA VIDYALAYAM,Eastern,Trincomalee
MAHWELIPURA VIDYALAYA,Eastern,Trincomalee
JAYANTHIPURA VIDYALAYA,Eastern,Trincomalee
WANELA MAHA VIDYALAYA,Eastern,Trincomalee
WAN ELA MUS. VIDYALAYAM,Eastern,Trincomalee
AL-THARIQUE MAHA VIDYALAYA,Eastern,Trincomalee
SEEWALI VIDYALAYA,Eastern,Trincomalee
RAJAELA VIDYALAYA,Eastern,Trincomalee
WENDRASANPURA VIDYALYA,Eastern,Trincomalee
GANTHALAWA MAHA VIDYALAYA,Eastern,Trincomalee
BANDARANAYAKE VIDYALAYA,Eastern,Trincomalee
D.S.SENANAYAKE MAHA VIDYALAYA,Eastern,Trincomalee
VADDUKACHCHI GOVERNMENT MIXED MUSLIM SCHOOL,Eastern,Trincomalee
AGBOPURA MAHA VIDYALAYA,Eastern,Trincomalee
VIGNESHWARA VIDYALAYA,Eastern,Trincomalee
AGRABODHI NATIONAL SCHOOL,Eastern,Trincomalee
PERARU PARAMESWARA MAHA VIDYALAYA,Eastern,Trincomalee
PERATHUVELI MUSLIM MAHA VIDYALAYA,Eastern,Trincomalee
KANTHALE CENTRAL COLLAGE,Eastern,Trincomalee
AGBOGAMA VIDYALAYA,Eastern,Trincomalee
MAHAWELIGAMA MAHA VIDYALAYA,Eastern,Trincomalee
NEELAPOLA VIDYALAYA,Eastern,Trincomalee
SERUWILA MAHA VIDYALAYA,Eastern,Trincomalee
DEHIWATTA VIDYALAYA,Eastern,Trincomalee
SOMAPURA MODEL SCHOOL,Eastern,Trincomalee
SOMADEVI VIDYALAYA,Eastern,Trincomalee
GAMINI VIDYALAYA,Eastern,Trincomalee
KAWANTISSA VIDYALAYA,Eastern,Trincomalee
LINKAPURAM SARASWATHI VIDYALAYAM,Eastern,Trincomalee
SHANPAHAVALLI VIDYALAYAM,Eastern,Trincomalee
SACRET HEART VIDYALAYAM,Eastern,Trincomalee
PERIYAVELI GOVERMENT MIXED SCHOOL,Eastern,Trincomalee
MALLIHAITHEEVU MAHA VIDYALAYAM,Eastern,Trincomalee
T/M/PADDITHIDAL MAHAVIDYALAYAM,Eastern,Trincomalee
MUNNAMPODIVEDDAI G.T.M.V.,Eastern,Trincomalee
MENKAMAM GOVERNMENT TAMIL MIXED SCHOOL,Eastern,Trincomalee
AL-FALAH VIDYALAYAM,Eastern,Trincomalee
BARATHI VIDYALAYAM,Eastern,Trincomalee
KILIVETTI MAHA VIDYALAYAM,Eastern,Trincomalee
KANGUVELI AGATHIYAR VIDYALAYAM,Eastern,Trincomalee
AL-THAJ MAHA VIDYALAYAM,Eastern,Trincomalee
ZAHIRA VIDYALAYAM,Eastern,Trincomalee
FATHIMA MUSLIM LADIES COLLEGE,Eastern,Trincomalee
AL-HAMBRA CENTRAL COLLEGE,Eastern,Trincomalee
AL-SHIFA VIDYALAYA,Eastern,Trincomalee
AN-NOOR VIDYALAYAM,Eastern,Trincomalee
THIRUVALLUWAR VIDYALAYAM,Eastern,Trincomalee
SRI SHANPAHA MAHA VIDYALAYAM,Eastern,Trincomalee
KARUKKAMUNAI GOVERNMENT TAMIL MIXED SCHOOL,Eastern,Trincomalee
ELANGAITHURAIMUHATHUVARAM HINDU COLLEGE,Eastern,Trincomalee
MAWADICHCHENAI GOVERNMENT TAMIL MIXED SCHOOL,Eastern,Trincomalee
MUTHTHUCHENAIGOVERNMENT TAMIL MIXED SCHOOL,Eastern,Trincomalee
VALAITHODDAM GOVERNMENT TAMIL MIX SCHOOL,Eastern,Trincomalee
T/MU/THUVARAKA VIDYALAYAM,Eastern,Trincomalee
KOONITHEEVU NAVALAR VIDYALAYAM,Eastern,Trincomalee
ELAKKANTHAI GOVERNMENT TAMIL MIX SCHOOL,Eastern,Trincomalee
SAMPOOR MAHA VIDYALAYAM,Eastern,Trincomalee
KADATKARAICHENAI GOVERNMENT TAMIL MIXED VIDYA,Eastern,Trincomalee
T/MU/CHENAIYOOR CENTRAL COLLEGE,Eastern,Trincomalee
VIPULANANTHA VIDYALAYAM,Eastern,Trincomalee
ARAFA NAGAR G.M.M.S,Eastern,Trincomalee
KALAIMAHAL HINDU COLLEGE,Eastern,Trincomalee
NALLOOR GOVERNMENT TAMIL MIXED SCHOOL,Eastern,Trincomalee
T/MU/PAMAHAL TAMIL VIDYALAYAM,Eastern,Trincomalee
SHRIKAJAMUGA TAMIL VIDYALAYAM,Eastern,Trincomalee
ST.ANTONY'S MAHA VIDYALAYAM,Eastern,Trincomalee
T/MU/AL-HILAL CENTRAL COLLEGE,Eastern,Trincomalee
AL-HITHAYA MAHA VIDYALAYA,Eastern,Trincomalee
AN-NAHAR GIRLS MAHA VIDYALAYA,Eastern,Trincomalee
MUTUR CENTRAL COLLEGE,Eastern,Trincomalee
ALIMCHENAI GOVERNMENT MUSLIM MIXED SCHOOL,Eastern,Trincomalee
T/MU/IMAM SHAFI VIDYALAYA,Eastern,Trincomalee
AL-MINA MAHA VIDYALAYA,Eastern,Trincomalee
SINHALA MAHA VIDYALAYA,Eastern,Trincomalee
KURINCHAKERNY GIRLS M.VIDYALAYAM,Eastern,Trincomalee
KINNIYA AL AQSA COLLEGE,Eastern,Trincomalee
AL HIRA MUS. GIRLS M.VIDYALAYAM,Eastern,Trincomalee
AL HAJ EHUTHAR VIDYALAYAM,Eastern,Trincomalee
PERIYA KINNIYA BOYS SCHOOL,Eastern,Trincomalee
KINNIYA MUSLIM GIRLS' M.VIDYALAYAM,Eastern,Trincomalee
KINNIYA CENTRAL COLLEGE,Eastern,Trincomalee
IHSHANIYI GIRLS VIDYALAYAM,Eastern,Trincomalee
AL RAWLA VIDYALAYAM,Eastern,Trincomalee
UPPARU AL HITHAYA VIDYALAYAM,Eastern,Trincomalee
KURINCHAKERNY ARAFA M.VIDYALAYAM,Eastern,Trincomalee
AL-MUJAHITHA VIDYALAYAM,Eastern,Trincomalee
DHARUL ULOOM M.VIDYALAYAM,Eastern,Trincomalee
KAKAMUNAI GMMS.,Eastern,Trincomalee
AN-NAJATH M.VIDYALAYAM,Eastern,Trincomalee
ALIGAR M.VIDYALAYAM,Eastern,Trincomalee
AL-AMEEN VIDYALAYAM,Eastern,Trincomalee
AL AHLA VIDYALAYAM,Eastern,Trincomalee
VEPPANTHAVANAI ZAHIRA VIDYALAYAM,Eastern,Trincomalee
VAN ELA BUHARY M.VIDYALAYAM,Eastern,Trincomalee
KALLADY VEDDUWAN BUHARY NAGAR VIDYALAYAM,Eastern,Trincomalee
SUNKANKULLY KALAIMAHAL VIDYALAYAM,Eastern,Trincomalee
BARAKATH NAGAR MUS. VIDYALAYAM,Eastern,Trincomalee
AL MINA M.VIDYALAYAM,Eastern,Trincomalee
AS-SAFA V.,Eastern,Trincomalee
EACHCHANTHEEVU VIPULANANDA VIDYALAYAM,Eastern,Trincomalee
ALANKERNY VINAYAGAR M.VIDYALAYAM,Eastern,Trincomalee
SAMPOOR SRI MURUGAN VIDYALAYAM,Eastern,Trincomalee
SOODAIKUDA BARATHI VIDYALAYAM,Eastern,Trincomalee
AMMAN NAGAR AMBAL VIDYALAYAM,Eastern,Trincomalee
DHARUSSALAM VIDYALAYAM,Eastern,Trincomalee
FATHIMA BALIGA M.VIDYALAYAM,Eastern,Trincomalee
BATHIYAGAMA PRIMARY SCHOOL,Eastern,Trincomalee
NIJAMIYA MUS. VIDYALAYAM,Eastern,Trincomalee
KIVLEKADA V.,Eastern,Trincomalee
PULIKANDIKULAMA V.,Eastern,Trincomalee
IDIMAN AL MINHAJ VIDYALAYAM,Eastern,Trincomalee
JOHARA UMMA VIDYALAYAM,Eastern,Trincomalee
AL IQBAL VIDYALAYAM,Eastern,Trincomalee
AL IRFAN M.VIDYALAYAM,Eastern,Trincomalee
AL-MADINA VIDYALAYAM,Eastern,Trincomalee
SANGAMA MODEL VILLAGE PRIMARY SCHOOL,Eastern,Trincomalee
AL-MANAR VIDYALAYAM,Eastern,Trincomalee
SATHAM VIDYALAYA,Eastern,Trincomalee
SRIGANESHA VIDYALAYAM,Eastern,Trincomalee
KIRAVATKULI SIVASHAKTHI VIDYALAYAM,Eastern,Trincomalee
VIVEKANANTHA VIDYALAYAM,Eastern,Trincomalee
ADHAN VIDYALAYAM,Eastern,Trincomalee
TB JAYA GIRL'S M.VIDYALAYAM,Eastern,Trincomalee
ARRUFF MUSLIM VIDYALAYA,Eastern,Trincomalee
ASSAFA VIDYALAYA,Eastern,Trincomalee
JINNAHPURAM GOVERNMENT MUSLIM MIXED SCHOOL,Eastern,Trincomalee
ARAFATH MAHA VIDYALAYAM,Eastern,Trincomalee
THENNAMARAVADI GOVT TAMIL MIXED SCHOOL,Eastern,Trincomalee
IRAKKANDI SINHALA VIDYALAYA,Eastern,Trincomalee
ILANTHAIKULAM GOVERNMENT MUSLIM MIXED SCHOOL,Eastern,Trincomalee
KALLARAWA ST. ANTONY'S VIDYALAYA,Eastern,Trincomalee
PERAMADUWA VIDYALAYA,Eastern,Trincomalee
AYSHA GIRLS MAHA VIDYALAYA,Eastern,Trincomalee
ABDUL MAJEED VIDYALAYAM,Eastern,Trincomalee
AL FURKKAN VIDYALAYAM,Eastern,Trincomalee
KALLADI SRI MALAINEBLI AMMAN VIDYALAYAM,Eastern,Trincomalee
PUNNAYADI NAMAHAL VIDYALAYAM,Eastern,Trincomalee
ELANKATHURAI ALAIMAKAL VIDYALAM,Eastern,Trincomalee
T/MU/SRI SITHTHIVINAYAGAR VIDYALAYAM,Eastern,Trincomalee
CHENAIYOOR VIDYALAYAM,Eastern,Trincomalee
THIRUKKONESWARA VIDYALAYAM,Eastern,Trincomalee
HAMIDIYA NAGAR MUS. VIDYALAYAM,Eastern,Trincomalee
AL-HAIRIYA VIDYALAYAM,Eastern,Trincomalee
AL-HUSSAINIYA VIDYALAYA,Eastern,Trincomalee
PUVANESWARY VIDYALAYAM,Eastern,Trincomalee
MALAIMUNTHAL MALAIMAHAL VIDYALAYAM,Eastern,Trincomalee
AL-AMAAN VIDYALAYAM,Eastern,Trincomalee
DHARMARAJA VIDYALAYA,Eastern,Trincomalee
VIDDAVAN SRI THANTHOONREESVARAR VIDYALAYAM,Eastern,Trincomalee
SINNAKKULAM G.T.M.S,Eastern,Trincomalee
JAYA VIDYALAYAM,Eastern,Trincomalee
ABDUL HAMEED VIDYALAYAM,Eastern,Trincomalee
AL AKTHAB VIDYALAYAM,Eastern,Trincomalee
AN NOOR VIDYALAYAM,Eastern,Trincomalee
EACHCHANAGAR AL MADEENA VIDYALAYAM,Eastern,Trincomalee
T/T/BARATHIPURAM PARASAKTHI VIDYALAYAM,Eastern,Trincomalee
PANSALGODELLA PRIMARY SCHOOL,Eastern,Trincomalee
UPPARU VAISHNAVI VIDYALAYAM,Eastern,Trincomalee
AL MADEENA VIDYALAYAM,Eastern,Trincomalee
SIVASAKTHY VIDYALAYA UPPOORAL EACHCHILAMPATTU,Eastern,Trincomalee
T/MU/SEENANVELI ATHAVAN VIDYALAYAM,Eastern,Trincomalee
AL AZHAR MUS. VIDYALAYAM,Eastern,Trincomalee
MEERA NAGAR MUS. VIDYALAYAM,Eastern,Trincomalee
MUTUR MUSLIM LADIES COLLEGE,Eastern,Trincomalee
ASHRAFF VIDYALAYA,Eastern,Trincomalee
HAKEEM VIDYALAYAM,Eastern,Trincomalee
AYISHA VIDYALAYAM,Eastern,Trincomalee
T/MU/FURKKANIYA VIDYALAYAM,Eastern,Trincomalee
T/T/SRI MATHUMAI AMBAL VIDYALAYAM,Eastern,Trincomalee
AS SALAH VIDYALAYAM,Eastern,Trincomalee
AZ ZAKARIYA VIDYALAYAM,Eastern,Trincomalee
OUR LADY OF LOURDES ROMAN CATHOLIC VIDYALAYAM,Eastern,Trincomalee
DHARUL JANNAH VIDYALAYAM,Eastern,Trincomalee
T/MU/IYNGARAN VIDYALAYAM,Eastern,Trincomalee
T/MU/UMAR FAROOK VIDYALAYAM,Eastern,Trincomalee
T/T/AS-SAFA MUSLIM VIDYALAYAM,Eastern,Trincomalee
AN NAJEEB VIDYALAYAM,Eastern,Trincomalee
AL-HATHI VIDYALAYAM,Eastern,Trincomalee
GIRLS' HIGH SCHOOL,Eastern,Trincomalee
T/T/KUMPURUPIDDY JUNIOR SCHOOL,Eastern,Trincomalee
AL-ZAHIR VIDYALAYAM,Eastern,Trincomalee
SIRAJ JUNIOR VIDYALAYAM,Eastern,Trincomalee
AGBOPURA JUNIOR VIDYALAYA,Eastern,Trincomalee
PADAVI PALUGAHAWANGUWA P V,Eastern,Trincomalee
SALMA GIRLS VIDYALAYAM,Eastern,Trincomalee
T/T/SALAMIYA VIDYALAYAM,Eastern,Trincomalee
T/T/SATHAM MUSLIM VIDYALAYAM,Eastern,Trincomalee
GANTHALAWA JUNIOR SCHOOL,Eastern,Trincomalee
MAHAWELIGAMA JUNIOR SCHOOL,Eastern,Trincomalee
MOLLIPOTHANA PRIMARY SCHOOL,Eastern,Trincomalee
AL HIJRA JUNIOR VIDYALAYAM,Eastern,Trincomalee
SHIVANANTHA JUNIOR VIDYALAYAM,Eastern,Trincomalee
ELANGAITHURAIMUGATHUWARAM JUNIOR SCHOOL,Eastern,Trincomalee
"KARUMALAIYOOTHU, MUSLIM, VIDYALAYAM",Eastern,Trincomalee
T/T/ABHAYAPURA PRIMARY SCHOOL,Eastern,Trincomalee
VISHWA PRATHIBHA P.V.,Eastern,Trincomalee
SWARNAJAYANTHI P.V.,Eastern,Trincomalee
ABOOBUCKER M.P. VIDYALAYAM,Eastern,Trincomalee
DR. K.M.H. KALIDEEN VIDYALAYAM,Eastern,Trincomalee
THOWFEEK VIDYALAYAM,Eastern,Trincomalee
AL IRFAN JUNIOR VIDYALAYAM,Eastern,Trincomalee
ROYAL JUNIOR SCHOOL,Eastern,Trincomalee
MUTHUR NAJEEB ABDUL MAJEED VIDYALAYAM,Eastern,Trincomalee
WANELA JUNIOR SCHOOL,Eastern,Trincomalee
T/T/NAVATCHOLAI JUNIOR SCHOOL,Eastern,Trincomalee
A.M.M. MUSTHAFA VIDYALAYAM,Eastern,Trincomalee
AL AQZA PRIMARY SCHOOL,Eastern,Trincomalee
IQRA VIDYALAYAM,Eastern,Trincomalee
YOOSUFF VIDYALAYAM,Eastern,Trincomalee
AN-NOORIYA JUNIOR SCHOOL,Eastern,Trincomalee
ATHYAMMANKENY VIDYALAYAM,Eastern,Trincomalee
T/T/KONESAPURI TAMIL VIDYALAYAM,Eastern,Trincomalee
AL-THARIQUE JUNIOR VIDYALAYA,Eastern,Trincomalee
KOOFA VIDYALAYAM,Eastern,Trincomalee
AL-HAMRA MUSLIM BOYS' SCHOOL,Eastern,Trincomalee
CHENAIYOOR JUNIOR SCHOOL,Eastern,Trincomalee
AL HILAL JUNIOR SCHOOL,Eastern,Trincomalee
PARAKRAMABAHU MADYA MAHA VIDYALAYA,North Western,Kurunegala
DUTUGEMUNU CENTRAL COLLEGE,North Western,Kurunegala
D.S SENANAYAKA MADYA MAHA VIDYALAYA,North Western,Kurunegala
UDAPOLA SRI SUMANGALA MAHA VIDYALAYA,North Western,Kurunegala
KALUGAMUWA MAHA VIDYALAYA,North Western,Kurunegala
GALLEHERA MAHA VIDYALAYA,North Western,Kurunegala
DENAGAMUWA MAHA VIDYALAYA,North Western,Kurunegala
SRI SARANANKARA SANGARAJA MAHA VIDYALAYA,North Western,Kurunegala
SRI PIYARATHANA MAHA VIDYALAYA,North Western,Kurunegala
RATHMALGODA MAHA VIDYALAYA,North Western,Kurunegala
WIMALASURENDRA VIDYALAYA,North Western,Kurunegala
"ST BERNADETTE""S MAHA VIDYALAYA",North Western,Kurunegala
SIRI PERAKUM VIDYALAYA,North Western,Kurunegala
HANDUGALA PRIMARY SCHOOL,North Western,Kurunegala
SRI SONUTHTHARA PRIMARY SCHOOL,North Western,Kurunegala
SRIMATHN ANAGARIKA DHARMAPALA VIDYALAYA,North Western,Kurunegala
BUWANEKABA VIDYALAYA,North Western,Kurunegala
SRI SUMANASARA VIDYALAYA,North Western,Kurunegala
KALIDELIYA KANISHTA VIDYALAYA,North Western,Kurunegala
GENARAL DENZIL KOBBEKADUWA PRIMARY SCHOOL,North Western,Kurunegala
SRI DEERANANDA VIDYALAYA,North Western,Kurunegala
KUMBALOLUWA JUNIOR SCHOOLA,North Western,Kurunegala
GAMMANAPRIMARI SCHOOL,North Western,Kurunegala
SAPUMAL KUMARAIDYALAYA,North Western,Kurunegala
WAYAMBA DHARMARAJA VIDYARAJA VIDYALAYA,North Western,Kurunegala
WAYAMBA VIDYARAJA VIDYALAYA,North Western,Kurunegala
POLPITIYA KANISHTA VIDYALAYA,North Western,Kurunegala
MAWATHTHA KANISHTA VIDYALAYA,North Western,Kurunegala
WELAMITIYAWA SIRI GUNARATHNA K,North Western,Kurunegala
RATHNALOKA VIDYALAYA,North Western,Kurunegala
ST. BERNADETTE'S MODEL SCHOOL,North Western,Kurunegala
VIDYALOKA VIDYALAYA,North Western,Kurunegala
VIDARSHANA PRIMARI SCHOOL,North Western,Kurunegala
ARAMBEPOLA PRIMARY SCHOOL,North Western,Kurunegala
RAMBADAGALLA M.M.V.,North Western,Kurunegala
SRI GAMINI M.M.V.,North Western,Kurunegala
GONIGODAM M.V.,North Western,Kurunegala
SIR JOHN KOTHALAWALA M.M.V.,North Western,Kurunegala
SRI VIDYARAJA M.V.,North Western,Kurunegala
PRATHIRAJADEWA M.V.,North Western,Kurunegala
BULUWALA M.V.,North Western,Kurunegala
KOSWATHTHA M.V.,North Western,Kurunegala
WEERAWALAGAMBA M.V.,North Western,Kurunegala
NALANDAWA P V,North Western,Kurunegala
AMBAKOTE P V,North Western,Kurunegala
IKIRIWATHA P V,North Western,Kurunegala
IRIYAGOLLA M.V.,North Western,Kurunegala
EGODAMULLA P V,North Western,Kurunegala
KATIYAWA P V,North Western,Kurunegala
KANDUPALATHA K.V.,North Western,Kurunegala
DELVITA M.V.,North Western,Kurunegala
NIYANGAMA P V,North Western,Kurunegala
PAHALA OGODAPOLA K.V.,North Western,Kurunegala
MEDAGAMA K.V.,North Western,Kurunegala
MIRISSAL K.V.,North Western,Kurunegala
MORATHIHAP V,North Western,Kurunegala
RATHVITA P V,North Western,Kurunegala
RANTHETI KAMDA P V,North Western,Kurunegala
RIDEEVIHARA M.V.,North Western,Kurunegala
REDDAGODA K.V.,North Western,Kurunegala
UDANVITA M.V.,North Western,Kurunegala
KALUGAHATHENNA P V,North Western,Kurunegala
KIRIBATHGALLA K.V.,North Western,Kurunegala
BALAWATHTHALA P V,North Western,Kurunegala
ALAWA K.V.,North Western,Kurunegala
NELAULLA P V,North Western,Kurunegala
DODAMGASLANDA RAJAKEEYA VIDYALAYA,North Western,Kurunegala
PUSSELLA P V,North Western,Kurunegala
BULUWALAKANDA P V,North Western,Kurunegala
LIHINIWEHERA P V,North Western,Kurunegala
DUNUMAWA P V,North Western,Kurunegala
UDAHOROMBUWA P V,North Western,Kurunegala
MAWATHAGAMA M.M.V.,North Western,Kurunegala
SRI NISHSHANKA M.M.V. (N.S.) - INDULGODAKANDA,North Western,Kurunegala
THALAMPITIYA P.V.,North Western,Kurunegala
THIRAGAMA M.V. KOHILEGEDARA,North Western,Kurunegala
DIGAMPITIYA SRI PIYARATHANA M.V.,North Western,Kurunegala
PILESSA MAHA VIDYALAYA,North Western,Kurunegala
POTHUBOWA MAHA VIDYALAYA,North Western,Kurunegala
BOGAMUWA CENTRAL COLLEGE,North Western,Kurunegala
MEETHSNWALA M.V.,North Western,Kurunegala
WATAREKA M.V.,North Western,Kurunegala
WEUDA ROYAL CENTRAL COOLLEGE,North Western,Kurunegala
ALAKOLADENIYA BOUDDHA VIDYALAYA,North Western,Kurunegala
KAHAPATHWALA V,North Western,Kurunegala
KATUPITIYA VIDYALAYA,North Western,Kurunegala
KETAWALA JONIOR SCHOOL,North Western,Kurunegala
WAYABA WISWALOKA V.,North Western,Kurunegala
WAYAMBA SWARNA PRADEEPA VIDYALAYA,North Western,Kurunegala
DORATIYAWA V,North Western,Kurunegala
MADAWA UDUMULLA VIDYALAYA,North Western,Kurunegala
WAYAMBAC W W KANNANGARA M.V.,North Western,Kurunegala
MEDDEGAMA JUNIOR SCHOOL,North Western,Kurunegala
YATIWALA SRI GUNANANDA V.,North Western,Kurunegala
ATHUGALPURA SINHALOKA VIDYALAYA,North Western,Kurunegala
HENGAWA KANISHTA V,North Western,Kurunegala
ATHUGALPURA PRINCE COLLEGE,North Western,Kurunegala
KOSGOLLA KANISHTA VIDYALAYA,North Western,Kurunegala
MAWATHAGAMA ROMAN CATHOLIC COLLEGE,North Western,Kurunegala
RIYAL COLLEGE,North Western,Kurunegala
AKADE PRIMARY SCHOOL,North Western,Kurunegala
ATHUGALPURA DHARMAPALA VIDYALAYA,North Western,Kurunegala
IRIMINNA K.V.,North Western,Kurunegala
GONAGALDENIYA PRIMARY SCHOOL,North Western,Kurunegala
MALAGANE SARASWATHIE VIDYALAYA,North Western,Kurunegala
ITHANAWATHTHA M.V.,North Western,Kurunegala
THISSA M.M.V.,North Western,Kurunegala
ISIPATHANA M.M.V.,North Western,Kurunegala
SRI SUMANGALA M.M.V.,North Western,Kurunegala
AMUNUGAMA K.V.,North Western,Kurunegala
KANOTUWA K.V.,North Western,Kurunegala
KEDAPATHWEHERA K.V.,North Western,Kurunegala
KONGOLLA K.V.,North Western,Kurunegala
GANTHIRIYAWA M.V.,North Western,Kurunegala
GOLUWAWA K.V.,North Western,Kurunegala
THABILIPOLA K.V.,North Western,Kurunegala
DEMATALUWA M.V.,North Western,Kurunegala
NATHAGANE K.V.,North Western,Kurunegala
NAWINNA K.V.,North Western,Kurunegala
MAHINDODAYA P.V.,North Western,Kurunegala
MAHAKELIYA M.V.,North Western,Kurunegala
RATHMALE SRI REWATHA,North Western,Kurunegala
WALPOLA K.V.,North Western,Kurunegala
SRI GANODAYA M.M.V.,North Western,Kurunegala
SRI SARANANDA K.V.,North Western,Kurunegala
SRI SUMANGALA P.V.,North Western,Kurunegala
KATUPOTHA P.V.,North Western,Kurunegala
KITHULWAHARA K.V.,North Western,Kurunegala
THALGAMUWA P.V.,North Western,Kurunegala
MALASNA DEWARAJA P.V.,North Western,Kurunegala
MALWANA P.V.,North Western,Kurunegala
ABAKADAWARA M.V.,North Western,Kurunegala
SANGABODHI M.M.V.,North Western,Kurunegala
MINUWANGATE M.V.,North Western,Kurunegala
KARAGASWEWA K.V.,North Western,Kurunegala
KURUNAWA K.V.,North Western,Kurunegala
NARAMANA WALAGAMBA M.V.,North Western,Kurunegala
NABADAWAWA P.V.,North Western,Kurunegala
SRI SUNANDA M.V.,North Western,Kurunegala
BAYAWA K.V.,North Western,Kurunegala
MALAGANE M.V.,North Western,Kurunegala
RAMBUKANA P.V.,North Western,Kurunegala
WEPATHTHANGE P.V.,North Western,Kurunegala
HAL/THENNAKOONGAMA M.V.,North Western,Kurunegala
ETHAWA P.V.,North Western,Kurunegala
KATAGAMUWA P.V.,North Western,Kurunegala
THABARAWA P.V.,North Western,Kurunegala
NETIYA K.V.,North Western,Kurunegala
BOGODA P.V.,North Western,Kurunegala
MIRIHANEGAMA M.V.,North Western,Kurunegala
SUNDARAGAMA P.V.,North Western,Kurunegala
HERATHGAMA P.V.,North Western,Kurunegala
WALPALUWA P.V.,North Western,Kurunegala
KONOTHTHA P.V.,North Western,Kurunegala
DABALIYADDA P.V.,North Western,Kurunegala
IBBAGAMUWA CENTRAL COLLEGE,North Western,Kurunegala
SIR WILIYAM GOPALLAWA M.M.V.,North Western,Kurunegala
KUMBUKWEWA M.V.,North Western,Kurunegala
THAKSHALA M.V.,North Western,Kurunegala
MEDAMULLA DE MEL M.V.,North Western,Kurunegala
IBBAGAMUWA MODEL S.,North Western,Kurunegala
OMARAGOLLA M.V.,North Western,Kurunegala
KIRIBAMUNA P.V.,North Western,Kurunegala
GASSANDALUPOTHA V.,North Western,Kurunegala
NAMALANGA M.V.,North Western,Kurunegala
DIDDENIYA V.,North Western,Kurunegala
AKKARAPANAHA K.V.,North Western,Kurunegala
WAYAMBA PRESIDENT COLLEGE,North Western,Kurunegala
UDAKENDAVALA V.,North Western,Kurunegala
USSAWA P.V.,North Western,Kurunegala
KANAWA K.V.,North Western,Kurunegala
KIRIDIGALLA P.V.,North Western,Kurunegala
SIDDARTHA V.,North Western,Kurunegala
THALANGAMUWA K.V.,North Western,Kurunegala
NABETA V.,North Western,Kurunegala
NELAWA V.,North Western,Kurunegala
NEMBILIKUMBURA P.V.,North Western,Kurunegala
NIKAGOLLA P.V.,North Western,Kurunegala
C.W.W.KANNANGARA P.V.,North Western,Kurunegala
NEERAMMULA JAYANTHI P.V.,North Western,Kurunegala
WEERA COLONEAL NIYOMAL PALIPANA V.,North Western,Kurunegala
LENAWAV P.V.,North Western,Kurunegala
HANGAMUWA P.V.,North Western,Kurunegala
SRI WIMALASARA P.V.,North Western,Kurunegala
WEERA PARAKUM V.,North Western,Kurunegala
"GODARATHMALE VIDYARTHA P, V.",North Western,Kurunegala
KUMBUKGETE M.M.V.,North Western,Kurunegala
S.B.HERATH M.M.V.,North Western,Kurunegala
POTHUWAGONNA M.V.,North Western,Kurunegala
OTHUWELA P.V.,North Western,Kurunegala
SARUBIMA SUPIPI V.,North Western,Kurunegala
THAMBAGALLA P.V.,North Western,Kurunegala
NABIRITHTHAWEWA M.V.,North Western,Kurunegala
MAKULWEWA M.V.,North Western,Kurunegala
WELGALA K.V.,North Western,Kurunegala
WAYAMBA SHILPALOKA P.V.,North Western,Kurunegala
HIPAWWA DETUTHIS K.V.,North Western,Kurunegala
HIRIPITIYA M.P.S.,North Western,Kurunegala
HUNUPOLA M.V.,North Western,Kurunegala
ALUTHGAMA P.V.,North Western,Kurunegala
UYANGALLE K.V.,North Western,Kurunegala
UNIT 3 MAHASEN V.,North Western,Kurunegala
GALAGEDARA CHANDRAWANSHA P.V.,North Western,Kurunegala
THITHTHAWELLA P.V.,North Western,Kurunegala
DIGANKOONWEWA P.V.,North Western,Kurunegala
NINDAGAMA P.V.,North Western,Kurunegala
NEERAVIYA P.V.,North Western,Kurunegala
MANAPAYA P.V.,North Western,Kurunegala
RANKIRIMADA K.V.,North Western,Kurunegala
WADUWAWA P.V.,North Western,Kurunegala
WEWALAGAMA K.V.,North Western,Kurunegala
THIMBIRIWEWA K.V.,North Western,Kurunegala
HETTIGAMA P.V.,North Western,Kurunegala
MEEGAHAELA P.V.,North Western,Kurunegala
MAYURAPADAN.S,North Western,Kurunegala
DAMBADENIYA M.M.V.,North Western,Kurunegala
R.G.SENANAYAKE M.V.,North Western,Kurunegala
PARANAGAMA MAHA VIDYALAYA,North Western,Kurunegala
METIYAGANE M.V.,North Western,Kurunegala
KADAHAPOLA M.V.,North Western,Kurunegala
PENTHENIGODA M.V.,North Western,Kurunegala
KITHALADENIYA K.V.,North Western,Kurunegala
KIULGALLA KANISHTA VIDYALAYA,North Western,Kurunegala
KOOTTAPITIYA A.K.V.,North Western,Kurunegala
MAYURAPADA K.V.,North Western,Kurunegala
MEEWEWA P.V.,North Western,Kurunegala
MUTHUGALA K.V.,North Western,Kurunegala
YAKKAVITA P.V.,North Western,Kurunegala
RANGALLEPOLA P.V.,North Western,Kurunegala
KALUNDAWA SARANANKARA M.V.,North Western,Kurunegala
GANEGODA P.V.,North Western,Kurunegala
PARANAGAMA P.V.,North Western,Kurunegala
RANAWATHTHA P.V.,North Western,Kurunegala
RILOIUWA P.V.,North Western,Kurunegala
WERAGALA P.V.,North Western,Kurunegala
SIRIGALA WIJAYABA M.V.,North Western,Kurunegala
SARABHUMI P.V.,North Western,Kurunegala
MALIYADEVA BALIKA VIDYALAYA,North Western,Kurunegala
MALIYADEVA COLLEGE,North Western,Kurunegala
WELLAWA MADAYA MAHA WIDYALAYA,North Western,Kurunegala
SAINT ANNE'S COLLEGE,North Western,Kurunegala
HOLY FAMILY BALIKA MAHA VIDYALAYA,North Western,Kurunegala
UDABADALAWA SUDARSHANA MAHA VIDYALAYA,North Western,Kurunegala
SRI SARANANKARA MAHA VIDYALAYA,North Western,Kurunegala
MAHINDA COLLEGE,North Western,Kurunegala
PIMBURUWELLEGAMA MADYA MAHA VIDYALAYA,North Western,Kurunegala
D.B.WELAGEDARA MADYA MAHA VIDYALAYA,North Western,Kurunegala
MASPOTHA MAHA VIDYALAYA,North Western,Kurunegala
WAYAMBA JAYASANKACOLLGE,North Western,Kurunegala
LAKDASA DE MEL COLLEGE,North Western,Kurunegala
BOYAGANE MAHA VIDYALAYA,North Western,Kurunegala
ALAKOLADENIYA KANISHTA VIDYALAYA,North Western,Kurunegala
SRI MEDANKARA VIDYALAYA,North Western,Kurunegala
THALWITA KANISHTA VIDYALAYA,North Western,Kurunegala
DEMATAGOLLA KANISHTA VIDYALAYA,North Western,Kurunegala
PORAPOLA KANISHTA VIDYALAYA,North Western,Kurunegala
SIR JHON KOTHALAWALA MSHS VIDYALAYA,North Western,Kurunegala
KURUNEGALA DEFENCE SERVICES COLLGE,North Western,Kurunegala
S W R D BANDARANAYAKE COLLEGE,North Western,Kurunegala
WEHERABENDA MUSLIM VIDYALAYA,North Western,Kurunegala
SRI NISHSHANKA MAHA VIDYALAYA,North Western,Kurunegala
WILGAMDEMATAWA VIDYALAYA,North Western,Kurunegala
MALIYADEVA ADARSHA MAHA VIDYALAYA,North Western,Kurunegala
SIYABALANGAMUWA PRIMARY SCHOOL,North Western,Kurunegala
PRESIDENT GIRLS COLLEGE,North Western,Kurunegala
ASWEDDUMA KANISHTA VIDYALAYA,North Western,Kurunegala
HENEGEDARA MUS.K.V.,North Western,Kurunegala
MIRIHAMPITIYA MUS.K.V.,North Western,Kurunegala
BABUL ADAM MUS.K.V.,North Western,Kurunegala
HIZBULLAH CENTRAL COLLEGE,North Western,Kurunegala
ZAHIRA MODEL MAHA VIDYALAYA,North Western,Kurunegala
HINDU TAMIL MAHA VIDYALAYA,North Western,Kurunegala
AL-ASHAR COLLEGE,North Western,Kurunegala
ANNOOR M.M.V.,North Western,Kurunegala
AL ASHRAQ M.V.,North Western,Kurunegala
AL-HUDA M.V.,North Western,Kurunegala
THELAMBUGALLA U V,North Western,Kurunegala
AL IRFAN CENTRAL COLLEGE,North Western,Kurunegala
AL AQSA MAHA VIDYALAYA,North Western,Kurunegala
C.C TAMIL VIDYALAYA,North Western,Kurunegala
POTHUHERA MUSLIM VIDYALAYA,North Western,Kurunegala
UDAPOLA TEMIL VIDYALAYA,North Western,Kurunegala
AL MINA MUS.V.,North Western,Kurunegala
HAMEEDIYA MUS.M.V.,North Western,Kurunegala
AL HIKMA MU.M.V.,North Western,Kurunegala
MAIWELA MUS.V.,North Western,Kurunegala
AL AKRAM MU.K.V.,North Western,Kurunegala
MADIGE MUS. V.,North Western,Kurunegala
PARAGAHADENIYA NATIONAL SCHOOL,North Western,Kurunegala
SARASWATHI TAMJL VIDYALAYA,North Western,Kurunegala
NAKALAGAMUWA AMINA MUSLIM VIDYALAYA,North Western,Kurunegala
NOTTINGHILL TAMIL VIDYALAYA,North Western,Kurunegala
MORATHANNA TAMIL VIDYALAYA,North Western,Kurunegala
ATHTHARIQUE MUSLIM MAHA VIDYALAYA,North Western,Kurunegala
POLGAHAYAYA M.M.V.,North Western,Kurunegala
NOORANIYA.MUSLIM.V.,North Western,Kurunegala
AL HIJRA M.K.V.,North Western,Kurunegala
SRI RAHULA N.S,North Western,Kurunegala
KANDEGEDARA M.V.,North Western,Kurunegala
GALGAMUWA M.V.,North Western,Kurunegala
NUNGAMUWA DAMSEN M.M.V.,North Western,Kurunegala
PORAMADALA M.V.,North Western,Kurunegala
BOYAWALANA M.V.,North Western,Kurunegala
WAYAMBA PRESIDENT.,North Western,Kurunegala
HUMBULUWA M.M.V.,North Western,Kurunegala
WEWALA M.V.,North Western,Kurunegala
WIJAYABA M.V.,North Western,Kurunegala
WALAKUBURA M.V.,North Western,Kurunegala
AGBOWA P.V.,North Western,Kurunegala
UDAKEKULAWALA M.V.,North Western,Kurunegala
OTHARA KIRUWANPOLA PRIMARY SCHOOL,North Western,Kurunegala
GALDENIYA K.V,North Western,Kurunegala
BURUSSEGODA K.V.,North Western,Kurunegala
MADAWALA K.V,North Western,Kurunegala
RATHANALANKARA M.V.,North Western,Kurunegala
ADIYADENIYA P.V.,North Western,Kurunegala
PAHALABUJJOMUWA P.V.,North Western,Kurunegala
PORAMADALA P.V.,North Western,Kurunegala
WEWALA P.V.,North Western,Kurunegala
SRI SARANANKARA NATIONAL SCHOOL,North Western,Kurunegala
HALMILLAWEWA SIDDRARTHA M. V.,North Western,Kurunegala
WELLARAWA MAHA VIDYALAYA,North Western,Kurunegala
WEERAPOKUNA VIJITHA M.M.V.,North Western,Kurunegala
UDAWELA REWATHA CENTRAL COLLEGE,North Western,Kurunegala
L.B.JAYASENA M.V.,North Western,Kurunegala
IHALA KADIGAMUWA M.V.,North Western,Kurunegala
MANALEMBUWA SRI SARANANDA MODAL SCHOOL,North Western,Kurunegala
THISOGAMA SRIPALI M.V.,North Western,Kurunegala
BOWATHTHA KANISHTA VIDYALAYA,North Western,Kurunegala
SRI SADDANANDA KANISHTA VIDYALAYA,North Western,Kurunegala
KOSWATHTHA GAMINI M.V.,North Western,Kurunegala
PAHALA KOONKADAWALA KANISHTA VIDYALAYA,North Western,Kurunegala
SIRI SUMEDA KANISHTA WIDYALAYA,North Western,Kurunegala
URAPOTTA K.V,North Western,Kurunegala
IHALA MOLEALIPITIYA KANISTA VIDYALAYA,North Western,Kurunegala
KULIYAPITIYA NITHALAWA SAMAN BADURU P.V,North Western,Kurunegala
HIRIPOKUNA K.V,North Western,Kurunegala
KULIYAPITIYA ST.XAVIOUR PRAIMARY SCHOOL,North Western,Kurunegala
ALUTH KADURUWEWA K.V.,North Western,Kurunegala
GETULAWA K.V.,North Western,Kurunegala
KULIYAPITIYA IHALA KINIYAMA SINHALA P.S.,North Western,Kurunegala
KULIYAPITIYA KADIGAMUWA PRIMARY SCHOOL,North Western,Kurunegala
MAKULLAPOKUNA K. V.,North Western,Kurunegala
MOLAELIYA PRIMARY SCHOOL,North Western,Kurunegala
KUL/WILATHTHAWA KANISHTA VIDYALAYA,North Western,Kurunegala
KULIYAPITIYA SWARNAPRADEEPA KANITU VIDYALAYA,North Western,Kurunegala
NAKKAWATTTHA M.M.V.,North Western,Kurunegala
KIRINDAWA MAHA VIDYALAYA,North Western,Kurunegala
GALGAMMULLA MAYURAWATHI MAHA VIDYALAYA,North Western,Kurunegala
RUWANGIRI M.M.V.,North Western,Kurunegala
GIRI - NETHTHIPOLAGEDARA MAHA VIDYALAYA,North Western,Kurunegala
HOROMBAWA MAHA VIDYALAYA,North Western,Kurunegala
ANUKKANE MAHA VIDYALAYA,North Western,Kurunegala
MEDELPOLA MAHA VIDYALAYA,North Western,Kurunegala
ANNARUWA KANISHTA VIDYALAYA,North Western,Kurunegala
GIRI - ETAMPOLA P.V.,North Western,Kurunegala
KITHALAWA POOGALLA MAHA VIDYALAY,North Western,Kurunegala
GODAGAMA JANAPADA KANISHTA VIDYALAYA,North Western,Kurunegala
THELAHARA ARIYAWANSA,North Western,Kurunegala
DETHAWA K.V,North Western,Kurunegala
PAHALA POTHUEWWA PRIMARY SCHOOL,North Western,Kurunegala
SRI SADDAWIMALA KANISHTA VIDYALAYA,North Western,Kurunegala
RANASGALLA PRIMARY SCHOOL,North Western,Kurunegala
GIRI - RUGGASSAGARA K.V,North Western,Kurunegala
WAHUMUWA KANISHTA VIDYALAYA,North Western,Kurunegala
ALAHITIYA PRIMARY SCHOOL,North Western,Kurunegala
ANDIGEDARA PRIMARY SCHOOL,North Western,Kurunegala
KARAGAHAGEDARA PRIMARY SCHOOL,North Western,Kurunegala
KILIMPOLA PRIMARY VIDYALAYA,North Western,Kurunegala
KODURUWAPOLA PRIMARY SCHOOL,North Western,Kurunegala
BARIGODA MAHINDA MODEL PRIMARY SCHOOL,North Western,Kurunegala
MAHAGAMA PRIMARY SCHOOL,North Western,Kurunegala
MANAWA K.V,North Western,Kurunegala
MRUTHENGA JAYAKODI PRIMARY SCHOOL,North Western,Kurunegala
BARAGEDARA ANAGARIKA DHARMAPALA M.M.V.,North Western,Kurunegala
BIBILADENIYA SRI GUNANANDA M.M.V.,North Western,Kurunegala
GAHALAGASWALA M.V.,North Western,Kurunegala
HORATHEPOLA MAHANAMA M.V.,North Western,Kurunegala
KATTIMAHANA M.V.,North Western,Kurunegala
KUBUKGAHAMULLA SRI BODHI M.M.V.,North Western,Kurunegala
SRI DAMMANANDA M.V.,North Western,Kurunegala
SRI SADDANANDA P.V.,North Western,Kurunegala
DUNAKADENIYA R.C.V.,North Western,Kurunegala
J.R.JAYAWARDANA M.M.V.,North Western,Kurunegala
HENEGEDARA P.V.,North Western,Kurunegala
"ST ANNE, S COLLEGE",North Western,Kurunegala
KAPPANGAMUWA DARMAWARDANA P.V.,North Western,Kurunegala
KAHADENIGAMA P.V.,North Western,Kurunegala
SAMBUDDHALOKA P.V.,North Western,Kurunegala
KOOTHARIPPUWA P.V.,North Western,Kurunegala
MANDAKONDANA R.C.V.,North Western,Kurunegala
THAWALLA DAMMALOKA M.V.,North Western,Kurunegala
THALGAHAPOTHTHA P.V.,North Western,Kurunegala
WATHUWATHTHA SRISOBITHA P.V.,North Western,Kurunegala
WEERAKODIYANA M.V.,North Western,Kurunegala
KULIYAPITIYA DIGANWELA ANANGA VIDYALAYA,North Western,Kurunegala
HAMANNAPAHUWA MODEL PRIMARY SCHOOL,North Western,Kurunegala
UDAWELA KUMARA K.V.,North Western,Kurunegala
ST JOAN OF ARC V.,North Western,Kurunegala
WALPITAGAMA GAMINI DARMARAJA K.V.,North Western,Kurunegala
WILAPOLA P.V.,North Western,Kurunegala
SHARIPUTHRA P.V.,North Western,Kurunegala
KULIYAPITIYA CENTRAL COLLEAGE,North Western,Kurunegala
SARANATH VIDYALAYA,North Western,Kurunegala
DEEGALLA REWATHA MADYA MAHA VIDYALAYA,North Western,Kurunegala
YAKARAWATHTHA MAHA VIDYALAYA,North Western,Kurunegala
SRI SARANANDA MADYA MAHA VIDYALAYA,North Western,Kurunegala
ILUKHENA GUNANANDA MAHA VIDYALAYA,North Western,Kurunegala
KANADULLA DARMARAJA MAHA VIDYALAYA,North Western,Kurunegala
MAHIMPITIYA KANISHTA VIDYALAYA,North Western,Kurunegala
EMBAWA SRI SARANANKARA PRIMARY SCHOOL,North Western,Kurunegala
SRI DAMMARATHANA KANISHTA VIDYALAYA,North Western,Kurunegala
ST.JOSHEP S COLLAGE,North Western,Kurunegala
HOLY ANJELS GIRLS COLLAGE,North Western,Kurunegala
SRI SUMANGALA VIDYALAYA,North Western,Kurunegala
GALPOLA KANISHTA VIDYALAYA,North Western,Kurunegala
THALAHITIMULLA KANISHTA VIDYALAYA,North Western,Kurunegala
SRIPATHI ROYAL COLLAGE,North Western,Kurunegala
DELANA SILWATHENNA JUNIOR SCHOOL,North Western,Kurunegala
PAHALA ELATHALAWA KANISHTA VIDYALAYA,North Western,Kurunegala
PAHALA DIYADORA KANISHTA VIDYALAYA,North Western,Kurunegala
MADAKUMBURUMULLA KANISHTA VIDYALAYA,North Western,Kurunegala
WEERAMBUWA PRIMARY SCHOOL,North Western,Kurunegala
HAMMALAWA KANISHTA VIDYALAYA,North Western,Kurunegala
ASSEDDUMA SUBARATHI KANISHTA VIDYALAYA,North Western,Kurunegala
IGURUWATHTHA PRIMARY SCHOOL,North Western,Kurunegala
ELUWAPOLA PRIMARY SCHOOL,North Western,Kurunegala
KATUWATHTHEWELA PRIMARI SCHOOL,North Western,Kurunegala
THAWALANDANA PRIMARY SCHOOL,North Western,Kurunegala
SAMBODI PRIMARI VIDYALAYA,North Western,Kurunegala
WADUGEDARA PRIMARY SCHOOL,North Western,Kurunegala
HAGGAMUWA SRI REWATHA KANISHTA VIDYALAYA,North Western,Kurunegala
SANDALANKA M.M.V.,North Western,Kurunegala
IMRA IRIYAGOLLA M.M.V.,North Western,Kurunegala
KADANEGEDARA DHARMAPALA M.V.,North Western,Kurunegala
DARALUWA M.V.,North Western,Kurunegala
HENDIYAGALA SRI RATHANAPALA M V,North Western,Kurunegala
WELPALLA M.V.,North Western,Kurunegala
NEDALAGAMUWA RAHULA M.V.,North Western,Kurunegala
GALLEHAMULLA M.V.,North Western,Kurunegala
MANKADURA VIDYANANDA V,North Western,Kurunegala
GONULLA VIDYADEEPTHI K.V,North Western,Kurunegala
HETTIRIPPUWA K.V.,North Western,Kurunegala
WAGURUWELA K.V.,North Western,Kurunegala
IHALA HUNDIRAPOLA K.V.,North Western,Kurunegala
UTHURAWELA DHARMARAJA K.V.,North Western,Kurunegala
KITHALAHITIYAWA P.V.,North Western,Kurunegala
WERAHARA K.V.,North Western,Kurunegala
RANDIYA V.,North Western,Kurunegala
DARALUWA K.V.,North Western,Kurunegala
NALAWALANA K.V.,North Western,Kurunegala
JAYASRI PRIMARY SCHOOL,North Western,Kurunegala
NAPOKUNA K.V.,North Western,Kurunegala
WADUMUNNEGEDARA PRIMARY SCHOOL,North Western,Kurunegala
KORALAMPOTHTHA P.V.,North Western,Kurunegala
WICKRAMASHILA N.S.,North Western,Kurunegala
PANNALA NATIONAL SCHOOL,North Western,Kurunegala
INGRADAULA GEMUNU M M V,North Western,Kurunegala
LABBALA M.V.,North Western,Kurunegala
HAMANGALLA MV,North Western,Kurunegala
BOPITIYA M.V.,North Western,Kurunegala
KAWDUMUNNA M.V.,North Western,Kurunegala
ELABADAGAMA SINGHALA M.V.,North Western,Kurunegala
WAYAMBA SRI SIDDHARTHA VIDYALAYA,North Western,Kurunegala
HANGAWA SRI SUMANGALA P.V.,North Western,Kurunegala
NARANGODA KANISHTA VIDYALAYA,North Western,Kurunegala
KATUGAMPALA K.V.,North Western,Kurunegala
MEDDEPOLA PRIMARY SCHOOL,North Western,Kurunegala
ELIBICHCHIYA P.V.,North Western,Kurunegala
KOHOMBAPOLA PRIMARYSCHOOL,North Western,Kurunegala
DODAMPOTHTHA K.V.,North Western,Kurunegala
DHAMMALOKA COLLEGE,North Western,Kurunegala
SIRI SIDATH PRIMARY SCHOOL,North Western,Kurunegala
WELLAWA P.V.,North Western,Kurunegala
KADIRAPOLA P.V.,North Western,Kurunegala
HORAWADUNNA K.V.,North Western,Kurunegala
MAHOLAWA PRIMARI SCHOOL,North Western,Kurunegala
BALAWALA P.V.,North Western,Kurunegala
HELARAJABIMA P S,North Western,Kurunegala
YATATHTHAWALA P.V.,North Western,Kurunegala
MAHINDODAYA MAHA VIDYALAYA HETTIPOLA,North Western,Kurunegala
BANDARAKOSWATHTHA MAHA VIDYALAYA,North Western,Kurunegala
RATHMALLA SRIARIYAWANSHA MAHA VIDYALAYA,North Western,Kurunegala
KADAWALAGEDARA MAHA VIDYALAYA,North Western,Kurunegala
KOLAMBAGAMA WIMALASEELA MAHA VIDYALAYA,North Western,Kurunegala
DEWAMEDI KUDAWEWA AGGAWANSAMAHA VIDYALAYA,North Western,Kurunegala
MADULLA MAHA VIDYALAYA,North Western,Kurunegala
KATUMULUWA KANISHTA VIDYALAYA,North Western,Kurunegala
SIRISUMANA KANISHTA VIDYALAYA,North Western,Kurunegala
KOSDENIYA MAHA VIDYALAYA,North Western,Kurunegala
TEKEWA PRIMARY SCHOOL,North Western,Kurunegala
PANDUWASNUWARA SRI MEDHANKARA KANISHTA VIDYALAYAHE,North Western,Kurunegala
PALUGAHAWELA KANISHTA VIDYALAYA,North Western,Kurunegala
RAMBAWEWA KANITU VIDYALAYA,North Western,Kurunegala
WADUMUNNA KANISHTA VIDYALAYA,North Western,Kurunegala
WILBAGEDARA KANISHTA VIDYALAYA,North Western,Kurunegala
HUNNELEMBUWA MAHA VIDYALAYA,North Western,Kurunegala
KATAGAMUWA KANISTA VIDYALAYA,North Western,Kurunegala
MANDAPOLA PRAIMARI SCHOOL,North Western,Kurunegala
KOONWEWA KANISHTA VIDYALAYA,North Western,Kurunegala
NALLURA ANANDA PRIMARY,North Western,Kurunegala
SRI SAMBUDDATHWA JAYANTHI MODERN PRIMARY SCHOOL,North Western,Kurunegala
MADAINA SARANANKARA KANISHTA VIDYALAYA,North Western,Kurunegala
MEDAGAMA PRIMARY SCHOOL,North Western,Kurunegala
WAYAMBA JANADHIPATHI VIDYALAYA,North Western,Kurunegala
HINDAGAHAWEWA KANISTA VIDYALAYA,North Western,Kurunegala
HETTIPOLA MODEL PRIMERY SCHOOL,North Western,Kurunegala
S.W.R.D.BANDARANAYAKA NATIONAL SCHOOL,North Western,Kurunegala
NAGOLLAGODA M.M.V.,North Western,Kurunegala
KIRIMETIYAWA SRI SUMANASARA M.V,North Western,Kurunegala
JAYASENA RAJAKARUNA M.V.,North Western,Kurunegala
DEMATAWA MAHA VIDYALAYA,North Western,Kurunegala
MAGULAGAMA M.V,North Western,Kurunegala
MORAGANE M.V.,North Western,Kurunegala
EPALADENIYA K.V,North Western,Kurunegala
KAMBURAPOLA M.K.V,North Western,Kurunegala
GONNAWA P.V.,North Western,Kurunegala
GOMUGOMUWA K.V,North Western,Kurunegala
PIHIMBIYA RATHMALE K.V,North Western,Kurunegala
PORAWEWA K.V,North Western,Kurunegala
BANDARADAMPITIYA K.V,North Western,Kurunegala
BODHIMULLA K.V,North Western,Kurunegala
MOHOTHTHAWAGODA K.V,North Western,Kurunegala
PAHALA PIHIMBIYA P.V.,North Western,Kurunegala
UDAGAMA K.V,North Western,Kurunegala
JAYASIRIPURA INDRASARA P.V.,North Western,Kurunegala
SRI RAHULA P.V.,North Western,Kurunegala
GALAHITIYAWA P.V.,North Western,Kurunegala
DUNAKAYAWATHTHA P.V.,North Western,Kurunegala
DORATIYAGEDARA P.V.,North Western,Kurunegala
RATHMULUKANDA SRI SUNANDA P.V.,North Western,Kurunegala
KOTAMBAPITIYA MUSLIM CENTRAL COLLEGE,North Western,Kurunegala
BANDARAKOSWATHTHA MUSLIM MAHA VIDYALAYA,North Western,Kurunegala
EHATTUMULLA MUSLIM M.V,North Western,Kurunegala
KOORATIHENA MUSLIM PRIMARY SCHOOL,North Western,Kurunegala
MADIGE ANUKKANA MUSLIM MAHA VIDYALAYA,North Western,Kurunegala
MADIGE MIDIYALA CENTRAL COLLEGE,North Western,Kurunegala
THORAKOTUWA MUSLIM K.V,North Western,Kurunegala
GODEKURUGAMA MUSLIM PRIMARY SCHOOL,North Western,Kurunegala
IHALA KINIYAMA MUSLIM M.V.,North Western,Kurunegala
DIVRUMPOLA MUS K.V.,North Western,Kurunegala
ETHUMGAHAKOTUWA MUS.M.M.V.,North Western,Kurunegala
MADIGE WEEDIYAWALA MUSLIM VIDYALAYA,North Western,Kurunegala
POOWELLA MUSLIM M.V.,North Western,Kurunegala
YAGAMWELA MUS.K.V.,North Western,Kurunegala
BAMMANNA AL QAMAR C C,North Western,Kurunegala
AL AMEEN M.M.V.,North Western,Kurunegala
AGARA MUSLIM VIDYALAYA,North Western,Kurunegala
MUMMANA MU.K.V.,North Western,Kurunegala
KEKUNAGOLLA NATIONAL SCHOOL,North Western,Kurunegala
MADEENA NATIONAL SCHOOL,North Western,Kurunegala
GIRI- ARAKYALA M.M.V.,North Western,Kurunegala
AL HUMAIRA MUSLIM VIDYALAYA,North Western,Kurunegala
GIRI-MINHAJ MUSLIM VIDYALAYA,North Western,Kurunegala
KULIYAPITIYA MUSLIM KANISHTA VIDYALAYA,North Western,Kurunegala
SULAIMANIYA M.M.V.,North Western,Kurunegala
MEDDEKETIYA M.M.V.,North Western,Kurunegala
GIRI -PANAVITIYA MUSLIM VIDYALAYA,North Western,Kurunegala
AL- IRSHATH MUSLIM VIDYALAYA,North Western,Kurunegala
YAYAWATHTHA MUSLIM VIDYALAYA,North Western,Kurunegala
GIRI- AL BADUR MUSLIM VIDYALAYA,North Western,Kurunegala
POLPITHIGAMA N.S.,North Western,Kurunegala
MADAHAPOLA MAHINDA M.V.,North Western,Kurunegala
MAKULPOTHA M.V.,North Western,Kurunegala
MAELIYA M.V.,North Western,Kurunegala
AMBAGASWEWA M.V.,North Western,Kurunegala
MAELIYA BALAGOLLA K.V.,North Western,Kurunegala
T.B.WIJESOORIYA K.V.,North Western,Kurunegala
GALKETIYAGAMA K.V.,North Western,Kurunegala
PANSIYAGAMA M.V.,North Western,Kurunegala
HATHIGAMUWA P.S,North Western,Kurunegala
POPI/MAHANAMA MAHA VIDYALAYA,North Western,Kurunegala
MADAHAPOLA KANDA K.V.,North Western,Kurunegala
NIYADAWANAYA K.V.,North Western,Kurunegala
NAKWATHTHAGAMA K.V.,North Western,Kurunegala
PONNILAWA M.V.,North Western,Kurunegala
REKEWALA K.V.,North Western,Kurunegala
THALPATHWEWA K.V.,North Western,Kurunegala
THALAKOLAWEWA M.V.,North Western,Kurunegala
DAGAMA P.V.,North Western,Kurunegala
DEEGAMA P.V.,North Western,Kurunegala
GALTEMWEWA P.V.,North Western,Kurunegala
HAKWATUNAOYA P.V.,North Western,Kurunegala
IMIHAMINEGAMA P.V.,North Western,Kurunegala
MADITHIYAGOLLA K.V.,North Western,Kurunegala
NIKAWEHERA P.V.,North Western,Kurunegala
PALAGAMA K.V.,North Western,Kurunegala
THELABIYAWA P.V.,North Western,Kurunegala
WEHERAGALA P.V.,North Western,Kurunegala
KALUGALLA K.V.,North Western,Kurunegala
PALLAKALE K.V.,North Western,Kurunegala
HALMILLAGOLLA K.V.,North Western,Kurunegala
POTUWEPITIYA P.V.,North Western,Kurunegala
POTHUVILA SIRI PARAKUM M.V.,North Western,Kurunegala
VIJAYABA N.S.,North Western,Kurunegala
"AMBANPOLA M, M, V",North Western,Kurunegala
BALALLA U.B.WANNINAYAKA MAHA VIDYALAYA,North Western,Kurunegala
NAGOLLAGAMA M.V.,North Western,Kurunegala
YAPAHUWA M.V.,North Western,Kurunegala
PAHALAGAMA M.V.,North Western,Kurunegala
WALALIYA M.V.,North Western,Kurunegala
KARAMBE M.V.,North Western,Kurunegala
THUMBULLEGAMA M.V.,North Western,Kurunegala
THAMMITAGAMA M.V.,North Western,Kurunegala
YAPAW ROYAL COLLEGE,North Western,Kurunegala
ABAKOLAWEWA P.V.,North Western,Kurunegala
BAKMEEGAHAWATHTHA K.V.,North Western,Kurunegala
BAKMEEWEWA K.V.,North Western,Kurunegala
BAMUNUGAMA K.V.,North Western,Kurunegala
BORAWEWA K.V.,North Western,Kurunegala
ELLABADAGAMA P.V.,North Western,Kurunegala
EMBOGAMA K.V.,North Western,Kurunegala
GAJANEGGAMA M.V.,North Western,Kurunegala
HITHOKADAWALA K.V.,North Western,Kurunegala
HEENUGGALA K.V.,North Western,Kurunegala
IPALOGAMA K.V.,North Western,Kurunegala
KANDUBADAGAMA P.V.,North Western,Kurunegala
KASIKOTE K.V.,North Western,Kurunegala
KATHTHAPAHUWA K.V.,North Western,Kurunegala
S.MAHINDA P.V.,North Western,Kurunegala
KOONWEWA M.V.,North Western,Kurunegala
MORAGOLLA K.V.,North Western,Kurunegala
UDADIVULWEWA M.V.,North Western,Kurunegala
ROLAWA P.V.,North Western,Kurunegala
UDUWEERIYA K.V.,North Western,Kurunegala
WERAGALA SRI RAHULA P.V.,North Western,Kurunegala
EMBALEGODA M.V.,North Western,Kurunegala
AMBANPOLA MODEL P.V.,North Western,Kurunegala
EMBULGIRIYA P.V.,North Western,Kurunegala
MORAGASWEWA P.V.,North Western,Kurunegala
NARAMANAKOTUWA P.V.,North Western,Kurunegala
NELUMPATHWEWA P.V.,North Western,Kurunegala
PANWEWA P.V.,North Western,Kurunegala
SRI HENRY OLCOTT MODEL P.V.,North Western,Kurunegala
"THISNAMPALAGAMA, K.V.",North Western,Kurunegala
GUNAPALA MALALASEKARA MODEL K.V.,North Western,Kurunegala
UDAGAMA P.V.,North Western,Kurunegala
DEHENAGGAMA K.V.,North Western,Kurunegala
WEGEDARAGAMA K.V.,North Western,Kurunegala
DALADAGAMA P.V.,North Western,Kurunegala
RANDENIGAMA MUSLIM K.V.,North Western,Kurunegala
NIKAWERATIYA MUS. M.M.V.,North Western,Kurunegala
MADAPOKUNA MAHIRA MUSLIM K.V.,North Western,Kurunegala
U B WANNINAYA NATIONAL COLLEGE,North Western,Kurunegala
EHETUWEWA BANDARNAYAKA M.V.,North Western,Kurunegala
NIKAWEWA DEWANMPIYATHISSA M.V.,North Western,Kurunegala
SRI SIDDARTHA M.V.,North Western,Kurunegala
PAHALA GIRIBAWA M.V.,North Western,Kurunegala
USGALA THISSA M.V.,North Western,Kurunegala
BUDURUWAKANDA M.V.,North Western,Kurunegala
USGALA GEMUNU M.V.,North Western,Kurunegala
BORAWEWA M.V.,North Western,Kurunegala
SOLE M.V.,North Western,Kurunegala
PERAKUMPURA NATIONAL SCHOOL,North Western,Kurunegala
MAHANANNERIYA M.V.,North Western,Kurunegala
MAILEWA M.V.,North Western,Kurunegala
THAMBUTHTHA M.V.,North Western,Kurunegala
MEEGALEWA MAHWELI N.S.,North Western,Kurunegala
GAL/ATHARAGALLA K.V.,North Western,Kurunegala
IHALA NANNERIYA KANISHTA,North Western,Kurunegala
KADAWALA K.V.,North Western,Kurunegala
KALLANCHIYA P.V.,North Western,Kurunegala
GALPITIYA K.V.,North Western,Kurunegala
DIMBULAGALA V.,North Western,Kurunegala
DEWAGIRIPURA WALAGAMBA M.V.,North Western,Kurunegala
NITHALAWA KANITU VIDYALAYA,North Western,Kurunegala
PALUWA VIDYADEEPA V.,North Western,Kurunegala
BULNEWA V.,North Western,Kurunegala
MAHA EMBOGAMA MODEL K.V.,North Western,Kurunegala
MAHATHORAWA K.V.,North Western,Kurunegala
MADADOBE P.V.,North Western,Kurunegala
MAPEGAMUWA MAHA VIDYALAYA,North Western,Kurunegala
WANNIKUDAEWA SIRISAGABO M.V.,North Western,Kurunegala
WARAWEWA M.V.,North Western,Kurunegala
SALIYA ASOKA NAWODYYA SCHOOL,North Western,Kurunegala
SIYAMBALANGAMUWA K.V.,North Western,Kurunegala
USGALA SALIYARAJA K.V.,North Western,Kurunegala
HUNUGALLEWA K.V.,North Western,Kurunegala
PALUKADAWALA SRI SUMANA,North Western,Kurunegala
ERIYAWA PRIMARY,North Western,Kurunegala
KUMBUKKADAWALA K.V.,North Western,Kurunegala
MAKALANEGAMA V.,North Western,Kurunegala
MAHAGALKADAWALA MAHASEN V.,North Western,Kurunegala
RAJANGANAYA YAYA 6 V.,North Western,Kurunegala
MEDINNORUWA K.V.,North Western,Kurunegala
JAYABIMA SIRI SUDASSI P.V.,North Western,Kurunegala
THENNAKOONGAMA K.V.,North Western,Kurunegala
PEDDOGAMA KANITU WIDUHALA,North Western,Kurunegala
VIKADENIGAMA K.V.,North Western,Kurunegala
RAJANGANAYA YAYA 4/2 P.V.,North Western,Kurunegala
EHETUWEWA MODEL PRYMARY,North Western,Kurunegala
IHALAMARADANKADAWALA P.V.,North Western,Kurunegala
IHALAGAMA KANISHTA,North Western,Kurunegala
IHALA KONWEWA PRIMARY,North Western,Kurunegala
KADURUWEWA P.V.,North Western,Kurunegala
GANEKANDA P.V.,North Western,Kurunegala
GAMPOLA K.V.,North Western,Kurunegala
THALAWA P.V.,North Western,Kurunegala
THAMMENNAWA K.V.,North Western,Kurunegala
THARANAGOLLAGAMA K.V.,North Western,Kurunegala
NAKOLAGANE K.V,North Western,Kurunegala
NAHETTIKULAMA PRIMARY,North Western,Kurunegala
POTHANEGAMA PRIMARY,North Western,Kurunegala
WAYAMBA JANADHIPATHI,North Western,Kurunegala
MANAKKULIYAGAMA PRIMARY,North Western,Kurunegala
JAYANTHIPURA K.V.,North Western,Kurunegala
WAMBATUWEWA P.V.,North Western,Kurunegala
WANNIAMUNUKOLE P.V.,North Western,Kurunegala
POTHANEGAMA VIJAYA K.V.,North Western,Kurunegala
SIYAMBALEEWA P.V.,North Western,Kurunegala
HETTIARACHCHIGAMA P.V.,North Western,Kurunegala
MEEGALEWA PRIMARY,North Western,Kurunegala
POHORAWATHTHA SRI SIDDHARTHA P.V.,North Western,Kurunegala
RAMBAWEWA BUWANEKABA P.V.,North Western,Kurunegala
WANEKOLANIAYA PRIMARY,North Western,Kurunegala
GALAPITAGIGANA P.V.,North Western,Kurunegala
DHARMASHOKA K.V.,North Western,Kurunegala
MAHAWELITHENNA PRIMARY,North Western,Kurunegala
BONGAMUWA P.V.,North Western,Kurunegala
GANANGAMUWA PRIMARY,North Western,Kurunegala
MAHASEN N.S.,North Western,Kurunegala
THUMBULLA M.V.,North Western,Kurunegala
DIVULLEGODA M.V.,North Western,Kurunegala
HEELOGAMA M.V.,North Western,Kurunegala
KAVISENA HERATH M.V.,North Western,Kurunegala
HULOGEDARA M.V.,North Western,Kurunegala
IHALAGAMA K.V.,North Western,Kurunegala
OTHOTA RADENIGAMA K.V.,North Western,Kurunegala
KEBELLEWA K.V.,North Western,Kurunegala
KUMBUKWEWA K.V.,North Western,Kurunegala
GALAGEDARA K.V.,North Western,Kurunegala
THIMBIRIYAWA K.V.,North Western,Kurunegala
DANDUWAWA M.V.,North Western,Kurunegala
SRI DHAMARAKKHITHA MODEL V.,North Western,Kurunegala
PRINCE COLLEGE,North Western,Kurunegala
D.S.SENANAYAKA P.S.,North Western,Kurunegala
WANDURESSA SRI BUDDARAKKITHA V.,North Western,Kurunegala
WANNI KIRINDIGALLA P.V.,North Western,Kurunegala
HALMILEWA K.V,North Western,Kurunegala
UDAHENEGAMA P.S.,North Western,Kurunegala
JAYANTHI C.C.,North Western,Kurunegala
RAMBAPOKUNA P.V.,North Western,Kurunegala
RAJABIMA V.,North Western,Kurunegala
OTHOTA DIVULLEWA P.S.,North Western,Kurunegala
SUDEERAGAMA P.S.,North Western,Kurunegala
SRI PARACKRAMA N.S. - KOBEIGANE,North Western,Kurunegala
I.M.R.A.IRIYAGOLLA C.C.,North Western,Kurunegala
SIRI SUMANASIRI M.V.,North Western,Kurunegala
VITHIKULIYA M.V.,North Western,Kurunegala
ALAHENEGAMA M.V.,North Western,Kurunegala
KITHAGAMA RAJASINGHA P.V.,North Western,Kurunegala
IHALAGAMA GAMUNU V.,North Western,Kurunegala
SIRI PERAKUM P.V.,North Western,Kurunegala
THELAHERA M.V.,North Western,Kurunegala
PANNAWA SINGHALA P.V.,North Western,Kurunegala
PAHALA BALADORA P.V.,North Western,Kurunegala
PUBBILIYA K.V.,North Western,Kurunegala
MELLAGASWEWA P.V.,North Western,Kurunegala
MIDELLAEA WIMALASHEELA M.V.,North Western,Kurunegala
HALMILLAKOTUWA K.V.,North Western,Kurunegala
HENGAMUWA M.V.,North Western,Kurunegala
ASSEDDUMA P.V.,North Western,Kurunegala
GETADIWULWEWA P.V.,North Western,Kurunegala
BAMUMUGAMA M.V.,North Western,Kurunegala
LEEKOLAWEEA P.S.,North Western,Kurunegala
LOLANWEWA SINHALA P.V.,North Western,Kurunegala
HATHALAWA K.V,North Western,Kurunegala
KADIGAWA M.V.,North Western,Kurunegala
GIRILLA M.M.V.,North Western,Kurunegala
DIGANNEWA SRI DEVAMITHTHHA M.V.,North Western,Kurunegala
H.M.RASNAYAKA M.M.V.,North Western,Kurunegala
MEEWELLAWA M.V.,North Western,Kurunegala
MONNEKULAMA M.V.,North Western,Kurunegala
HALAMBAGALA M.V.,North Western,Kurunegala
ALUTHGAMA K.V,North Western,Kurunegala
UDUNOWA K.V,North Western,Kurunegala
UNAGOLLA K.V,North Western,Kurunegala
KELEGAMA K.V,North Western,Kurunegala
KIRINDA K.V,North Western,Kurunegala
KUDARAVALIYA K.V,North Western,Kurunegala
GALKADAWALA K.V,North Western,Kurunegala
DIVULLAPITIYA P.V.,North Western,Kurunegala
NAWANA M.V.,North Western,Kurunegala
NELUMGALA P.V.,North Western,Kurunegala
PALUGOLLA YAYA 10 M.V.,North Western,Kurunegala
MAHAMITHAWA K.V,North Western,Kurunegala
HALABE K.V,North Western,Kurunegala
ITHEWA K.V,North Western,Kurunegala
UNALE P.V.,North Western,Kurunegala
OTTUKULAM HIJRA MU.M.V.,North Western,Kurunegala
KURAVIKULAMA P.V.,North Western,Kurunegala
THEIYADALUWA P.V.,North Western,Kurunegala
NAGANSOLE P.V.,North Western,Kurunegala
EAST THIMBIRIYAWA K.V,North Western,Kurunegala
NEERALIYADDA K.V.,North Western,Kurunegala
MAGURANKADAWALA P.V.,North Western,Kurunegala
IHALA OTTUKULAMA K.V,North Western,Kurunegala
ELAGAMMILLAWA K.V,North Western,Kurunegala
KEENAWA P.V.,North Western,Kurunegala
SIRISETHAGAMA P.V.,North Western,Kurunegala
GALAWEWA SRI DHARMAPALA P.V.,North Western,Kurunegala
SIYAMBALEWA SRI SOBHITHA P.V.,North Western,Kurunegala
GALLEGODA P.V.,North Western,Kurunegala
EAST MORAGOLLAGAMA P.V.,North Western,Kurunegala
U.B.WANNINAYAKA M.M.V,North Western,Kurunegala
AL-MADEENA MUSLIM M.V.,North Western,Kurunegala
PANNAWA MUSLIM M.V.,North Western,Kurunegala
ABUKKAGAMA MUS.M.V.,North Western,Kurunegala
NAMMUWAWA MUS.M.V.,North Western,Kurunegala
WELPOTHUWEWA MUSLIM M.V.,North Western,Kurunegala
GALPANAWA MU.K.V,North Western,Kurunegala
KOLLANDALUWA MUSLIM K.V,North Western,Kurunegala
HIJRA MUSLIM K.V.,North Western,Kurunegala
GAL\GALGAMUWA MODEL MUSLIM M.V.,North Western,Kurunegala
ALIYAWETUNUWEWA MUSLIM M.V.,North Western,Kurunegala
GAL\GALGAMUWA ROMAN KATHOLIKA TAMAIL VIDYALAYA,North Western,Kurunegala
GALLEWA MUSLIM V.,North Western,Kurunegala
WANNIKUDAWEWA MUSLIM K.V.,North Western,Kurunegala
WALPALUWA MUSLIM M.V.,North Western,Kurunegala
GAK/JAGAMA AL HAKIM MUSLIM VIDALAYA,North Western,Kurunegala
KATTAKADUWA MUSLIM,North Western,Kurunegala
KARAMBEWA ALMINA M.V.,North Western,Kurunegala
GAL\ANGAMUGAMA MUSLIM K..V,North Western,Kurunegala
ASSIRAJ MUS.P.V.,North Western,Kurunegala
KATAGAMUWA P.S.,North Western,Kurunegala
AMBALAYAGAMA P.S.,North Western,Kurunegala
BAMBARE P.V.,North Western,Kurunegala
POLPITHIGAMA BUWANEKABA P.V.,North Western,Kurunegala
SAMAGIGAMA P.V.,North Western,Kurunegala
WASIWEWA P.S.,North Western,Kurunegala
AMBAGASWEWA P.V.,North Western,Kurunegala
KUDAMITHAWA P.V.,North Western,Kurunegala
BANADARAGAMA PRIMARY,North Western,Kurunegala
GURULUPITIGAMA P.V.,North Western,Kurunegala
REKEULA P.V.,North Western,Kurunegala
ATHGALPURA VDYA DEEPA V.,North Western,Kurunegala
SIDDHARTHA P.V.,North Western,Kurunegala
WAYAMBA ROYAL COLLEGE,North Western,Kurunegala
BAMBARAGALAYAYA K.V.,North Western,Kurunegala
WALAGAMBA P.V.,North Western,Kurunegala
KALUWILAPOTHANA P.V.,North Western,Kurunegala
SIRIMAWO BANDARANAYAKE PRIMARY,North Western,Kurunegala
KAWISIGAMUWA P V,North Western,Kurunegala
WEERAWALAGAMBA P V,North Western,Kurunegala
VISHAKA VIDYALAYA,North Western,Kurunegala
D P WICKRAMASINGHE VIDYALAYA,North Western,Kurunegala
MAHANANNERIYA PRIMARY,North Western,Kurunegala
KORUWAWA P.V.,North Western,Kurunegala
VIJAYA VIDYALAYA,North Western,Kurunegala
PAHALAGIRIBAWA P.V.,North Western,Kurunegala
PANDUPURA SUBHOOTHI P.V.,North Western,Kurunegala
SRI SEELARATHANA PRATHAMIKA VIDYALAYA,North Western,Kurunegala
RAKUPOLA ANANDA P.V.,North Western,Kurunegala
SIRI SARASAVI P.V.,North Western,Kurunegala
PRETHIBA P.V.,North Western,Kurunegala
DIGANNEWA P.V.,North Western,Kurunegala
SRI MEDHANKARA P.V.,North Western,Kurunegala
POLPITHIGAMA RAJASINGHE P.V.,North Western,Kurunegala
BAUDDHALOKA VIDYALAYA,North Western,Kurunegala
ANAMADUWA CENTRAL COLLAGE,North Western,Puttalam
SRI RATHANAPALA M.V.,North Western,Puttalam
WIMALARATHNA KUMARAGAMA K.V.,North Western,Puttalam
PALIYAGAMA SHARIPUTHRA M.V.,North Western,Puttalam
KOTHALAKEMIYAWA K.V.,North Western,Puttalam
WALPALUWA KANITU VIDYALYA,North Western,Puttalam
WADIGAMANGAWA K.V.,North Western,Puttalam
PERIYAKULAMA K.V.,North Western,Puttalam
UPPALAWATTA K.V.,North Western,Puttalam
ATHTHIKULAMA K.V.,North Western,Puttalam
KEDETHTHAWA P.V.,North Western,Puttalam
DIULWEWA K V,North Western,Puttalam
KOTTAGAMA SRIPALI K.V.,North Western,Puttalam
THONIGALA NEW MODEL K.V.,North Western,Puttalam
WATHTHEGEDARA P.V.,North Western,Puttalam
MUNAMALGAWEWA SIRIPERAKUM K.V.,North Western,Puttalam
WAJAMBA JANADIPATHI V.,North Western,Puttalam
NAWAGATHTHEGAMA M.V.,North Western,Puttalam
THAMMENNAWETIYA P.V.,North Western,Puttalam
KOONKADAWALA K.V.,North Western,Puttalam
RAMBAKANAYAGAMA P.V.,North Western,Puttalam
DANGAHAWEWA K.V.,North Western,Puttalam
IHALA KURUKETIYAWA K.V.,North Western,Puttalam
INGINIMITIYA M.V.,North Western,Puttalam
RALAPANAWA K.V.,North Western,Puttalam
KELEWEWA VIJAYA M.V.,North Western,Puttalam
WELEWEWA SUMEDHA K.V.,North Western,Puttalam
MAHA ANDARAWEWA K.V.,North Western,Puttalam
KOTTUKACHCHIYA M.V.,North Western,Puttalam
VIDYASAGARA KANISHTA VIDYALAYA,North Western,Puttalam
MAHAKUMBUKKADAWALA.K.S,North Western,Puttalam
KIWULAKELE.M.V.,North Western,Puttalam
WADATTA K.V.,North Western,Puttalam
U.B.JAYASOORIYA M.V.,North Western,Puttalam
DEWALAHANDIYA JAYAWARDHANA PRIMARY SCHOOL,North Western,Puttalam
SEMBUKULIYA JUNIOR SCHOOL,North Western,Puttalam
SOHONKALMA KANISHTA VIDYALAYA,North Western,Puttalam
KIVULA PRIMARY SCHOOL,North Western,Puttalam
ETHUNGODA ISIPATHANA K.V.,North Western,Puttalam
THABBOWA M.V.,North Western,Puttalam
SIRAMBIADIYA K.V,North Western,Puttalam
PU/D.S.SENANAYAKA K.V,North Western,Puttalam
PU/THEWANUWARA P.V.,North Western,Puttalam
PU/THABBOVA R.C.VIDYALAYA,North Western,Puttalam
PU/MANAWERIYA K.V,North Western,Puttalam
PU/VIDYARAJA P.V.,North Western,Puttalam
PU/VIDYA CHAKRAWARTHI M.V.,North Western,Puttalam
PU/GALAWEWA M.V.,North Western,Puttalam
PU/KUMBUKWEWA ATTADASSI K.V.,North Western,Puttalam
PU/SALIYA MODEL SCHOOL,North Western,Puttalam
P/U PAHARIYA WIJAYARAJA K.V,North Western,Puttalam
PU/MOONAMALGASWEWA K.V.,North Western,Puttalam
PAHALA PULIYANKULAMA K.V,North Western,Puttalam
PU/WEERAPURA KANISTA VIDYALAYA,North Western,Puttalam
ALUTHGAMA DUTUGAMUNU VIDDYALAYA,North Western,Puttalam
BANDARANAYAKAPURA M.V.,North Western,Puttalam
PU/NAGAMADUWA KANISHTA VIDYALAYA,North Western,Puttalam
PU/WIJAYAPURA KANISHTA VIDDYALAYA,North Western,Puttalam
KARADIPUWAL MAHA VIDYALAYA,North Western,Puttalam
ELUWANKULAMA SINHALA K.V.,North Western,Puttalam
SERAKKULIYA K.V,North Western,Puttalam
PU/MAILANKULAMA JUNIOR SCHOOL,North Western,Puttalam
ELUVANKULAMA M.M.V.,North Western,Puttalam
KARAITIVU M M VID,North Western,Puttalam
PU/ANDREWS C.C.,North Western,Puttalam
PU/ANANDA NATIONAL SCHOOL,North Western,Puttalam
ZAHIRA COLLEGE - PUTTALAM,North Western,Puttalam
FATHIMA BALIKA MAHA VIDYALAYA,North Western,Puttalam
PUTTALAM HINDU CENTRL COLLEGE,North Western,Puttalam
ASSENKUDHOOS G M.V.,North Western,Puttalam
THILLAIYADI M M V,North Western,Puttalam
ST.MARY'S TAMIL MAHA VIDYALAYAM,North Western,Puttalam
WATTAKANDAL M.M.V.,North Western,Puttalam
MANALTIVU R.C.T.,North Western,Puttalam
SEMMANDALUWA PRIMARY SCHOOL,North Western,Puttalam
NIRMALA MATHA SINHALA MAHA VIDYALAYA,North Western,Puttalam
"KURINCHIPPITTIYA RO, AN CATHOLIC S V",North Western,Puttalam
KANDAKKULIYA G S V,North Western,Puttalam
KANDALKUDA M K.V.,North Western,Puttalam
MUDALAIPPA;I M V,North Western,Puttalam
MUSALPITTIYA M K.V.,North Western,Puttalam
PALLIVASALTHURAI M M V,North Western,Puttalam
KURINCHIPITI M M V,North Western,Puttalam
KANDALKULI M.V.,North Western,Puttalam
AL AQSA NATIOAL SCHOOL,North Western,Puttalam
KALPITTY ROMAN CATHLIC TAMIL VIDYALAYA,North Western,Puttalam
THILLAIYOOR MUSLIM PRAIMARY SCHOOL,North Western,Puttalam
MUHATHUWARAM G M V,North Western,Puttalam
THALAVILA ST ANNES M.V.,North Western,Puttalam
KAPPALADI KANISTA VIDYALAYAM,North Western,Puttalam
THIHALI M M V,North Western,Puttalam
ETALAI ROMAN CATHALIC T V,North Western,Puttalam
ALANKUDA M M V,North Western,Puttalam
ILANTHAIADIYA SINGALA VIDYALAYA,North Western,Puttalam
NURAICHOLAI MUSLIM M V,North Western,Puttalam
PANAIYADI ROMAN CATHOLIC TAMIL VIDYALAYA,North Western,Puttalam
NARAKKALI ROMAN CATHOLIC TAMIL VIDYALAYA,North Western,Puttalam
MAMPURIYA ROMAN CATHOLIC SINHALA TAMIL MAHA VIDYAL,North Western,Puttalam
NAVATKADU R.C.T.V.,North Western,Puttalam
THETHAPOLAI R.C.T.V.,North Western,Puttalam
NAYAKKARACHENNAYI T.K.V.,North Western,Puttalam
DALUWA ST ANTHONY'S M.V.,North Western,Puttalam
PALAKUDAWA ST PEETER'S K.V.,North Western,Puttalam
MADURANKULIYA MODEL SCHOOL,North Western,Puttalam
AMAKULIYA GOVT SCHOOL,North Western,Puttalam
WELASIYA K.V,North Western,Puttalam
PALASOLA K.V.,North Western,Puttalam
VIRUTHODAI M.M.V.,North Western,Puttalam
PULUTHIVAYAL GMV,North Western,Puttalam
KANAMOOLAI MUSLIM K.V.,North Western,Puttalam
KANDATHODUWAWA M.V.,North Western,Puttalam
KADAYAMOTTE GOVERNMENT SINHALA SCHOOL,North Western,Puttalam
KOTHTHANTHEEW G M M V,North Western,Puttalam
SAMEERAGAMA MUSLIM PRIMARY VIDYALAYA,North Western,Puttalam
PERAKUWATANA SINHALA VIDYALAYA,North Western,Puttalam
KADAYAMOTTAI MUSLIM CENTRAL COLLEGE,North Western,Puttalam
AL MINHAJMUSLIM MAHA VIDYALAYA,North Western,Puttalam
KURUKKUMADUWA KANISHTA VIDYALAYA,North Western,Puttalam
KANDALAYA MAHA VIDYALAYA,North Western,Puttalam
P/POTHTHUWILLUWA K.V.,North Western,Puttalam
PALAVI SINGHALA M.V.,North Western,Puttalam
UTTARA ATTAVILLUWA K.V,North Western,Puttalam
MADYAMA ATTAWILLUWA,North Western,Puttalam
MEDHANANDA G V,North Western,Puttalam
PALAVI M.V.,North Western,Puttalam
OMWR FAROOK MAHA VIDYALAYA,North Western,Puttalam
THARAKUDUVILLU M M V,North Western,Puttalam
UDAPPU T M V,North Western,Puttalam
ANDIMUNAI TAMIL MAHA VIDYALAYA,North Western,Puttalam
KATTAIKADU.R.C.T.M.V.,North Western,Puttalam
OTTAPANNI ROMAN CATHOLIC TAMIL VIDYALAYA,North Western,Puttalam
WILPOTHAA BANDARANAYAKA V,North Western,Puttalam
NANDIMITHRA CENTRAL COLLEGE,North Western,Puttalam
WILPOTHA ANURA MAHA VIDYALAYA,North Western,Puttalam
WENDAKADUWA K. V.,North Western,Puttalam
WATHUPOLA MAHA VIDYALAYA,North Western,Puttalam
SERUKELE K.V,North Western,Puttalam
IHALA MANDALANA,North Western,Puttalam
THAMARAKKULAMA KANISHTA VIDYALAYA,North Western,Puttalam
IHALAKOLAELIYA VIDYALAYA,North Western,Puttalam
IHALA THAMMANA KANISHTA VIDYALAYA,North Western,Puttalam
KATUPOTHA K.V,North Western,Puttalam
MUNDALAMA SINGHALA M.V.,North Western,Puttalam
ANGUNAWILA K.V,North Western,Puttalam
BARANANKATTUWA K.V.,North Western,Puttalam
NAWADANKULAMA K V,North Western,Puttalam
MANGALAELIYA PRI SCHOOL,North Western,Puttalam
MUNDEL TAMIL VIDYALAYA,North Western,Puttalam
KARUNGALICHOLAI TAMIL VIDYALAYA,North Western,Puttalam
MARICHCHIKATTUA P SC,North Western,Puttalam
ANDIGAMA MADYA MAHA VIDYALAYA,North Western,Puttalam
MUDALAKKULIYA VIJAYA M.V.,North Western,Puttalam
MATHWAKKULAM M M V,North Western,Puttalam
LIHINKIRI KANISTA V,North Western,Puttalam
SANGATTIKULAMA SINHALA K.V.,North Western,Puttalam
SANGATTIKULAMA MUSLIM K.V.,North Western,Puttalam
PUNAVITTIYA KANITU V,North Western,Puttalam
KAMMANDALUWA B K.V.,North Western,Puttalam
ST.MARY'S COLLEGE,North Western,Puttalam
CARMEL GIRL'S CENTRAL COLLEGE,North Western,Puttalam
NAZRIYA CENTRAL COLLEGE,North Western,Puttalam
ST.BERNADETTE'S COLLEGE,North Western,Puttalam
AMBAKANDAWILA ST.ROCHES SCHOOL,North Western,Puttalam
BISHOP EDMOND PEIRIS PRIMARY SCHOOL,North Western,Puttalam
ST.MARY'S PRIMARY BALIKA VIDYALAYA,North Western,Puttalam
EGODAWELLA ST.SEBASTIYAN SCHOOL,North Western,Puttalam
PANKULAWA NAWODYA M.V.,North Western,Puttalam
WIJAYAKATUPOTHA M.V.,North Western,Puttalam
BATTULUOYA M.V.,North Western,Puttalam
HALAMBAWATAWANA M.V.,North Western,Puttalam
ATHTHANGANAYA K.V.,North Western,Puttalam
MAHAMAELIYA K.V.,North Western,Puttalam
MUTHUPANTHIYA K.V.,North Western,Puttalam
KARUKKULIYA M.V.,North Western,Puttalam
BANGADENIYA M.V.,North Western,Puttalam
KARUKKUPANE T.V.,North Western,Puttalam
DEMATAPITIYA K.V.,North Western,Puttalam
MANDALANA K.V.,North Western,Puttalam
RAJAKADALUWA K.V.,North Western,Puttalam
ARACHCHIKATTUWA P.V.,North Western,Puttalam
KUSALA T.V.,North Western,Puttalam
COREAPURA K.V.,North Western,Puttalam
ELIVITIYA K.V.,North Western,Puttalam
WELIPELESSA K.V.,North Western,Puttalam
KOTTAPITIYA P.V.,North Western,Puttalam
DHAMMALOKA K.V.,North Western,Puttalam
ANANDA NATIONAL SCHOOL,North Western,Puttalam
WIJAYA M.V.,North Western,Puttalam
KANJUKKULIYA ST.BENADICT K.V,North Western,Puttalam
SIRI SUJATHA MODEL SCHOOL,North Western,Puttalam
ILIPPADENIYA K.V,North Western,Puttalam
MERAWALA ST.JOSEPH'S VIDYALAYA,North Western,Puttalam
SRI BUDDHARAKKHITHA VIDYALAYA,North Western,Puttalam
SAWARANA MUSLIM VIDYALAYA,North Western,Puttalam
SRI VADIVAMBIGAI HINDU COLLEGE,North Western,Puttalam
MANAKKULAMA JUNIOR SCHOOL,North Western,Puttalam
BANDARAWATTA PRIMARY SCHOOL,North Western,Puttalam
MUNNESWARAMA SINHALA PRIMARY SCHOOL,North Western,Puttalam
SIPPIKALANA K.V,North Western,Puttalam
THISSOGAMA PRIMARY SCHOOL,North Western,Puttalam
ARIYAGAMA SIDDHARTHA M.V.,North Western,Puttalam
SENANAYAKA NATIONAL SCHOOL,North Western,Puttalam
KARUKKUWA SUGATHANANDA M.V.,North Western,Puttalam
ST.SEBASTIANS COLLEGE,North Western,Puttalam
HERATH GUNARATHNA M.V.,North Western,Puttalam
THIMBIRIGASWELA JUNIOR SCHOOL,North Western,Puttalam
ALMISBAH MUSLIM M.V.,North Western,Puttalam
MUGUNUWATAWANA SENANAYAKA K.V,North Western,Puttalam
SEMBUKATTIYA PRIMARY SCHOOL,North Western,Puttalam
SUDUWELLA MODEL PRIMARY SCHOOL,North Western,Puttalam
PAMBALA VIDYALAYA,North Western,Puttalam
GALMURUWA JUNIOR SCHOOL,North Western,Puttalam
KADUPITI MADAMPE DHARMAPALA VIDYALAYA,North Western,Puttalam
MEDAGAMA ABHAYA MODEL SCHOOL,North Western,Puttalam
G.C.S.COREA M.V.,North Western,Puttalam
KOKKAWILA K.V,North Western,Puttalam
MAHAGAMA K.V,North Western,Puttalam
C.W.W.KANNANGARA M.M.V.,North Western,Puttalam
NANKADAWARA VIDYARTHA ADARSHA K.V,North Western,Puttalam
THAMBAGALLA PRIMARY SCHOOL,North Western,Puttalam
ATHUWANA SENANAYAKE PRIMARY SCHOOL,North Western,Puttalam
PUNCHIWILATHTHAWA K.V,North Western,Puttalam
DEMATAPITIYA PRIMARY SCHOOL,North Western,Puttalam
HEENAGARA PRIMARY SCHOOL,North Western,Puttalam
DAMBAKELE PRIMARY SCHOOL,North Western,Puttalam
ST JOSEPH VAZ COLLEGE,North Western,Puttalam
HOLY FAMILY BALIKA PRIMARY VIDYALAYA,North Western,Puttalam
HOLY FAMILY BALIKA MAHA VIDYALAYA,North Western,Puttalam
ST.FRANCIS X'AVIER KANISHTA VIDYALAYA,North Western,Puttalam
ST.RITA'S COLLEGE,North Western,Puttalam
DUMMALADENIYA BUDDHIST JUNIOR SCHOOL,North Western,Puttalam
ST.MARTIN DE PORES VIDYALAYA,North Western,Puttalam
GONSALVEZ MAHA VIDYALAYA,North Western,Puttalam
BORALESSA PRIMARY SCHOOL,North Western,Puttalam
BORALESSA ST ANNAS MAHA VIDYALAYA,North Western,Puttalam
KAMMALA ST.ODILIYA KANISHTA VIDYALAYA,North Western,Puttalam
WAIKKALA GOVERMENT SCHOO,North Western,Puttalam
SINDATHRIYA SINDUKUMARI VIDYALAYA,North Western,Puttalam
THABARAWILA JUNIOR SCHOOL,North Western,Puttalam
GODELLA KANITU VIDYALAYA,North Western,Puttalam
GONAWILA ST.JOSEPH COLLEGE,North Western,Puttalam
NAINAMADAMA MAHA VIDYALAYA,North Western,Puttalam
ST.MARYS PRIMARY VIDYALAYA,North Western,Puttalam
MIRISSANKOTUWA NIMALA MARIYA PRIMARY SCHOOL,North Western,Puttalam
KATUKENDA SRI SANGABODHI CENTRAL COLLAGE,North Western,Puttalam
NIMALA MARIYA VIDYALAYA,North Western,Puttalam
ETIYAWALA K.V,North Western,Puttalam
JANKURAWELA VIDYALAYA,North Western,Puttalam
DIKWELA PRIMARY SCHOOL,North Western,Puttalam
WEKADA MAHA VIDYALAYA,North Western,Puttalam
BUTHGAMPOLA GOVERMENT SCHOOL,North Western,Puttalam
BUJJAMPOLA JUNIOR SCHOOL,North Western,Puttalam
MELLAWA K.V,North Western,Puttalam
MOHOTTIMULLA PRIMARY SCHOOL,North Western,Puttalam
HALDANDUWANA ROMAN CATHOLIC SCHOOL,North Western,Puttalam
HALDADUWANA BUDDHIST SCHOOL,North Western,Puttalam
ANURUDDHA MADDHA MAHA VIDYALAYA,North Western,Puttalam
LUNUWILA BUDDHIST PRIMARY SCHOOL,North Western,Puttalam
LUNUWILA ROMAN CATHALIC PRIMARY SCHOOL,North Western,Puttalam
BANDIRIPPUWA KANISHTA VIDYALAYA,North Western,Puttalam
BUDDHIST GIRLS' COLLEGE,North Western,Puttalam
KIRIMETIYANA SRI DHARMARAMA K.V,North Western,Puttalam
POTHUWATAWANA SRI JINARATHANA MAHA VIDDAYALA,North Western,Puttalam
MAHAWEWA SRI DARMARAMA MAHA VIDYALAYA,North Western,Puttalam
THODUWAWA ST. ANTHONY'S NAVODYA MAHA VIDYALAYA,North Western,Puttalam
MATTAKOTUWA KANISHTA VIDYALAYA,North Western,Puttalam
MATTAKOTUWA WERALA KANISHTA VIDYALAYA,North Western,Puttalam
KOSWADIYA SARASWATHI VIDYALAYA,North Western,Puttalam
IRANAWILA ST.PETER'S SCHOOL,North Western,Puttalam
KUDAWEWA BAUDDA KANISHTA VIDYALAYA,North Western,Puttalam
ST.XAVIER'S M.M.V.,North Western,Puttalam
MARAWILA HOLY FAMILY BALIKA MADYA MAHA VIDYALAYA,North Western,Puttalam
THALWILA ST.THERESA K.V.,North Western,Puttalam
HORAGOLLA VIDYALAYA,North Western,Puttalam
MARAWILA BOYS'JUNIOR SCHOOL3,North Western,Puttalam
HOLY FAMILY BALIKA PRIMARY SCHOOL,North Western,Puttalam
MARANDAWELLA JUNIOR SCHOOL,North Western,Puttalam
HATHTHINIYA MODEL SCHOOL,North Western,Puttalam
THALWILAWELLA KANISHTA VIDYALAYA,North Western,Puttalam
DHAMMISSARA NATIONAL SCHOOL,North Western,Puttalam
LOURDES COLLEGE,North Western,Puttalam
PREIDENT COLLEGE,North Western,Puttalam
THABBOWA KANISHTA VIDYALAYA,North Western,Puttalam
KOTTARAMULLA GOVERNMENT SINHALA SCHOOL,North Western,Puttalam
PILAKATUMULLA JUNIOR SCHOOL,North Western,Puttalam
ALHIRA MUSLIM M.V.,North Western,Puttalam
ZAHIRA MUSLIM VIDYALAYA,North Western,Puttalam
THUMMODARA MUSLIM VIDYALAYA,North Western,Puttalam
KATUNERIYA ST.SEBASTIANS CENTRAL COLLEGE,North Western,Puttalam
DEMATAPITIYA JUNIOR COLLEGE,North Western,Puttalam
MUDUKATUWA ROMAN CATHOLIC SCHOOL,North Western,Puttalam
SUMANADHAMMA M.V,North Western,Puttalam
MAWILA MAHINDA BUDDHIST KNISHTA VIDYALAYA,North Western,Puttalam
MAWILA JAYALATHMATHA JUNIOR SCHOOL,North Western,Puttalam
IHALA KATUNERIYA PRIMARY COLLEGE,North Western,Puttalam
WALAHAPITIYA MAHA VIDYALAYA,North Western,Puttalam
THALGASAGARA PRIMARY VIDYALAYA,North Western,Puttalam
YATAKALANA DHARMA WIJAYA K.V.,North Western,Puttalam
HEWANA K.V.,North Western,Puttalam
MEDAGODA KANISHTA VIDYALAYA,North Western,Puttalam
PAHALA WALAHAPITIYA DHARMARAJA KANISHTA VIDYALAYA,North Western,Puttalam
NARAWILA SRI GUNARATHANA M.M.V.,North Western,Puttalam
DUNKANNAWA KANISHTA VIDYALAYA,North Western,Puttalam
SRI SEELANANDA MAHA VIDYALAYA,North Western,Puttalam
YAKDESSAWA JUNIOR SCHOOL,North Western,Puttalam
PALUWELGALA KANISHTA VIDYALAYA,North Western,Puttalam
MORAKALE BUDDHIST SCHOOL,North Western,Puttalam
MEEGAHAWELA PRIMARY SCHOOL,North Western,Puttalam
NARAWILA MUSLIM VIDYALAYA,North Western,Puttalam
MANINGALA MUSLIM VIDYALAYA,North Western,Puttalam
PARAMAKANDA P.V.,North Western,Puttalam
KANNANGARA K.V.,North Western,Puttalam
DEWELAHANDIYA KANISTA P SCHOOL,North Western,Puttalam
MORAPATHAWA GOT VIDYALAYA,North Western,Puttalam
KATUPULIYANKULAMA PRIMARY SCHOOL,North Western,Puttalam
IHALAUSWEWA DARMASHOKA K.V.,North Western,Puttalam
SWARNAPALI PRIMARY SCHOOL,North Western,Puttalam
NEELABEMMA PRIMARY SCHOOL,North Western,Puttalam
P/KAL/POOLACHENAI MUSLIM MAHA VIDYALAYA,North Western,Puttalam
MOHOTHTHUWARAMA SINHALA VIDYALAYA,North Western,Puttalam
PINKATTIYA P.V.,North Western,Puttalam
DANKOTUWA BALIKA MAHA VIDYALAYA,North Western,Puttalam
ST.ANNE'S GOVERNMENT SCHOOL,North Western,Puttalam
KANDAKULIYA MUNE SINHALA VIDYALAYA,North Western,Puttalam
ERUKKALAMPIDDY M.V.,North Western,Puttalam
ULUKKAPPULAM MUSLIM MAHA VIDYALAYA,North Western,Puttalam
KOIYAWADI MUSLIM MAHA VIDYALAYA,North Western,Puttalam
KAJUWATTA G M V,North Western,Puttalam
SRIMAPURA PRIMARI MUSLIM VIDYALAYA,North Western,Puttalam
HIDAYATH NAGER MUSLIM M M V,North Western,Puttalam
ZAINAB MUSLIM GIRLS SCHOOL,North Western,Puttalam
ZAHIRA PRIMARY SCHOOL,North Western,Puttalam
NAWAGATHTHEGAMA PRIMARY SCHOOL,North Western,Puttalam
WILPOTHTH ANURA PRATHMIKA WIDUHALA,North Western,Puttalam
KATTAKADUWA SINGHALA VIDYALAYA,North Western,Puttalam
P K MAMPURIYA ROMAN CATHOLIC SINHALA TAMIL P V,North Western,Puttalam
P KAL PERIYA SANTHI GRAMA BILINGUAL PRIMARY SCHOOL,North Western,Puttalam
P PRESIDENTS SCIENCE COLLEGE,North Western,Puttalam
UCHCHAMUNAI R C PRAIMAY VIDYALAYA,North Western,Puttalam
BANDARANAYAKAPURA PC,North Western,Puttalam
ANDIGAMA P SCHOOL,North Western,Puttalam
NALLANTHALUWA MUSLIM P SCHOOL,North Western,Puttalam
PARAKRAMA PRIMARY SCHOOL,North Western,Puttalam
AL KARAM MUSLEEM PRIMARY VIDYALAYA,North Western,Puttalam
AL MADEENA MUSLIM PRIMARY SCHOOL,North Western,Puttalam
S D R JAYARATHNA P SCHOOL,North Western,Puttalam
SRI RATHANAJOTHI PRIMARY SCHOOL,North Western,Puttalam
MIHINDU PRIMARY SCHOOL,North Western,Puttalam
NW P KAL SINDATHRIMATHA PRIMARY SCHOOL,North Western,Puttalam
ANAGARIKA DHARMAPALA PV,North Western,Puttalam
KATUNERIYA ST.SEBASTIAN'S PRIMARY COLLEGE,North Western,Puttalam
AL HIRA PRIMARY SCHOOL,North Western,Puttalam
SRI RAHULA PRIMARY SCHOOL,North Western,Puttalam
SRI KRISHNA PRIMARY SCHOOL,North Western,Puttalam
MUNDAL SINGHALA P SCHOOL,North Western,Puttalam
P SIDDHARTHA PRIMARY SCHOOL,North Western,Puttalam
MAMUNAGAMA THAKSHILA PRAIMARY COLLEGE,North Western,Puttalam
RATHNA PRATHEEPA PRIMARY SCHOOL,North Western,Puttalam
MAITHRIPALA SENANAYAKA CENTRAL COOLEGE,North Central,Anuradhapura
RAMBEWA CENTRAL COLLAGE,North Central,Anuradhapura
KENDE KALLANCHIYA VIDYALAYA,North Central,Anuradhapura
VIJAYARAJA MAHA VIDYALAYA,North Central,Anuradhapura
ISSIPATHANA MAHA VIDYALAYA,North Central,Anuradhapura
KIRIGALWEWA MAHA VIDYALAYA,North Central,Anuradhapura
KONAKUMBUKWEWA VIDYALAYA,North Central,Anuradhapura
ANGUNOCHCHIYA VIDYALAYA,North Central,Anuradhapura
SRI SOBHITHA MAHA VIDYALAYA,North Central,Anuradhapura
KENDAWA MAHA VIDYALAYA,North Central,Anuradhapura
SIRIDHAMMA VIDYALAYA,North Central,Anuradhapura
THAMMENNA ELAWAKA VIDYALAYA,North Central,Anuradhapura
THAMBALAGOLLEWA VIDYALAYA,North Central,Anuradhapura
NABADAGASWEWA VIDYALAYA,North Central,Anuradhapura
PALUGOLLEWA VIDYALAYA,North Central,Anuradhapura
PAHALAGALKANDEGAMA VIDYALAYA,North Central,Anuradhapura
PAHALARATHMALGAHAWEWA VIDYALAYA,North Central,Anuradhapura
PULELIYA VIDYALAYA,North Central,Anuradhapura
MAHADIVULWEWA VIDYALAYA,North Central,Anuradhapura
YAKAWEWA VIDYALAYA,North Central,Anuradhapura
WALPOLA VIDYALAYA,North Central,Anuradhapura
SANGILIKANDARAWA VIDYALAYA,North Central,Anuradhapura
EHALA THAMMENNAWA VIDYALAYA,North Central,Anuradhapura
URAPEENUWEWA VIDYALAYA,North Central,Anuradhapura
KAPIRIGGAMA VIDYALAYA,North Central,Anuradhapura
DARMADEEPA VIDYALAYA,North Central,Anuradhapura
KARAMBANKULAMA VIDYALAYA,North Central,Anuradhapura
KENDANEKATUNUWEWA VIDYALAYA,North Central,Anuradhapura
GAMINIWEWA VIDYALAYA,North Central,Anuradhapura
THAMMENNAKULAMA VIDYALAYA,North Central,Anuradhapura
THULAWELLIYA VIDYALAYA,North Central,Anuradhapura
DIVIYAUDABANDAWEWA VIDYALAYA,North Central,Anuradhapura
PALLANKULAMA VIDYALAYA,North Central,Anuradhapura
MAHAKUMBUKGOLLEWA VIDYALAYA,North Central,Anuradhapura
MAHAKOONGASKADA VIDYALAYA,North Central,Anuradhapura
WIRALMURIPPUWA VIDYALAYA,North Central,Anuradhapura
SIYABALAGASWEWA WELEWA VIDYALAYA,North Central,Anuradhapura
KENDEA AMBAGAHAWEWA VIDYALAYA,North Central,Anuradhapura
ISSINBASSAGALA VIDYALAYA,North Central,Anuradhapura
SIDDHARTHA VIDYALAYA,North Central,Anuradhapura
KOONAKUBUKGOLLEWA VIDYALAYA,North Central,Anuradhapura
KEBITHIGOLLEWA CENTRAL COLLEGE,North Central,Anuradhapura
ETAMBAGASKADA VIDYALAYA,North Central,Anuradhapura
KIDAGALEGAMA VIDYALAYA,North Central,Anuradhapura
GALLALLEGAMA VIDYALAYA,North Central,Anuradhapura
PUHUDIULA VIDYALAYA,North Central,Anuradhapura
ETHAKADA MAHA VIDYALAYA,North Central,Anuradhapura
GONUHADDENAWA VIDYALAYA,North Central,Anuradhapura
THITTAGONEWA MAHA VIDYALAYA,North Central,Anuradhapura
BANDARAULPOTHA VIDYALAYA,North Central,Anuradhapura
HALMILLAWETIYA VIDYALAYA,North Central,Anuradhapura
HERATHHALMILLEWA VIDYALAYA,North Central,Anuradhapura
ETAWEERAGOLLEWA VIDYALAYA (MAHA KASHSHAPA V),North Central,Anuradhapura
KADAWATH RAMBEWA VIDYALAYA,North Central,Anuradhapura
KOONGOLLEWA VIDYALAYA,North Central,Anuradhapura
PARANAHALMILLEWA VIDYALAYA,North Central,Anuradhapura
ELAPATHWEWA VIDYALAYA,North Central,Anuradhapura
INDIGOLLEWA YAKAWEWA VIDYALAYA,North Central,Anuradhapura
KUNCHUTTUWA VIDYALAYA,North Central,Anuradhapura
THIBIRIWEWA VIDYALAYA,North Central,Anuradhapura
KIRIMATIYAWA VIDYALAYA,North Central,Anuradhapura
DHARMASHOKA VIDYALAYA,North Central,Anuradhapura
MAHANETIYAWA VIDYALAYA,North Central,Anuradhapura
MADAWEWA VIDYALAYA,North Central,Anuradhapura
GALAWEWA RAMBAKEPUWEWA VIDYALAYA,North Central,Anuradhapura
HANDAGALA VIDYALAYA,North Central,Anuradhapura
HIRALLUGAMA VIDYALAYA,North Central,Anuradhapura
PADAVI - PARAKRAMAPURA MAHA VIDYALAYA,North Central,Anuradhapura
BUDDHANGALA CENTRAL CILLEGE,North Central,Anuradhapura
ALIWANGUWA MAHA VIDYALAYA,North Central,Anuradhapura
PADAVI MAHASEN MAHA VIDYALAYA,North Central,Anuradhapura
ALUTHHALMILLEWA VIDYALAYA,North Central,Anuradhapura
PARACKRAMAPURA MODEL PRIMARY SCHOOL,North Central,Anuradhapura
PADAVI RUWANPURA MAHA VIDYALAYA,North Central,Anuradhapura
PADAVI E YAYA 5 VIDYALAYA,North Central,Anuradhapura
PADAVI PIYAWARA 4 ANURA VIDYALAYA,North Central,Anuradhapura
BALAYAWEWA VIDYALAYA,North Central,Anuradhapura
PADAVI D 10 MAITHRI VIDYALAYA,North Central,Anuradhapura
PADAVI C YAYA VIDYALAYA,North Central,Anuradhapura
WAHALKADA D2 VIDYALAYA,North Central,Anuradhapura
KAHATAGOLLEWA VIDYALAYA,North Central,Anuradhapura
HEMAMALI MAHA VIDYALAYA,North Central,Anuradhapura
DALUGGALA VIDYALAYA,North Central,Anuradhapura
WAHALKADA D-05 VIDYALAYA,North Central,Anuradhapura
MU/SAMPATH NUWARA N.S.,Northern,Mullaitivu
MU/ETHAWETUNUWEWA SCHOOL,Northern,Mullaitivu
MU/KIRIIBBANWEWA VIDYALAYA,Northern,Mullaitivu
MU/EHETUGASWEWA SCHOOLO,Northern,Mullaitivu
KAHATAGASDIGILIYA MADYA MAHA VID,North Central,Anuradhapura
RATHMALGAHAWEWA MAHA VIDYALAYA,North Central,Anuradhapura
RUWANWELI CENTRAL COLLEGE,North Central,Anuradhapura
AMBAGASWEWA ASOKA JAYANTHI VIDYALAYA,North Central,Anuradhapura
IHALA DIYULWEWA VIDYALAYA,North Central,Anuradhapura
ELAWISSAGODA VIDYALAYA,North Central,Anuradhapura
KAKULBENDIDIGILYA VIDYALAYA,North Central,Anuradhapura
KATUWARAGALAWEWA VIDYALAYA,North Central,Anuradhapura
KAPUGOLLEWA MAHA VIDYALAYA,North Central,Anuradhapura
DIGANHALMILLAWE VIDYALAYA,North Central,Anuradhapura
DIYAMAILAGASWEWA VIDYALAYA,North Central,Anuradhapura
NABADAWEWA VIDYALAYA,North Central,Anuradhapura
NAYAKAPUWEWA V.,North Central,Anuradhapura
NAMBADAWEWA VIDYALAYA,North Central,Anuradhapura
PARANGIYAWADIYA VIDYALAYA,North Central,Anuradhapura
PAHALA KANHIDIGAMA,North Central,Anuradhapura
PAHALAKUDAPATTIYA M.V,North Central,Anuradhapura
MARADANMADUWA VIDYALAYA,North Central,Anuradhapura
MAHAKUMBUKWEWA VIDYALAYA,North Central,Anuradhapura
MAHAGALKANDEGAMA VIDYALAYA,North Central,Anuradhapura
MAHAPOTHANA DUTUWEWA VIDYALAYA,North Central,Anuradhapura
MORAKEWA VIDYALAYA,North Central,Anuradhapura
MORAWEWA VIDYALAYA,North Central,Anuradhapura
KALPE ANANDA SAGARA VIDYALAYA,North Central,Anuradhapura
RASNAKAWEWA VIDYALAYA,North Central,Anuradhapura
WLAHAVIDDAWEWA VIDYALAYA,North Central,Anuradhapura
WAGOLLAKADA JAYANTHI VIDYALAYA,North Central,Anuradhapura
WELIMUVAPOTHANA VIDYALAYA,North Central,Anuradhapura
HETTIYAWA VIDYALAYA,North Central,Anuradhapura
MEEGAHADIGILIYA VIDYALAYA,North Central,Anuradhapura
PULIYANKADAWALA VIDYALAYA,North Central,Anuradhapura
SUHADAGAMA VIDYALAYA,North Central,Anuradhapura
THAMARAWEWA VIDYALAYA,North Central,Anuradhapura
GALENBINDUNUWEWA CENTRAL COLLEGE,North Central,Anuradhapura
NCP/ANU/GB/GB/DUTUWEWA MAHA VIDYALAYA,North Central,Anuradhapura
NIKAWEWA ANURA MAHA VIDYALAYA,North Central,Anuradhapura
ANU/GB/KAH/PANDULA MAHA VIDYALAYA,North Central,Anuradhapura
PADIKARAMADUWA MAHA VIDYALAYA,North Central,Anuradhapura
YAKALLA MAHA VIDYALAYA,North Central,Anuradhapura
HURULUWEWA WAM IWURA M.V.,North Central,Anuradhapura
MAHAGASWEWA MAHA VIDYALAYA,North Central,Anuradhapura
THAKSHILA M.V.,North Central,Anuradhapura
ALUTH DIWULWEWA VIDYALAYA,North Central,Anuradhapura
PALLUGOLLAGAMA,North Central,Anuradhapura
KOONWEWA SIDDHARTHA VIDYALAYA,North Central,Anuradhapura
UPULDENIYA VIDYALAYA,North Central,Anuradhapura
NCP/ANU/GB/GB/ULPATHGAMA V,North Central,Anuradhapura
HURULU MEEGAHAPATTIYA VIDYALAYA,North Central,Anuradhapura
DEKETHIPOTHANA VIDYALAYA,North Central,Anuradhapura
NCP/ANU/GB/GB/SIYAMBALEWA VIDYALAYA,North Central,Anuradhapura
KOHOMBAGASKADA VIDYALAYA,North Central,Anuradhapura
ALIYAWETUNUWEWA PRIMARY SCHOOL,North Central,Anuradhapura
AMBAGAHAWEWA VIDYALAYA,North Central,Anuradhapura
ILUKWEWA VIDYALAYA,North Central,Anuradhapura
UDDIYANKULA NIKAWEWA VIDYALAYA,North Central,Anuradhapura
KIMBULPETIYAWA VIDYALAYA,North Central,Anuradhapura
KUMBUKGOLLAWA VIDYALAYA,North Central,Anuradhapura
KOKKEBE SRI ROHINI VIDYALAYA,North Central,Anuradhapura
MATABUWA PALUGOLLAGAMA VIDYALAYA,North Central,Anuradhapura
DEWAMITHTHA VIDYALAYA,North Central,Anuradhapura
RAMBEWA MAHAPOTHANA V,North Central,Anuradhapura
WAHAGAHAPUWEWA VIDYALAYA,North Central,Anuradhapura
HIMBUTUGOLLEWA,North Central,Anuradhapura
GOOMARANKALLA TARCT 05 V,North Central,Anuradhapura
ANURADHAPURA CENTRAL COLLEGE,North Central,Anuradhapura
SWARNAPALI GIRLS COLLEGE,North Central,Anuradhapura
ST.JOSEPH'S COLLEGE,North Central,Anuradhapura
KALUVILA SENA MAHA VIDYALAYA,North Central,Anuradhapura
RAATHMALE THISSA MAHA VIDYALAYA,North Central,Anuradhapura
DEEPANI VIDYALAYA (PRESIDENT VIDYALAYA),North Central,Anuradhapura
WALISINGHE HARISHCHANDRA MAHA VIDYALAYA,North Central,Anuradhapura
ALUTHWEWA KUMARA MAHA VIDYALAYA,North Central,Anuradhapura
K.B.RATHNAYAKA MAHA VIDYALAYA,North Central,Anuradhapura
KUDANELUBEWA GAMUNU MAHA VIDYALAYA,North Central,Anuradhapura
SUBODHI MAHA VIDYALAYA,North Central,Anuradhapura
KAMMALAKKULAMA V.,North Central,Anuradhapura
KALATHTEWA MAHA VIDYALAYA,North Central,Anuradhapura
KEERIKKULAMA VIDYALAYA,North Central,Anuradhapura
NCP/ANU/GB/MIHI/KURUNDANKULAMA V,North Central,Anuradhapura
THAMMENNAPURA VIDYALAYA,North Central,Anuradhapura
THURUVILAVIDYALYA,North Central,Anuradhapura
DIWULWEWA VIDYALAYA,North Central,Anuradhapura
NELUMKANNIYA VIDYALAYA,North Central,Anuradhapura
POTHANEGAMA VIDYALAYA,North Central,Anuradhapura
SUCHARIYHAGAMA VIDYALAYA,North Central,Anuradhapura
MADAWALAGAMA PRIMARY SCHOOL,North Central,Anuradhapura
MAHANELUBEWA VIDYALAYA,North Central,Anuradhapura
MAHAWANNAMMADUWA VIDYALAYA,North Central,Anuradhapura
KATAKALE VIDYALAYA,North Central,Anuradhapura
YAHALEGAMA VIDYALAYA,North Central,Anuradhapura
DHAMMATHILAKA VIDYALAYA,North Central,Anuradhapura
D S SENANAYAKA MODLE PRIMARY SCHOOL,North Central,Anuradhapura
THAMMANNAWA M M V,North Central,Anuradhapura
MAHAKANADARAWA TRACK 2 M M V,North Central,Anuradhapura
ELLAWEWA VIDYALAYA,North Central,Anuradhapura
KUKULEWA DEEGHABHAYA VIDYAKLAYA,North Central,Anuradhapura
KANADARA NEKATUNUWEWA VIDUHALA,North Central,Anuradhapura
KANADARA RATHMALE VIDUHALA,North Central,Anuradhapura
MAHAKANADARAWA LEFT BANK TRACT 01V,North Central,Anuradhapura
RANPATHVILA MAHA VIDYALAYA,North Central,Anuradhapura
ANDARAGOLLEWA VIDYALAYA,North Central,Anuradhapura
UKKULANKULAMA V,North Central,Anuradhapura
A KENDA ROTAWEWA VIDYALAYA,North Central,Anuradhapura
A / GOONAPATIYAWA VIDYALAYA,North Central,Anuradhapura
GINIKATUWEWA VIDYALAYA,North Central,Anuradhapura
AN/GB/PALUGASWEWA KUNURAGAMA VIDYALAYA,North Central,Anuradhapura
WERUPPANKULAMA.V,North Central,Anuradhapura
NCP/ANU/GB/MIHI/SIYAMBALAGASWEWA V,North Central,Anuradhapura
NIWATHTHAKA CHETHIYA MAHA VIDYALAYA,North Central,Anuradhapura
MAHINDA MODEL PRIMARY SCHOOL,North Central,Anuradhapura
ELAYAPATHTHUWA MAHA,North Central,Anuradhapura
A ETHDATHKALLA RAHULA VIDYALAYA,North Central,Anuradhapura
ILANDAGAHAWEWA M.V.,North Central,Anuradhapura
KATUKALIYAWA VIDYADEEPA VIDYALAYA,North Central,Anuradhapura
A KENDE RATHMALE VIYALAYA,North Central,Anuradhapura
KARUKKANKULAMA VIJAYABA MAHA VIDYALAYA,North Central,Anuradhapura
GALKADAWALA VIDYALAYA,North Central,Anuradhapura
GALPOTHTHEGAMA VIDYALAYA,North Central,Anuradhapura
SRI DEWAMITHTHA PRIMARY SCHOOL,North Central,Anuradhapura
SRI WIMALGANA MAHA VIDYALAYA,North Central,Anuradhapura
THAMBIYAWA DARAMAPALA VIDYALAYA,North Central,Anuradhapura
THIBBATUWAGAMA VIDYALAYA,North Central,Anuradhapura
PARASANGASWEWA VIDYALAYA,North Central,Anuradhapura
PANIYANKADAWALA MAHA VIDYALAYA,North Central,Anuradhapura
PUSIYANKULAMA MAHA VIDYALAYA,North Central,Anuradhapura
PERIMIYANKULAMA ASHOKA MAHA VIDYALAYA,North Central,Anuradhapura
HATHARASWELA PRIMARY SCHOOL,North Central,Anuradhapura
PUWARASANKULAMA VIDYALAYA,North Central,Anuradhapura
A PANDUKABAYAPURA VIDYALAYA,North Central,Anuradhapura
BILLEWA VIDYALAYA,North Central,Anuradhapura
A/MAHABODHI VIDUHALA,North Central,Anuradhapura
MAHAMANKADAWALA VIDYALAYA,North Central,Anuradhapura
MAHABULANKULAMA MAHA VIDYALAYA,North Central,Anuradhapura
MAHAWILACHCHIYA SIDDARTHA VIDYALAYA,North Central,Anuradhapura
A /SALIYAMALA VIDYALAYA,North Central,Anuradhapura
THAKSHILA MAHA VIDYALAYA,North Central,Anuradhapura
GAMINI VIDYALAYA,North Central,Anuradhapura
MANKADAWALA MAHA VIDYALAYA,North Central,Anuradhapura
MAHA AHETUWEWA VIDYALAYA,North Central,Anuradhapura
MANINGAMUWA VIDYALAYA,North Central,Anuradhapura
SADAMALGAMA VIDYALAYA,North Central,Anuradhapura
VIDYARAJA VIDYALAYA (VIHARAPALUGAMA),North Central,Anuradhapura
VIHARA BULANKULAMA VIDYALAYA,North Central,Anuradhapura
SIRISAGABO VIDYALAYA,North Central,Anuradhapura
DHARMA PRADEEPA VIDYALAYA,North Central,Anuradhapura
SALIYAPURA VIDYALAYA,North Central,Anuradhapura
A SIYABALAGASWEWA MEDAGAMA VIDYALAYA,North Central,Anuradhapura
HALAMBAGASWEWA VIDYALAYA,North Central,Anuradhapura
DIGANEGAMA VIDYALAYA,North Central,Anuradhapura
OYAMADUWA VIDYALAYA,North Central,Anuradhapura
ADMPANE SUDHARSHANA MAHA VIDYALAYA,North Central,Anuradhapura
VIDYALOKA MAHA VIDYALAYA,North Central,Anuradhapura
A IHALAKEDITHOKKUWA VIDYALAYA,North Central,Anuradhapura
A OTTAPPUWA VIDYALAYA,North Central,Anuradhapura
KATUPATHWEWA VIDYALAYA,North Central,Anuradhapura
KADURUPITIYA ASHOKAMALA V IDUHALA,North Central,Anuradhapura
KUKULKATUWA VIDYALAYA,North Central,Anuradhapura
NCP AN AN NO SRI SUMANGALA VIDYALAYA,North Central,Anuradhapura
NCP AN AN NO VIDYARAVINDA VIDYALAYA,North Central,Anuradhapura
GUNUPOTHAGAMA VIDYALAYA,North Central,Anuradhapura
A DUNUMADALAWA VIDYALAYA,North Central,Anuradhapura
VIDYADARASHA MAHA VIDYALAYA,North Central,Anuradhapura
VIDYARTHA MAHAVIDYALAYA,North Central,Anuradhapura
PAHALA WETIYAWA VIDYALAYA,North Central,Anuradhapura
SRI DUTUGEMUNU MAHA VIDYALAYA,North Central,Anuradhapura
VIDUARUNA MAHA VIDYALAYA,North Central,Anuradhapura
RANORAWA PRIMARY SCHOOL,North Central,Anuradhapura
RALAPANAWA VIDYALAYA,North Central,Anuradhapura
RALAPANAWA JANAPADA VIDYALAYA,North Central,Anuradhapura
LINDAWEWA VIDYALAYA,North Central,Anuradhapura
HORUWILA VIDYALAYA,North Central,Anuradhapura
IPALOGAMA VIDYALAYA,North Central,Anuradhapura
SARAKKUGALA VIDYALAYA,North Central,Anuradhapura
KAGAMA YAYA 9 MAHA VIDYALAYA,North Central,Anuradhapura
THAMBUTTEGAMA CENTRAL COLLEGE,North Central,Anuradhapura
THALAWA M.V.,North Central,Anuradhapura
RAJANGANAYA TRACT 5 MAHA VIDYALAYA,North Central,Anuradhapura
A RAJANGANAYA YAYA 10 M.V.,North Central,Anuradhapura
RAJANGANYA YAYA 13/14 MAHASEN MAHA VIDYALAYA,North Central,Anuradhapura
KAGAMA TRACT SIX DUTUGAMUNU M.V.,North Central,Anuradhapura
SENAPURA V,North Central,Anuradhapura
ANGAMUWA YAYA 06MAHA VIDYALAYA,North Central,Anuradhapura
ALUTHWEWA GALMADUWA VIDYALAYA,North Central,Anuradhapura
IHALAHALMILLWEA M.V.,North Central,Anuradhapura
THAKSHILA VIDYALAYA TRACT 10,North Central,Anuradhapura
KATIYAWA TRACT 01 VIDYALAYA,North Central,Anuradhapura
KARAGAHAWEWA VIDYALAYA,North Central,Anuradhapura
KELEDIULWEWA VIDYALAYA,North Central,Anuradhapura
A/KUDAGAMA VIDUHALA,North Central,Anuradhapura
THAMMANNAGAMA ALUTHWEWA VIDYALAYA,North Central,Anuradhapura
TALAWA NABADAWEWA VIDYALAYA,North Central,Anuradhapura
SRI SUMANGALA MAHA VIDYALAYA,North Central,Anuradhapura
NALLACHCHIYA VIDYALAYA,North Central,Anuradhapura
PAINDIKULAMA PANDUKABHAYA VIDYLAYA,North Central,Anuradhapura
PAHALATHALAWA VIDYALAYA,North Central,Anuradhapura
POTHIYAGAMA MAITHREE VIDUHALA,North Central,Anuradhapura
MAHAILLUPPALLAMA .V,North Central,Anuradhapura
MAHABELLANKADAWALA MAHA VIDYALAYA,North Central,Anuradhapura
RAJANGANAYA TRACT 1CHILD FRENDL,North Central,Anuradhapura
RAJANGANYA TRACT 04 PRIMARY SCHOOL,North Central,Anuradhapura
RAJANGANAYA YAYA 08 SRI RAHULA VIDYALAYA,North Central,Anuradhapura
RAJANGANAYA TRACT 15 VIDDYALAYA,North Central,Anuradhapura
SIRIMAPURA MAHA VIDYALAYA,North Central,Anuradhapura
SOLAMA VIDYALAYA,North Central,Anuradhapura
HIRIGOLLEGAMA VIDYALAYA,North Central,Anuradhapura
DELNGAMA VIDYALAYA,North Central,Anuradhapura
THELHIRIYAWA VIDYALAYA,North Central,Anuradhapura
SRI PARAKUM PRIMARY SCHOOL,North Central,Anuradhapura
GALWADUWAGAMA VIDYALAYA,North Central,Anuradhapura
GURUGAMA VIDUHALA,North Central,Anuradhapura
THAMBUTHTHEGAMA MODEL PRIMARY SCHOOL,North Central,Anuradhapura
MUDUNEGAMA M.V.,North Central,Anuradhapura
GALNEWA M.V.,North Central,Anuradhapura
KAGAMA DATHUSENA M.V.,North Central,Anuradhapura
NEGAMPAHA MAHA VIDYALAYA,North Central,Anuradhapura
VIJITHAPURA MAHA V,North Central,Anuradhapura
KALANKUTTIYA,North Central,Anuradhapura
IHALABULNEWA V.,North Central,Anuradhapura
A KATHTHARAGAMA P.V.,North Central,Anuradhapura
KANDULUGAMUWA VIDYALAYA,North Central,Anuradhapura
GALNEWA P.V.,North Central,Anuradhapura
NEGAMA SIRISUMANA V,North Central,Anuradhapura
NELUMPATHGAMA P.V.,North Central,Anuradhapura
PALUGASWEWA GAMINI V .,North Central,Anuradhapura
KALANKUTTIYA PRAIMARI SCHOOL,North Central,Anuradhapura
MAKULEWA MAHA VIDDYALAYA,North Central,Anuradhapura
WALAWEGAMA,North Central,Anuradhapura
WALASWEWA PRAIMARI SCHOOL,North Central,Anuradhapura
HANDUNGAMA VIDYALAYA,North Central,Anuradhapura
HABARAWATTHA WETAKOLUWAGAMA VIDYALAYA,North Central,Anuradhapura
HALMILLEWA SIRI SEEWALI MAHA VIDDYALAYA,North Central,Anuradhapura
HURIGASWEWA VIDYALAYA,North Central,Anuradhapura
USGALA P.V.,North Central,Anuradhapura
THALAKOLAWEWA JAYAMAWATHA PRIMARY SCHOOL,North Central,Anuradhapura
MAWATHTHEGAMA P.V.,North Central,Anuradhapura
SRI SIDDARTHA MAHA VIDYALAYA,North Central,Anuradhapura
GANTHIRIYAGAMA M.V.,North Central,Anuradhapura
SRI RAHULA MAHA VIDYALAYA,North Central,Anuradhapura
WALAGAMBAHUWA M.V.,North Central,Anuradhapura
PERIYAKULAMA M.V.,North Central,Anuradhapura
KARABEWA M.V.,North Central,Anuradhapura
SAINT ANTHONY'S M.V.,North Central,Anuradhapura
NARANGALLEGAMA V.,North Central,Anuradhapura
PAYINDIKULAMA V.,North Central,Anuradhapura
MAMINIYAWA VIDYALAYA,North Central,Anuradhapura
MANEWA V.,North Central,Anuradhapura
MURIYAKADAWALA MAITHREE VIDYALAYA,North Central,Anuradhapura
KALEAMUNUKOLE VIDYALAYA,North Central,Anuradhapura
NALLAMUDAWA VIDDYALAYA,North Central,Anuradhapura
MAWATHAWEWA VIDYALAYA,North Central,Anuradhapura
AMUNICHCHIYA VIDYALAYA,North Central,Anuradhapura
ALUTHGATHIRIYAGAMA V.,North Central,Anuradhapura
KADURUGASWEWA VIDYALAYA,North Central,Anuradhapura
KUDAKANUMULLA VIDYALAYA,North Central,Anuradhapura
GAMINI HALMILLEWA V.,North Central,Anuradhapura
PETHISRAMBEWA VIDYALAYA,North Central,Anuradhapura
PAHALAWEMBUWA V.,North Central,Anuradhapura
PULIYANKULAMA VIDYALAYA,North Central,Anuradhapura
MAMINIYA RABAWA VIDYALAYA,North Central,Anuradhapura
UTTIMADUWA V.,North Central,Anuradhapura
ORUKMANKULAMA VIDYALAYA,North Central,Anuradhapura
KATTAMURICHCHANA M.V.,North Central,Anuradhapura
KUTTIKULAMA SIRI SEELAWANSHA M.V.,North Central,Anuradhapura
KAHAPATHVILAGAMA V,North Central,Anuradhapura
GALKULAMA DHAMMADINNA M.V.,North Central,Anuradhapura
MAHANAMA M.V.,North Central,Anuradhapura
THODAMADUWA VIDYALAYA,North Central,Anuradhapura
THAMMENNAGAMA VIDYALAYA,North Central,Anuradhapura
DAMBAGOLLEWA VIDYALAYA,North Central,Anuradhapura
NACHCHADOOWA SINHALA MAHA VIYALAYA,North Central,Anuradhapura
NATIYAGAMA V,North Central,Anuradhapura
PAYIRIMADUWA VIDYALAYA,North Central,Anuradhapura
PAHALA HALMILLEWA V,North Central,Anuradhapura
PARAKUMMURIYAKADAWALA VIDYALAYA,North Central,Anuradhapura
PUNCHIKULAMA VIDYALAYA,North Central,Anuradhapura
MARADANKALLA SHI BODHI VIDYALAYA,North Central,Anuradhapura
MAILAGASWEWA V.,North Central,Anuradhapura
SRI SARANANDA VIDYALAYA,North Central,Anuradhapura
MAWATHAWEWA DHARMARAJA VIDYALAYA,North Central,Anuradhapura
PATHIRAJA THENNAKOON MODEL PRIMARY,North Central,Anuradhapura
NCP/ANU/GB/MIHI/MIHINTHALE M.V.,North Central,Anuradhapura
MEEWELLEWA VIDYALAYA,North Central,Anuradhapura
LABUNORUWA PANDUKABHAYA M.V.,North Central,Anuradhapura
WEMBUWEWA VIDYALAYA,North Central,Anuradhapura
WELLARAGAMA V.,North Central,Anuradhapura
SIWALAKULAMA SEEWALI MAHA VIDYALAYA,North Central,Anuradhapura
SELESTHIMADUWA VIDYALAYA,North Central,Anuradhapura
ETHUNGAMA GEMUNU M.V.,North Central,Anuradhapura
ANDIYAGALA NAWODYA V,North Central,Anuradhapura
UPULWEHERA P.V.,North Central,Anuradhapura
IHALAKAGAMA V.,North Central,Anuradhapura
OLUKARADA MAHA VIDYALAYA,North Central,Anuradhapura
KANDALAMA PALLEGAMA M.V.,North Central,Anuradhapura
KARAWILAGALA V',North Central,Anuradhapura
KALUARCHCHIYAGAMA V,North Central,Anuradhapura
KEKIRAWA CENTRAL COLLEGE,North Central,Anuradhapura
MODEL PRIMARY V,North Central,Anuradhapura
KIRIDIWATH P.V.,North Central,Anuradhapura
KITHULHITIYWA V.,North Central,Anuradhapura
GALKIRIYAGAMA PRIMARY,North Central,Anuradhapura
THELADINNANINWEWA V,North Central,Anuradhapura
KKTHELABIYAGAMA VIDYALAYA,North Central,Anuradhapura
PARAWAHAGAMA V.,North Central,Anuradhapura
PALAGALA M.V.,North Central,Anuradhapura
PALLEKAGGAMA V.,North Central,Anuradhapura
PELBADIYAWE P.V.,North Central,Anuradhapura
BUDIGEHINNA M.V.,North Central,Anuradhapura
MANGALAPURA V.,North Central,Anuradhapura
SRI REWATHA M.V,North Central,Anuradhapura
MANERUWA.M.V.,North Central,Anuradhapura
"MURUNGAHITIKADA, MADATUGAMA",North Central,Anuradhapura
MUDAPERUMAGAMA VIDYALAYA,North Central,Anuradhapura
MOROTHTHEGAMA P.V.,North Central,Anuradhapura
MORAGOLLAGAMA PRIMARY SCHOOL,North Central,Anuradhapura
RANAWA P.V.,North Central,Anuradhapura
RAMADEGALA VIDYALAYA,North Central,Anuradhapura
DHAMBULUHALMILLAWEWA MODLE M.V.,North Central,Anuradhapura
HEVENTHANNEGAMA V,North Central,Anuradhapura
HIRIPITIYAGAMA P.V.,North Central,Anuradhapura
BASTIAN SILVA M.V.,North Central,Anuradhapura
DABEVATANA VIDYALAYA,North Central,Anuradhapura
GALKIRIYAGAMA M.V,North Central,Anuradhapura
VIDYARTHA M.V.,North Central,Anuradhapura
PALUGASWEWA V',North Central,Anuradhapura
HABARANA SECONDARY SCHOOL,North Central,Anuradhapura
EMBULGASWEWA V,North Central,Anuradhapura
KALUEBE V,North Central,Anuradhapura
KELEWA SUMANA VIDYALAYA,North Central,Anuradhapura
KIRMETIYAWA GAMINI VIDYALAYA,North Central,Anuradhapura
KUMBUKWEWA NEMALSIRI VIDYALAYA,North Central,Anuradhapura
KUMBUKWEWA PRIMARY SCHOOL,North Central,Anuradhapura
KORASAGALLA,North Central,Anuradhapura
GALAPITAGALA VIDYALAYA,North Central,Anuradhapura
DEMUNNEWA VIDYALAYA,North Central,Anuradhapura
MAWAKKULMA V.,North Central,Anuradhapura
PUWAKPITIYA PRIMARY SCHOOL,North Central,Anuradhapura
PUSDIULWEWA VIDYALAYA,North Central,Anuradhapura
BENDIWEWA VIDYALAYA,North Central,Anuradhapura
MADAWALA VIDYALAYA,North Central,Anuradhapura
MAHAELAGAMUWA VIDIYALAUA,North Central,Anuradhapura
MAHAMEEGASWEWA VIDYALAYA,North Central,Anuradhapura
MAHARABAWEWAVIDYALAYA,North Central,Anuradhapura
MATAMBUWA MAHADIULWEWA,North Central,Anuradhapura
MATABUWA HALMILLEWA VIDYALAYA,North Central,Anuradhapura
MEDAGAMA V.,North Central,Anuradhapura
MORAGODA V.,North Central,Anuradhapura
RATHMALKANDA V.,North Central,Anuradhapura
WERUNKULAMA V.,North Central,Anuradhapura
WERAGALA VIDYALAYA,North Central,Anuradhapura
SENADIRIYAGAMA VIDYALAYA,North Central,Anuradhapura
HIRIWADUNNA PRIMARI SCHOOL,North Central,Anuradhapura
ZAHIRA COLLEGE,North Central,Anuradhapura
VIVEKANANDA TAMIL MAHA VIDYALAYA,North Central,Anuradhapura
NCP/ANU/GB/MIHI/KANADARA KATUKELIYAWA MUSLIM M.V.,North Central,Anuradhapura
AL MADEENA VIDYALAYA,North Central,Anuradhapura
KATIYAWA AZAD MUSLIM VIDYLAYA,North Central,Anuradhapura
KALAWEWA MU.V,North Central,Anuradhapura
NAGAMA MU.V,North Central,Anuradhapura
ALAHAPPERUMAGAMA MU.V.,North Central,Anuradhapura
UDANIDIGAMA AL MINA MAHA VIDYALAYA,North Central,Anuradhapura
KATUKELIYAWA M.V.,North Central,Anuradhapura
BAPTIST MISSION TAMIL SCHOOL,North Central,Anuradhapura
NELLEYAGAMA MU.V,North Central,Anuradhapura
KEKIRAWA MUSLIM MAHA VIDYALAYA,North Central,Anuradhapura
BANDARAPOTHANA MUSLIM VIDYALAYA,North Central,Anuradhapura
BALALUWEWA MU.V,North Central,Anuradhapura
HORAPOLA MUSLIM VIDYALAYA,North Central,Anuradhapura
MADATUGAMA MUSLIM VIDYALAYA,North Central,Anuradhapura
IHALAPULIYANKULAMA MUSLIM VIDYALAYA,North Central,Anuradhapura
KALLANCHIYAGAMA ARAFA M.V.,North Central,Anuradhapura
KOLLANKUTTYGAMA MUSLIM VIDYALAYA,North Central,Anuradhapura
GANEWALPOLA MUSLIM MAHA VIDYALAYA,North Central,Anuradhapura
NACHCHADUWA MUSLIM MAHA VIDYALAYA,North Central,Anuradhapura
BAMUNUGAMA MUSLIM VIDYALAYA,North Central,Anuradhapura
AL AMEEN MUSLIM VIDYALAYA,North Central,Anuradhapura
MIHINTHALE MUSLIM V.,North Central,Anuradhapura
DEMATTEGAMA MUSLIM VIDYALAYA,North Central,Anuradhapura
JAYA MUSLIM MAHA VIDYALAYA,North Central,Anuradhapura
KAHATAGASDIGILIYA MUSLIM MAHA VID,North Central,Anuradhapura
EITHALWETUNUWEWA MUSLIM MAHA VIDYA,North Central,Anuradhapura
KADAWATH RATHMALE MUSLIM VIDYALAYA,North Central,Anuradhapura
THIMBIRIYATHTHAWALA MUSLIM VIDYALAYA,North Central,Anuradhapura
NIKAWEWA MUSLIM VIDYALAYA,North Central,Anuradhapura
NELUGOLLAKADA MUSLIM VIDYALAYA,North Central,Anuradhapura
PATHTHEWA MUSLIM VIDYALAYA,North Central,Anuradhapura
THAHIRA MUSLIM VIDYALAYA,North Central,Anuradhapura
WALAHAWIDDAWEWA MUSLIM VIDYALAYA,North Central,Anuradhapura
WEERACHCHOLAI MUSLIM VIDYALAYA,North Central,Anuradhapura
HETTUWEWA MUSLIM VIDYALAYA,North Central,Anuradhapura
BADIUDDIN MAHAMUD MAHA VIDYALAYA,North Central,Anuradhapura
AGUNOCHCHIYA MUSLIM MAHA VIDYALAYA(ALMAS M.V.),North Central,Anuradhapura
WELIGOLLEWA MUSLIM VIDYALAYA,North Central,Anuradhapura
GOMARANKALLA MUSLIM VIDYALAYA,North Central,Anuradhapura
MUKIRIYAWA MUSLIM MAHA VIDYALAYA,North Central,Anuradhapura
THURUKKARAGAMA MUSLIM VIDYALAYA,North Central,Anuradhapura
DAHANAKWEWA MUSLIM VIDYALAYA,North Central,Anuradhapura
AL AKSHA MUSLIM VIDYALAYA,North Central,Anuradhapura
A AN NOOR MAHA VIDYALAYA,North Central,Anuradhapura
THALGAHAWEWA MUSLIM VIDYALAYA,North Central,Anuradhapura
AL MANAR MUSLIM VIDYALAYA,North Central,Anuradhapura
MEDAWACHCHIYA MUSLIM VIDYALAYA(AL MADEENA M.V.),North Central,Anuradhapura
ALLAWEWA VIDYALAYA,North Central,Anuradhapura
MUSLIM ATTAWEERAWEWA VIDYALAYA,North Central,Anuradhapura
MANARUL ULOOM MAHA VIDYALAYA,North Central,Anuradhapura
ALUTHGAMA DHARUSSALAM MUSLIM VIDHYALAYA,North Central,Anuradhapura
AL HIQMA MUSLIM VIDYALAYA,North Central,Anuradhapura
KIVULEKADA MUSLIM VIDYALAYA,North Central,Anuradhapura
A /IHALAKOTIYAWA MUSLIM VIDYALAYA,North Central,Anuradhapura
NOCHCHIYAGMA MUSLIM MAHA VIDYALAYA,North Central,Anuradhapura
ASIRIGAMA MUSLIM VIDYALAYA,North Central,Anuradhapura
KOVILBENDAWEWA MUSLIM VIDYALAYA,North Central,Anuradhapura
SUDARSHANABODHI VIDYALAYA,North Central,Anuradhapura
DEWANAMPIYATHISSA MAHA VIDYALAYA,North Central,Anuradhapura
KIBULWEWA ANANDA VIDYALAYA,North Central,Anuradhapura
THALAWA THIRAPPANE VIDYALAYA,North Central,Anuradhapura
MEEGASSEGAMA ANANDODAYA VIDYALAYA,North Central,Anuradhapura
MUDALINDU RATHNAYAKA VIDYALAYA,North Central,Anuradhapura
AIYATHIGEWEWA VIDYALAYA,North Central,Anuradhapura
KOONKETIYAWA VIDYALAYA,North Central,Anuradhapura
ANNOOR MUSLIM VIDYALAYA,North Central,Anuradhapura
GALKANDEWA MUSLIM VIDYALAYA,North Central,Anuradhapura
MU/JANAKAPURA SCHOOL,Northern,Mullaitivu
BELLANKADAWALA VIDYALAYA,North Central,Anuradhapura
PAHALAUSGOLLEWA VIDYALAYA,North Central,Anuradhapura
SANDIGAWEWA VIDYALAYA,North Central,Anuradhapura
KALUGALA V.,North Central,Anuradhapura
ASHOKA VIDYALAYA,North Central,Anuradhapura
KANUGAHAWEWA VIDYALAYA,North Central,Anuradhapura
KUDARATHMALE VIDYALAYA,North Central,Anuradhapura
DIKWANNAGAMA V.,North Central,Anuradhapura
ANKATAWA V.,North Central,Anuradhapura
RATHMALWETIYA PRIMARY SCHOOL,North Central,Anuradhapura
THEPPANKULAMA VIDYALAYA,North Central,Anuradhapura
KATUPULIYANKULAMA MIHIDU VIDYALAYA,North Central,Anuradhapura
A /WAHAMALGOLLWEWA MAHASEN VIDYALAYA,North Central,Anuradhapura
KIWLEKADA PRIMARY SCHOOL,North Central,Anuradhapura
KATARAMPURA VIDYALAYA,North Central,Anuradhapura
A MAHAKANADARAWA DHARMAPALA VIDYALAYA,North Central,Anuradhapura
GALAHITIYAGAMA VIDYALAYA,North Central,Anuradhapura
BODHIRAJA PRAIMARY SCHOOL,North Central,Anuradhapura
BANDARANAYAKA MODEL PRIMARY SCHOOL,North Central,Anuradhapura
GALENBINDUNUWEWA KANISHTA VIDYALAYA,North Central,Anuradhapura
HABARATHTHAWALA V.,North Central,Anuradhapura
SALAMBAPURA MUSLIM VIDYALAYA,North Central,Anuradhapura
KEBITHIGOLLEWA MODEL PRIMARY SCHOOL,North Central,Anuradhapura
BUDDHANGALA PRIMARY SCHOOL,North Central,Anuradhapura
RANAJAYAPURA M.V.,North Central,Anuradhapura
LUMBINI MODLE PRIMARY SCHOOL (HOROVPOTHANA M.P.S.),North Central,Anuradhapura
ALUTH DENNAWA ANNOR P.V.,North Central,Anuradhapura
PANASARA PRIMARY SCHOOL,North Central,Anuradhapura
THALAWA MODEL PRIMARY,North Central,Anuradhapura
KAHATAGASDIGILIYA MODEL PRIMERY,North Central,Anuradhapura
AL HUDA PRIMARY SCHOOL,North Central,Anuradhapura
MAHANAMA PRIMARY SCHOOL,North Central,Anuradhapura
KALYANIPURA SCHOOL,Northern,Mullaitivu
YAKKALLA PRIMARY SCHOOL,North Central,Anuradhapura
SEEWALI MODEL PRIMARY SCHOOL,North Central,Anuradhapura
HOROVPOTHANA MUSLIM PRIMARY VIDYALAYA,North Central,Anuradhapura
SRI RAHULA PRIMARY SCHOOL,North Central,Anuradhapura
AL AZAR PRIMARY VIDYALAYA,North Central,Anuradhapura
KAPUGOLLEWA PRIMARY SCHOOL,North Central,Anuradhapura
MAITHREEPALA SENANAYAKA PRIMARY SCHOOL,North Central,Anuradhapura
PADAVI MAHASEN PRIMARY SCHOOL,North Central,Anuradhapura
LABUNORUWA PRIMARY SCHOOL,North Central,Anuradhapura
DUTUWEWA PRIMARY SCHOOL,North Central,Anuradhapura
NIKAWEWA PRIMARY SCHOOL,North Central,Anuradhapura
UDDIYANKULAMA V.,North Central,Anuradhapura
RAJANGANAYA TRACK 10 PRIMARY SCHOOL,North Central,Anuradhapura
SRI RAHULA VIDYALAYA,North Central,Anuradhapura
KALPE RALAPANAWA VIDYALAYA,North Central,Anuradhapura
SHILPALOKA PRIMARY SCHOOL,North Central,Anuradhapura
ABHAYARAJA PRIMARY VIDYALAYA,North Central,Anuradhapura
SRI DHARMALANKARA PRIMARY SCHOOL,North Central,Anuradhapura
IHALAAHALMILLEWA PRIMARY SCHOOL,North Central,Anuradhapura
THAMBIYAWA DARMAPALA PRIMARY SCHOOL,North Central,Anuradhapura
THAMMENNAWA WELUSUMANA P.V.,North Central,Anuradhapura
SRI DUTUGEMUNU PRIMARY SCHOOL,North Central,Anuradhapura
PHIMBIYAGOLLEWA MADAWACHCHIYA,North Central,Anuradhapura
SRI SUMANGALA PRIMARY SCHOOL,North Central,Anuradhapura
HEMAMALI PRIMARI SCHOOL,North Central,Anuradhapura
MINNERIYA N.S.,North Central,Polonnaruwa
ANANDABALIKA N.S,North Central,Polonnaruwa
NAGALAKANDA M.V.,North Central,Polonnaruwa
GIRITHALEGAMA M.V.,North Central,Polonnaruwa
UNAGALAWEHERA M.V.,North Central,Polonnaruwa
YODHAELA M.V.,North Central,Polonnaruwa
YATIYALPOTHANA P.S.,North Central,Polonnaruwa
KUMARAGAMA ANURA P.V.,North Central,Polonnaruwa
SIRIKETHA P.S.,North Central,Polonnaruwa
VIDYALOKA MODEL PRIMARY SCHOOL,North Central,Polonnaruwa
RAJARATA M.V.,North Central,Polonnaruwa
HINGURAKGODA P.S.,North Central,Polonnaruwa
HINGURAKA PRIMARY SCHOOL,North Central,Polonnaruwa
HATHAMUNA PRIMARY SCHOOL,North Central,Polonnaruwa
GIRITHALE JANAPADA PRIMARY SCHOOL,North Central,Polonnaruwa
JAYANTHI GURUKULA P.S.,North Central,Polonnaruwa
THAMBALAWEWA P.S.,North Central,Polonnaruwa
JAYANTHIPURA JUNIOR SCHOOL,North Central,Polonnaruwa
NAGAPOKUNA K.V.,North Central,Polonnaruwa
CHANDANAPOKUNA P.S.,North Central,Polonnaruwa
SINHALA ROTAWEWA K.V.,North Central,Polonnaruwa
GALOYA HANDIYA K.V.,North Central,Polonnaruwa
ILUKWEWA K.V.,North Central,Polonnaruwa
ALUTHOYA K.V.,North Central,Polonnaruwa
HATHARESKOTUWA K.V.,North Central,Polonnaruwa
THIMBIRIGASEWEWA P.S,North Central,Polonnaruwa
MORAGASWEWA M.V.,North Central,Polonnaruwa
GUNAWARDANAPURA P.S.,North Central,Polonnaruwa
C.P.PURA PRIMARY SCHOOL,North Central,Polonnaruwa
DIYASENPURA MAHA VIDYALAYA,North Central,Polonnaruwa
PL/GALAMUNA MAHA VIDYALAYA,North Central,Polonnaruwa
HINGURAKSMANA MAHA VIDYALAYA,North Central,Polonnaruwa
KAUDULLA M.V.,North Central,Polonnaruwa
LANKAPURA MAHA VIDYALAYA,North Central,Polonnaruwa
MEDIRIGIRIYA NATIONAL SCHOOL,North Central,Polonnaruwa
DIVULANKADAWALA CENTRAL COLLEGE,North Central,Polonnaruwa
VIJITHA M.M.V.,North Central,Polonnaruwa
ABHAYAPURA M.V.,North Central,Polonnaruwa
AMBAGASWEWA M.V.,North Central,Polonnaruwa
BISOBANDARA KANISHTA VIDYALAYA,North Central,Polonnaruwa
KEGALUGAMA KANISHTA VIDYALAYA,North Central,Polonnaruwa
BEBEYAWA PRIMARY SCHOOL,North Central,Polonnaruwa
GEMNUNUPURA P.V.,North Central,Polonnaruwa
JAYANTHI KANISHTA VIDYALAYA,North Central,Polonnaruwa
KAWUDULUWEWA MAHINDA M.V.,North Central,Polonnaruwa
VIJAYAPURA.V,North Central,Polonnaruwa
MAYURAPADA K.V.,North Central,Polonnaruwa
KAHABILIYAWA PRIMARY SCHOOL,North Central,Polonnaruwa
KUSUMPOKUNA PRIMARY SCHOOL,North Central,Polonnaruwa
KIRIMATIYA K.V,North Central,Polonnaruwa
MANDALAGIRIYA M.V.,North Central,Polonnaruwa
MEEGASWEWA K.V.,North Central,Polonnaruwa
YUDAGANAWA PRIMARY SCHOOL,North Central,Polonnaruwa
SRI RAHULA KANISHTA VIDYALAYA,North Central,Polonnaruwa
PATUNUGAMA P.V.,North Central,Polonnaruwa
PARAKUMPURA PRIMARY SCHOOL,North Central,Polonnaruwa
RATHANASARA VIDYALAYA,North Central,Polonnaruwa
SANSUNGAMA PRIMARY SCHOOL,North Central,Polonnaruwa
SOMAWATHI P.V.,North Central,Polonnaruwa
WADIGAWEWA PRIMARY SCHHOL,North Central,Polonnaruwa
WEERAPURA K.V.,North Central,Polonnaruwa
KOHOMBADAMANA KANISHTA VIDYALAYA,North Central,Polonnaruwa
THALAKOLAWEWA JUNIOR SCHOOL,North Central,Polonnaruwa
GURUGODELLA P.V.,North Central,Polonnaruwa
BISOBANDARAGAMA KANISHTA VIDDYALAYA,North Central,Polonnaruwa
DAMSOPURA PRIMARY SCHOOL,North Central,Polonnaruwa
SIYABALAGASHANDIYA PRIMARY SCHOOL,North Central,Polonnaruwa
ROYAL CENTRAL COLLEGE,North Central,Polonnaruwa
ALUTHWEWA MAHA VIDDIYALAYA,North Central,Polonnaruwa
KADURUWELA NAGARA MAHA VIDYALAYA,North Central,Polonnaruwa
PALUGASDAMANA MAHA VIDYALAYA,North Central,Polonnaruwa
THOPAWEWA MAHA VISYALAYA,North Central,Polonnaruwa
SHANTHI MAHA VIDYALAYA,North Central,Polonnaruwa
SEWAMUKTHA KANDAVURA MAHA VIDYALAYA,North Central,Polonnaruwa
VIJAYARAJA M.V.,North Central,Polonnaruwa
PARAKRAMA SAMUDRAYA VIDYALAYA,North Central,Polonnaruwa
AMBANGANGA DAKUNU ELA P.V.,North Central,Polonnaruwa
KANDAURA P.V.,North Central,Polonnaruwa
KADAWALAWEWA K.V.,North Central,Polonnaruwa
KALAHAGALA P.V.,North Central,Polonnaruwa
GALTHAMBARAWA P.V.,North Central,Polonnaruwa
NIKAWEWA GAMINI P.V.,North Central,Polonnaruwa
BENDIWEWA M.V.,North Central,Polonnaruwa
LAKSHAUAYANA K.V,North Central,Polonnaruwa
WEWETHANNA THAKSHILA P.V.,North Central,Polonnaruwa
WIJAYABAHUPURA P.V.,North Central,Polonnaruwa
SINGHAPURA P.V.,North Central,Polonnaruwa
PO/SINGHARAJAPURA K.V,North Central,Polonnaruwa
SEEWALI KANISHTA VIDYALAYA,North Central,Polonnaruwa
ETHUMALPITIYA P.V.,North Central,Polonnaruwa
PALUGASDAMANA EAST K.V,North Central,Polonnaruwa
MONARATHENNA,North Central,Polonnaruwa
MADURANGALA P.V.,North Central,Polonnaruwa
SADUNPITIYA P.V.,North Central,Polonnaruwa
MALLINDA P.V.,North Central,Polonnaruwa
ALUTHWEWA P.V.,North Central,Polonnaruwa
MANAMPITIYA SINHALA M.V.,North Central,Polonnaruwa
VILAYAYA C.C,North Central,Polonnaruwa
ALAWAKUMBURA M.V.,North Central,Polonnaruwa
VIJAYAPARAKKRAMA K.V,North Central,Polonnaruwa
KADWATHAMADUWA DHARMAPALA K.V,North Central,Polonnaruwa
SRI SEELALANKARA P.V.,North Central,Polonnaruwa
GINIDAMANA P.V.,North Central,Polonnaruwa
DALUKANA.P.V.,North Central,Polonnaruwa
MAGULDAMANA M.V.,North Central,Polonnaruwa
MADURUOYA M.V.,North Central,Polonnaruwa
LEELARATHNA WIJESINGHA M.V.,North Central,Polonnaruwa
KANDEGAMA K.V,North Central,Polonnaruwa
DAMMINNA M.V.,North Central,Polonnaruwa
NIDANWALA P.V.,North Central,Polonnaruwa
IHALAWEWA P.V.,North Central,Polonnaruwa
BANDANAGALA K.V,North Central,Polonnaruwa
MAHADAMANA P.V.,North Central,Polonnaruwa
IHALA ALLEWAWA K.V.,North Central,Polonnaruwa
PELATIYAAW K.V,North Central,Polonnaruwa
KANDAKADUWA P.V.,North Central,Polonnaruwa
NISSHANKAMALLAPURA P.V.,North Central,Polonnaruwa
MAHAWEWA P.V.,North Central,Polonnaruwa
SORUWILA ROHANA PRIMARY SCHOOL,North Central,Polonnaruwa
PAHALA YAKKURE K.V.,North Central,Polonnaruwa
KASHYAPA M.V.,North Central,Polonnaruwa
ELLEWEW.M.V.,North Central,Polonnaruwa
SEWANAPITIYA M.V.,North Central,Polonnaruwa
NELUMWEWA M.V.,North Central,Polonnaruwa
DAMMINNA P.V.,North Central,Polonnaruwa
MENIKWELA P.V.,North Central,Polonnaruwa
KUDAWEWA P.V.,North Central,Polonnaruwa
WEHERAGAMA P.V.,North Central,Polonnaruwa
NCP/P/DIM/AG/MADAGAMA M.V.,North Central,Polonnaruwa
MAHAULPATHA.P.V.,North Central,Polonnaruwa
BIMPOKUNA P.V.,North Central,Polonnaruwa
NCP/PL/DIM/WK/SUSIRIGAMA P.V.,North Central,Polonnaruwa
BOGASWEWA M.V.,North Central,Polonnaruwa
MILLANA P.V.,North Central,Polonnaruwa
PAHALA ELLEWAWA P.V.,North Central,Polonnaruwa
GALTHALAWA P.V.,North Central,Polonnaruwa
ALUTHOYA GAMINI P.V.,North Central,Polonnaruwa
NAWAGINIDAMANA M.V.,North Central,Polonnaruwa
WEERANA P.V.,North Central,Polonnaruwa
RUHUNAKETHA P.V.,North Central,Polonnaruwa
MAGULPOKUNA P.V.,North Central,Polonnaruwa
DEWAGAMA P.V.,North Central,Polonnaruwa
MALVILA P.V.,North Central,Polonnaruwa
POLONNARUWA MUSLIM CENTRAL COLLEGE,North Central,Polonnaruwa
AL-HILAL CENTRAL COLLEGE,North Central,Polonnaruwa
AL-AZHAR MAHA VIDYALAYA,North Central,Polonnaruwa
DIVULANA AL-AKSHA MAHA VIDYASLAYA,North Central,Polonnaruwa
PUDOOR MUSLIM K.V,North Central,Polonnaruwa
SUNGAVILA MUSLIM MAHA VIDYALAYA,North Central,Polonnaruwa
MANAMPITIYA TAMIL M.V.,North Central,Polonnaruwa
NCP/PL/DIM/WK/MUTHUGALA TAMIL K.V,North Central,Polonnaruwa
KATUWANVILA M.K.V,North Central,Polonnaruwa
AL-MINA KANISTA VIDYALAYA,North Central,Polonnaruwa
ANNOOR MUSLIM MAHA VIDYALAYA,North Central,Polonnaruwa
ONEGAMA MUSLIM K.V,North Central,Polonnaruwa
PANGURANA MUSLIM KANISHTA VIDYALAYA,North Central,Polonnaruwa
NUGAGAHADAMANA MUSLIM K.V.,North Central,Polonnaruwa
ALINCHIPOTHANA M.K.V,North Central,Polonnaruwa
THIRUKONAMADU M.K.V,North Central,Polonnaruwa
SORIWILA TAMIL K.V.,North Central,Polonnaruwa
HEWENPITIYA M.V.,North Central,Polonnaruwa
AL RIFAI MUSLIM MAHA VIDYALAYA,North Central,Polonnaruwa
SENAPURA AL AMEEN MUSLIM M.V.,North Central,Polonnaruwa
SARASWATHI T.K.V,North Central,Polonnaruwa
ROTTAWEWA T.K.V,North Central,Polonnaruwa
BAKAMUNA MAHASEN MADYA MAHA VIDYALAYA,North Central,Polonnaruwa
ATTHANAKADAWALA MAHA VIDYALAYA,North Central,Polonnaruwa
ATHARAGALLEWA M.V.,North Central,Polonnaruwa
IRAHANDAKETUWEWA M.V.,North Central,Polonnaruwa
HEGALA M.V.,North Central,Polonnaruwa
ELAHARA KANISHTA VIDYALAYA,North Central,Polonnaruwa
IHAKULUWEWA PRIMARY SCHOOL,North Central,Polonnaruwa
KUMARAELLA PRIMARY SCHOOL,North Central,Polonnaruwa
KOOTTAPIYA KANISHATA VIDDYALAYA,North Central,Polonnaruwa
KONDURUWAWA PRIMARY SCHOOL,North Central,Polonnaruwa
GANGEYAYA PRIMARY SCHOOL,North Central,Polonnaruwa
NIKAPITIYA JUNIOR SCHOOL,North Central,Polonnaruwa
JAYASIRIPURA KANISHTA VIDYALA,North Central,Polonnaruwa
RADVIGEOYA VIDYALAYA,North Central,Polonnaruwa
SIYAMBALAWA KANISTA VIDDYALAYA,North Central,Polonnaruwa
SINHALA KATUKELIYA PRIMARY SCHOOL,North Central,Polonnaruwa
GALMULLA K.V.,North Central,Polonnaruwa
NAMALWEWA P.S.,North Central,Polonnaruwa
YAYA 26 MAHASEN PRIMARY SCHOOL,North Central,Polonnaruwa
SARUBIMA KANISHTA VIDYALAYA,North Central,Polonnaruwa
C.P.DE.SILVA PRIMARY SCHOOL,North Central,Polonnaruwa
KAHATAGAHAPITIYA K.V.,North Central,Polonnaruwa
POKUNUGALA PRIMARY SCHOOL,North Central,Polonnaruwa
BATUHENA PRIMARY SCHOOL,North Central,Polonnaruwa
MADUDAMANA MORDEN PRIMARY SCHOOL,North Central,Polonnaruwa
SIRIKANDUYAYA PRIMARY SCHOOL,North Central,Polonnaruwa
KALINGAVILA K.V,North Central,Polonnaruwa
MUTHUWELLA P.V.,North Central,Polonnaruwa
ASELAPUARA M.V.,North Central,Polonnaruwa
NAMALGAMA P.V.,North Central,Polonnaruwa
SINHAPURA K.V,North Central,Polonnaruwa
KIRIOYAGAMA PRIMARY SCHOOL,North Central,Polonnaruwa
MAITHIGAMA P.V.,North Central,Polonnaruwa
VIHARAGAMA PRIMARY SCHOOL,North Central,Polonnaruwa
UDARAGAMA PRIMARY SCHOOL,North Central,Polonnaruwa
SOORIYAGAMA P.S.,North Central,Polonnaruwa
DIGGALPURA PRIMARI SCHOOL,North Central,Polonnaruwa
WELIKANDA CENTRL COLLEGE,North Central,Polonnaruwa
DIMBULANA P.V.,North Central,Polonnaruwa
BAMUNAKOTUWA P.V.,North Central,Polonnaruwa
NCPP/DM/WK/SOORIYAWEWA P.V.,North Central,Polonnaruwa
MAHASENPURA P.V.,North Central,Polonnaruwa
MIRISHENA P.S.,North Central,Polonnaruwa
SRI INDARATHANA P.V.,North Central,Polonnaruwa
NAGATHENNA P.V.,North Central,Polonnaruwa
KURURUBEDDA P.V.,North Central,Polonnaruwa
KUMUDUPURA PRIMARY SCHOOL,North Central,Polonnaruwa
SEWAPITIYA P.V.,North Central,Polonnaruwa
SIRIPURA P.V.,North Central,Polonnaruwa
BAKAMOONA MAHASEN PRIMARY SCHOOL,North Central,Polonnaruwa
VIJITHA P.V,North Central,Polonnaruwa
ROYAL PRIMARY SCHOOL,North Central,Polonnaruwa
MINNERIYA PRIMARY SCHOOL,North Central,Polonnaruwa
NCP.PL.DB/AR/VILAYAYA P.V.,North Central,Polonnaruwa
NOORANIYA M.P.V.,North Central,Polonnaruwa
IQRAH MUSLIM P.S.,North Central,Polonnaruwa
METHMAHINDA P.V.,North Central,Polonnaruwa
SUGALADEVI P.V.,North Central,Polonnaruwa
AL MADEENA P.V.,North Central,Polonnaruwa
ZAHIRA P.V.,North Central,Polonnaruwa
C.W.W.KANNANGARA P.S.,North Central,Polonnaruwa
SIRIMAWO BANDARANAYAKA P.V.,North Central,Polonnaruwa
LUMBINIYA P.V.,North Central,Polonnaruwa
PRESIDENT'S PRIMARY COLLEGE,North Central,Polonnaruwa
SOMADEVI P.V.,North Central,Polonnaruwa
MAHAWELITHENNA P.V.,North Central,Polonnaruwa
ANDAULPOTHA N.S.,Uva,Badulla
EKIRIYANKUMBURA M.V,Uva,Badulla
PETHIYAGODA M.V,Uva,Badulla
RIDEEMALIYADDA M.M.V,Uva,Badulla
KURUVITHENNA M.V,Uva,Badulla
ARAWA M.V,Uva,Badulla
ALUKATIYAWA P.S.,Uva,Badulla
URANIYA K.V,Uva,Badulla
KANDEGAMA M.V,Uva,Badulla
KUDALUNUKA K. V.,Uva,Badulla
NAGADEEPA K.V.,Uva,Badulla
DEHIGAMA M.V,Uva,Badulla
MAHAGAMA M.V,Uva,Badulla
MEDAOYA K.V,Uva,Badulla
YALWELA MAHA VIDYALA,Uva,Badulla
RITIGAHAARAWA VIDYALAYA,Uva,Badulla
MEDAYAYA K.V,Uva,Badulla
DAMBAGOLLA SRI SUMANA K.V,Uva,Badulla
DIRIYAGAMA P. S.,Uva,Badulla
DIKYAYA K.V.,Uva,Badulla
GALBOKKA P.S.,Uva,Badulla
SERUPITIYA K.V,Uva,Badulla
PINNAGOLLA JUNIOR SCHOOL,Uva,Badulla
GURUMADA K.V,Uva,Badulla
MAHIYANGANA N.S,Uva,Badulla
GEMUNUPURA M.V,Uva,Badulla
BANDARANAYAKA M.V.,Uva,Badulla
THISSAPURA M.V.,Uva,Badulla
HADDATHTHAWA M.M.V,Uva,Badulla
ORUBENDIWEWA M.M.V,Uva,Badulla
GIRANDURUKOTTE M.M.V,Uva,Badulla
ARAWATHTHA K.V.,Uva,Badulla
ABHAYAPURA EXEMPLARY SCHOOL,Uva,Badulla
ALUTHTHARAMA K.V,Uva,Badulla
KESELPOTHA YAYA 12 VIDYALAYA,Uva,Badulla
KESELPOTHA TRACK 11 M.V.,Uva,Badulla
DAMBARAWA M.V,Uva,Badulla
DEHIGOLLA M.V,Uva,Badulla
SORABORAWEWA M.V.,Uva,Badulla
NAWAJEEWITHAYA P.S.,Uva,Badulla
HEMBARAWA M.V,Uva,Badulla
DAMBANA K.V.,Uva,Badulla
KUKULAPOLA K.V.,Uva,Badulla
WEWATHTHA M.V,Uva,Badulla
ROHANA K.V,Uva,Badulla
RATHKINDA M.V,Uva,Badulla
ALUYATAWELA M.V,Uva,Badulla
DIULAPELESSA M.V,Uva,Badulla
MILLATHTHEWA M.V.,Uva,Badulla
SERANA P.S.,Uva,Badulla
GALPORUYAYA K.V,Uva,Badulla
WATAWANA K.V,Uva,Badulla
SENANIGAMA P.V.,Uva,Badulla
IKIRIYAGODA VIDYALA,Uva,Badulla
MEEGAHAHENA VIDYALAYA,Uva,Badulla
ULHITIYAWA M.V.,Uva,Badulla
GURUKUMBURA P.S.,Uva,Badulla
AGALAOYA P.S.,Uva,Badulla
BATHALAYAYA M.V.,Uva,Badulla
ROTALAWELA K.V,Uva,Badulla
WIRANAGAMA K.V,Uva,Badulla
BELAGANWEWA K.V,Uva,Badulla
ULHITIYAWA P.S,Uva,Badulla
THELDENIYAYA K.V,Uva,Badulla
HOBARIYAWA P.S,Uva,Badulla
GINNORUWA K.V,Uva,Badulla
KOVILYAYA K.V,Uva,Badulla
WELAMPALA P. S.,Uva,Badulla
NAGADEEPA YAYA 1 P.S.,Uva,Badulla
B/KANDEGEDARA NATIONAL SCHOOL,Uva,Badulla
B/GALAUDA SECONDRY SCHOOL,Uva,Badulla
B/GODUNNA MAHA VIDYALAYA,Uva,Badulla
B/VIYALUWA MAHA VIDYALAYA,Uva,Badulla
B/PITAMARUWA MAHA VIDYALAYA,Uva,Badulla
B/SORANATHOTA M.M.V.,Uva,Badulla
B/EGODAWELA M.V.,Uva,Badulla
B/KIRIORUWA P.V.,Uva,Badulla
B/KUTTIYAGOLLA M.V.,Uva,Badulla
B/KOSGOLLA M.V.,Uva,Badulla
B/KOHANA SAPIRI VIDYALAYA.,Uva,Badulla
B/GANNILEGAMA P.V.,Uva,Badulla
B/THALDENA NAVODYA M.V.,Uva,Badulla
B/PUSSELLAKANDA M.V.,Uva,Badulla
B/PUSSALLAWA M.V.,Uva,Badulla
B/BUDUGEKANDA M.V.,Uva,Badulla
B/BERAMADA VIDYALAYA,Uva,Badulla
B/BOPITIYA PRIMARY SCHOOL,Uva,Badulla
B/MEEGAHAWELA K.V,Uva,Badulla
B/MUTHTETTUWEGAMA P.V.,Uva,Badulla
B/WATHTHEKELE .V,Uva,Badulla
B/WELKELE P.V.,Uva,Badulla
B/HUBAHAMADA M.V.,Uva,Badulla
B/WASANAGAMA PRIMARY SCHOOL,Uva,Badulla
B/HAPATHGAMUWA VIDYALAYA,Uva,Badulla
B/THIBIRIGASPITIYA P.V.,Uva,Badulla
B/SORANATHOTA MODEL P.V.,Uva,Badulla
B/BATHALAWATHTHA P.V.,Uva,Badulla
B/LABUGASTHALAWA VIDYALAYA,Uva,Badulla
B/VIYALUWA D.S.SENANAYAKE NATIONAL SCHOOL,Uva,Badulla
B/KANDAKAPULPATHA MAHA VIDYALAYA,Uva,Badulla
B/KALUGAHAKANDURA M.V.,Uva,Badulla
B/MEEGAHAKIULA N.S.,Uva,Badulla
B/MORAHELA M.V.,Uva,Badulla
B/KARANDAGAHAMADA.V.,Uva,Badulla
B/NAGOLLA P.V.,Uva,Badulla
B/KIULEGEDARA MOHOTTALA MAHA VIDYALAYA,Uva,Badulla
B/POLGAHAARAWA V,Uva,Badulla
B/BALAGOLLA V.,Uva,Badulla
B/MAHAKELE.VIDYALAYA,Uva,Badulla
B/MALIYADDA M.V.,Uva,Badulla
B/MUDAGAMUWA VIDYALAYA,Uva,Badulla
B/VIYALUWA ELLANDA P.V.,Uva,Badulla
B/KOMARIKA V,Uva,Badulla
B/BOGAHAPATHANA P.V.,Uva,Badulla
B/MAHAKANDURA V.,Uva,Badulla
B/MEEGAHAKUILA P.V.,Uva,Badulla
B/WELLEWELATHANNA.V,Uva,Badulla
B/WAWATHANNA VIDYALAYA,Uva,Badulla
B/SOORIYAGOLLA V.,Uva,Badulla
PASSARA M.M.V.,Uva,Badulla
UDAGAMA WEST M.V.,Uva,Badulla
KANAWERALLA VIDDIYALAYA,Uva,Badulla
KAHATARUPPA M.V.,Uva,Badulla
BIBILEGAMA M.V.,Uva,Badulla
MADAWELAGAMA M.V,Uva,Badulla
METIGAHATHANNA M.V.,Uva,Badulla
LUNUGALA M.M.V.,Uva,Badulla
ARAWAKUBURA V.,Uva,Badulla
ALAKOLAGALA V.,Uva,Badulla
AKIRIYA M.V.,Uva,Badulla
ILLIPATHUTHENNA V.,Uva,Badulla
UDAKIRUWA VIDDAYALAYA,Uva,Badulla
UDAGAMA VALGOLLA M.V.,Uva,Badulla
JAYABIMA PRIMARY SCHOOL,Uva,Badulla
KOHONAWALA VIDUHALA,Uva,Badulla
GALWELAGAMA PRIMARY SCHOOL,Uva,Badulla
GARADIELLA VIDDIYALAYA,Uva,Badulla
GONAGALA VIDYALAYA,Uva,Badulla
JAYANTHI VIDDIYALAYA,Uva,Badulla
ISIPATHANA KANISHTA VIDDIYALAYA,Uva,Badulla
B/THALOBOWATHTHA VIDYALAYA,Uva,Badulla
NAMUNUKULA VIDDIYALAYA,Uva,Badulla
PARAMAHANKADA VIDYALAYA,Uva,Badulla
PALLEKIRUWA V.,Uva,Badulla
GAMUNU M.V.,Uva,Badulla
PELGAHATHENNA V.,Uva,Badulla
MADUGASTHALAWA V,Uva,Badulla
MADUWATTE V,Uva,Badulla
MAUSSAGOLLA M.V.,Uva,Badulla
MILLABEDDA V.,Uva,Badulla
MEERIYABADDA VIDDIYALAYA,Uva,Badulla
SRI DHAMMANANDA V.,Uva,Badulla
JANATHAPURA V.,Uva,Badulla
WERELLAGOLLA V.,Uva,Badulla
WEWABEDDA VIDDIYALAYA,Uva,Badulla
WERAGODA V.,Uva,Badulla
PUHULWATHTHA MODEL SCHOOL,Uva,Badulla
SAPURODA V.,Uva,Badulla
MAHADOWA SINHALA V.,Uva,Badulla
KIRAWANAGODA VIDIYALAYA,Uva,Badulla
GALLULLA SINHALA VIDYALAYA,Uva,Badulla
UDAWELA CENTRAL COLLEGE,Uva,Badulla
UVA MAHA VIDYALAYA,Uva,Badulla
KENDAGOLLA SECONDARY SCHOOL,Uva,Badulla
B DHARMADUTHA COLLEGE,Uva,Badulla
BADULLA MADYA MAHA VIDYALAYA,Uva,Badulla
B VISHAKA GIRLS HIGH SCHOOL,Uva,Badulla
UDAYARAJA MAHA VIDYALAYA,Uva,Badulla
AMPITIYA MAHA VIDYALAYA,Uva,Badulla
B SRI RATHANAPALA VIDYALAYA,Uva,Badulla
B SIRIMALGODA MAHA VIDYALAYA,Uva,Badulla
B LUMBINI VIDYALAYA,Uva,Badulla
B SRI RAHULA MAHA VIDYALAYA,Uva,Badulla
VIDYADEEPA VIDYALAYA,Uva,Badulla
B MUTHUMALA VIDYALAYA,Uva,Badulla
B VIYADIGUNA MAHA VIDYALAYA,Uva,Badulla
B VIHARAMAHADEVI BALIKA MAHA VIDYALAYA,Uva,Badulla
B SUJATHA MAHA VIDYALAYA,Uva,Badulla
HAMBAWELA SRI SUMANGALA WIDYALAYA,Uva,Badulla
B SIRISUMANA MAHA VIDYALAYA,Uva,Badulla
B SRI DHAMMANANDA MAHA VIDYALAYA,Uva,Badulla
B NELUMGAMA VIDYALAYA,Uva,Badulla
B ATTAMPITIYA NATIONAL COLLEGE,Uva,Badulla
B HALIELA MAHA VIDYALAYA,Uva,Badulla
B BEDDEGAMA MAHA VIDYALAYA,Uva,Badulla
B MALITHTHA MAHA VIDYALAYA,Uva,Badulla
B AMBEWELA MAHA VIDYALAYA,Uva,Badulla
B ANTHUDUWAWELA VIDYALAYA,Uva,Badulla
B UDUWARA MAHA VIDYALAYA,Uva,Badulla
B ALUBOGOLLA VIDYALAYA,Uva,Badulla
B MORETHOTA MAHA VIDYALAYA,Uva,Badulla
B KATUGAHA SRI DARMALANKARA VIDYALAYA,Uva,Badulla
B KADANA SIRI SEEWALII MAHA VIDYALAYA,Uva,Badulla
B KIRINDA VIDYALAYA,Uva,Badulla
B KURUKUDE SARIPUTHTHA MAHA VIDYALAYA,Uva,Badulla
B KOTTAGODA UDAGAMA VIDYALAYA,Uva,Badulla
B GAWELA VIDYALAYA,Uva,Badulla
B ETHTHALAGEDARA THAKSHILA MAHA VIDYALAYA,Uva,Badulla
B DEEGALLA VIDYALAYA,Uva,Badulla
B DEHIVINNA MIHINDU VIDYALAYA,Uva,Badulla
B PALLEWELA VIDYALAYA,Uva,Badulla
B BOGODA MAHA VIDYALAYA,Uva,Badulla
D BOGODA SRI SUMANGALA VIDYALAYA,Uva,Badulla
B BOGODATHALAWA MAHA VIDYALAYA,Uva,Badulla
B MAHAWATHTHEGAMA VIDYALAYA,Uva,Badulla
B MUGUNUMATHA MAHA VIDYALAYA,Uva,Badulla
B RILPOLA DHARMARAJA MAHA VIDYALAYA,Uva,Badulla
B RILPOLA MEDAGAMA MAHA VIDYALAYA,Uva,Badulla
B LUNUGALLA VIDYALAYA,Uva,Badulla
B WAKKUMBURA VIDYALAYA,Uva,Badulla
B WELIKEMULLA MAHA VIDYALAYA,Uva,Badulla
B WEPASSAWELA SIRINIWASA MAHA VIDYALAYA,Uva,Badulla
B WELLAWELA PEMANANDA VIDYALAYA,Uva,Badulla
B WEWELHINNA PRAIMARY VIDYALAYA,Uva,Badulla
B HETHAKMA VIDYALAYA,Uva,Badulla
B KOHOVILAKADURA VIDYALAYA,Uva,Badulla
B PERAHETTIYA PRAIMARY VIDYALAYA,Uva,Badulla
B DENCIL KOBBEKADUWA MAHA VIDYALAYA,Uva,Badulla
B UDADOMPE VIDYALAYA,Uva,Badulla
BANDARAWELA M.M.V.,Uva,Badulla
VISHAKA B.M.M.V.,Uva,Badulla
NAULLA M.M.V.,Uva,Badulla
S.T.JOSEPH'S NATIONAL SCHOOL,Uva,Badulla
ETHTHALAPITIYA M.V.,Uva,Badulla
NAWELA NAMUNUKULA M.V.,Uva,Badulla
HALPE M.M.V.,Uva,Badulla
HEELOYA SRI SUMANGALA M.V.,Uva,Badulla
KUDAKUSUM BALIA M.V.,Uva,Badulla
SEEWALEE NAVODYA M.V.,Uva,Badulla
AMBEGODA SANGABODHI M.V.,Uva,Badulla
BAMBARAGAMA M.V.,Uva,Badulla
LIYANGAHAWELA M.V.,Uva,Badulla
OBADAELLA V.,Uva,Badulla
MAHANAMA V.,Uva,Badulla
KITHALELLA V.,Uva,Badulla
KIRIORUWA V.,Uva,Badulla
GAWARAWELA V.,Uva,Badulla
DIKULPOTHA M.V.,Uva,Badulla
DOOLGOLLA ASHOKA V.,Uva,Badulla
DOVA V.,Uva,Badulla
DHARMAPALA SECONDARI M.V.,Uva,Badulla
DARMASHOKA M.M.V.,Uva,Badulla
SRI SUGATHA M.V.,Uva,Badulla
MAKULELLA V.,Uva,Badulla
MATHETILLA V.,Uva,Badulla
HELAPUPULA V.,Uva,Badulla
WATAGAMUWA V.,Uva,Badulla
ILUKPELESSA V.,Uva,Badulla
ELLA M.V.,Uva,Badulla
KANDEARAWA RAHULA V.,Uva,Badulla
KARADAGOLLA V.,Uva,Badulla
KARAGAHAWELA SRI PREMANANDA V.,Uva,Badulla
KONTHAHELA V.,Uva,Badulla
GOTUWALA V.,Uva,Badulla
GOUSSA V.,Uva,Badulla
DODAMGOLLA SRI CHAKKUPALA V.,Uva,Badulla
PIYARAPANDOWA V.,Uva,Badulla
YAHALEWELA V.,Uva,Badulla
WALASBEDDA V.,Uva,Badulla
POONAGALA SINHALA V.,Uva,Badulla
SRI JANANANDA.M.V.,Uva,Badulla
ANANDA M.M.V.(WALHAPUTHENNA M.M.V.),Uva,Badulla
KALUPAHANA M.V.,Uva,Badulla
KAHAGOLLA M.V.,Uva,Badulla
KOSLANDA M.M.V.,Uva,Badulla
SRI DAMMANANDA.M.V.,Uva,Badulla
HORADOROWWA SRI JINARATHANA.V,Uva,Badulla
ELLEGAMA M.V.,Uva,Badulla
NIKAPOTHA M.V.,Uva,Badulla
SORAGUNE M.V.,Uva,Badulla
ALUTHWELA SOUTH.V,Uva,Badulla
KADURUGAMUWAM V.,Uva,Badulla
KAHATHTHEWELA RAHULA V.,Uva,Badulla
KOSGAMA V.,Uva,Badulla
BADULUDENA V,Uva,Badulla
MALADOLA V.,Uva,Badulla
MORAKETIYA V,Uva,Badulla
YAHALABADDA V,Uva,Badulla
RANWANGUHAWA V,Uva,Badulla
LEMASTHOTA V.,Uva,Badulla
HEEWELKANDURA M.V.,Uva,Badulla
WELLAWAYA GAMPAHA V.,Uva,Badulla
WEERAKOONGAMA V.,Uva,Badulla
HALDUMMULLA V.,Uva,Badulla
HARANKAHAWA V.,Uva,Badulla
DIYATALAWA M.M.V.,Uva,Badulla
KIRAWANAGAMA M.V.,Uva,Badulla
KOLONGASTHENNA V.,Uva,Badulla
GINIGATHGALA V,Uva,Badulla
PUSSELA V,Uva,Badulla
WELANHINNA V,Uva,Badulla
AMILAGAMA V.,Uva,Badulla
WELIMADA MADYA MAHA VIDYALAYA,Uva,Badulla
KEPPETIPOLA MAHA VIDYALAYA,Uva,Badulla
SRI DEWANANDA MADYA MAHA VIDYALAYA,Uva,Badulla
NADUNGAMUWA MAHA VIDYALAYA,Uva,Badulla
WANGIYAKUMBURA M.M.V.,Uva,Badulla
KALABULULANDA VIDYALAYA,Uva,Badulla
SRI RATHANAJOTHI MAHA VIDYALAYA,Uva,Badulla
SRI PUNGNASAARA MAHA VIDYALAYA,Uva,Badulla
RATHKARAUWA MAHA VIDYALAYA,Uva,Badulla
ELLATHOTA VIDYALAYA,Uva,Badulla
SRI PRAGNASENA MAHA VIDYALAYA,Uva,Badulla
BORALANDA DARMAPALA VIDYALAYA,Uva,Badulla
BOGAHAKUMBURA MAHA VIDYALAYA,Uva,Badulla
DAMBAVINNA SRI SARANANKARA MAHA VIDYALAYA,Uva,Badulla
DIKKAPITIYA VIDYALAYA,Uva,Badulla
ERABADDA VIDYALAYA,Uva,Badulla
GAMBADDA VIDYALAYA,Uva,Badulla
GIRAMBE SRI KHEMANANDA MAHA VIDYALAYA,Uva,Badulla
HEENNARANGOLLA MAHA VIDYALAYA,Uva,Badulla
SRI MALIYADEWA MAHA VIDYALAYA,Uva,Badulla
LANDEGAMA VIDYALAYA,Uva,Badulla
MADOWITA VIDYALAYA,Uva,Badulla
MALIGATHENNA VIDYALAYA,Uva,Badulla
NAWELA WELIMADA VIDYALAYA,Uva,Badulla
NUGATHALAWA VIDYALAYA,Uva,Badulla
PITAPOLA VIDYALAYA,Uva,Badulla
UDUBADANA MAHA VIDYALAYA,Uva,Badulla
WELIMADA VIJAYA VIDYALAYA,Uva,Badulla
VIDURUPOLA SRI WIMALABUDDHI VIDYALAYA,Uva,Badulla
WELIMADAGAMA VIDYALAYA,Uva,Badulla
BANDARANAYAKA VIDYALAYA,Uva,Badulla
MALPOTHA SRI MAHINDA VIDYALAYA,Uva,Badulla
MADAGEDARAGAMA VIDYALAYA,Uva,Badulla
THENNAKOONWELA VIDYALAYA,Uva,Badulla
NISHSHANKA VIDYALAYA,Uva,Badulla
BALATHOTAELLA VIDYALAYA,Uva,Badulla
MADAWELA M.V.,Uva,Badulla
GAMPAHA MASPANNA BANDARANAYAKA M V,Uva,Badulla
KARAGAHAULPOTHA SRI GUNANANDA M V,Uva,Badulla
THUPPITIYA M V,Uva,Badulla
B/WEWEGAMA MAHA VIDYALAYA,Uva,Badulla
B/LOONUWATTA NATIONAL SCHOOL,Uva,Badulla
B/SAPUGOLLA MAHA VIDYALAYA,Uva,Badulla
B/YAHALAARAWA MAHA VIDYALAYA,Uva,Badulla
B/SUMANAJOTHI VIDYALAYA,Uva,Badulla
BUSDULLA VIDYALAYA,Uva,Badulla
B/BOGHAMADITTA VIDYALAYA,Uva,Badulla
DANGAMUWA VIDYALAYA,Uva,Badulla
DIMBULANA VIDYALAUA,Uva,Badulla
DIYABOKADURA VIDYALAYA,Uva,Badulla
DARMARAJA MAHA VIDYALAYA,Uva,Badulla
B/KATUGALLA VIDYALAYA,Uva,Badulla
RAJAKEEYA VIDYALAYA,Uva,Badulla
B/METIWALALANDA VIDYALAYA,Uva,Badulla
B/PANNALAWELA SRI SUDHARMANANDA VIDYALAYA,Uva,Badulla
PERAWELLA VIDYALAYA,Uva,Badulla
B/RAHUPOLA VIDYALAYA,Uva,Badulla
B/THAWALAMPOLA SRI WIMALARATHNE VIDYALAYA,Uva,Badulla
UNAPANA VIDYALAYA,Uva,Badulla
UDAPERUWA VIDYALAYA,Uva,Badulla
B/UDUHAWARA MAHA VIDYALAYA,Uva,Badulla
UVA PARANAGAMA MAHA VIDYALAYA,Uva,Badulla
JANADIPATHI VIDYALAYA,Uva,Badulla
B/YALAGAMUWA VIDYALAYA,Uva,Badulla
ELLANDA VIDYALAYA,Uva,Badulla
B/GALANIHA VIDYALAYA,Uva,Badulla
B/MAHAKUMBURA VIDYALAYA,Uva,Badulla
B/MEDIPOKUNA VIDYALAYA,Uva,Badulla
PANWEWA VIDYALAYA,Uva,Badulla
VIHARAGODA VIDYALAYA,Uva,Badulla
B/HANGILIELLA VIDYALAYA,Uva,Badulla
B/BOKOTUTENNA VIDYALAYA,Uva,Badulla
B/UDUHAWARA MEDAHINNA VIDYALAYA,Uva,Badulla
LUCKYLAND TAMIL VIDYALAYA,Uva,Badulla
ALAGOLLA TAMIL MAHA VIDYALAYA,Uva,Badulla
B/KIRKLEES TAMIL VIDYDLAYA,Uva,Badulla
GAMPAHA TAMIL MAHA VIDYALAYA,Uva,Badulla
WALDIMAR TAMIL VIDYALAYA,Uva,Badulla
RATHAMBA MUSLIM VIDYALAYA,Uva,Badulla
B UVA HILAND TAMIL MAHA VIDYALAYA,Uva,Badulla
WELIMADA TAMIL MAHA VIDYALAYA,Uva,Badulla
B/GURUTHALAWA MUSLIM CENTRAL COLLEGE,Uva,Badulla
AL MURSHID MAHA VIDYALAYA,Uva,Badulla
PADINAWELA MUSLIM MAHA VIDYALAYA,Uva,Badulla
WELIMADA MUSLIM MAHA VIDYALAYA,Uva,Badulla
BOOGAHAKUMBURA MUSLIM MAHA VIDYALAYA,Uva,Badulla
AL AZHAR MUSLIM VIDYALAYA,Uva,Badulla
DYRAABA TAMIL VIDYALAYA,Uva,Badulla
SARASHWATHI (WORWICK) TAMIL VIDYALAYA,Uva,Badulla
IDALGASHINNA TAMIL VIDYALAYA,Uva,Badulla
BEAUVAIS TAMIL VIDYALAYA,Uva,Badulla
HAPUTHALE T.C.,Uva,Badulla
SRI GANESHA T.M.V.,Uva,Badulla
AL-BADRIYA MUS.M.V.,Uva,Badulla
HALDUMMULLA T.M.V.,Uva,Badulla
GLENANORE T.M.V.,Uva,Badulla
THOTULAGALA T.K.V.,Uva,Badulla
PITARATHMALE.NO.1.T.V,Uva,Badulla
DAMBETHENNA.NO.1.T.V.,Uva,Badulla
DAMBETHENNA.NO.2.T.V,Uva,Badulla
BLACKWOOD NO02 T.V.,Uva,Badulla
MAKALDENIYA T.V,Uva,Badulla
POONAGALA T.M.V.,Uva,Badulla
GONAMOTAWA T.V.,Uva,Badulla
AMPITIKANDA T.V.,Uva,Badulla
ARNHALL T.V,Uva,Badulla
BLACKWOOD NO1 T.V.,Uva,Badulla
DAMBETHENNA.NO.3.T.V.,Uva,Badulla
HAPUTHLE NO.1.T.V,Uva,Badulla
HAPUTHALE NO.02.T.V,Uva,Badulla
HAPUTALE.NO.3.T.V.,Uva,Badulla
KAHAGALLA.T.V,Uva,Badulla
MEERIYABEDDA T.V.,Uva,Badulla
MAHAKANDE T.V.,Uva,Badulla
NEEDWOOD NO1 T.V.,Uva,Badulla
VIPULANANDA T.M.V.,Uva,Badulla
PITARATHMALE.NO.2.T.V,Uva,Badulla
POONAGALA NO2 T.V.,Uva,Badulla
POONAGALA NO3 T.V.,Uva,Badulla
VIHARAGALA T.V,Uva,Badulla
NAYABEDDA.NO.2.T.V,Uva,Badulla
BANDARAWELA T.M.V.,Uva,Badulla
SIR RAZIK FAREED MUS.M.V.,Uva,Badulla
AL-YASEEN MUS.V.,Uva,Badulla
CRAIG T.V.,Uva,Badulla
NEWBURGH T.V.,Uva,Badulla
SOUTHAM T.V.,Uva,Badulla
CRAIG SRI GAYATHRI T.V.,Uva,Badulla
NAYABEDDA NO 01 T.V.,Uva,Badulla
LIYANGAHAWELA T.V.,Uva,Badulla
BROUGHTON T.V.,Uva,Badulla
PINGARAWA T.V.,Uva,Badulla
NAHAVILA T.V.,Uva,Badulla
HINDAGALA T.V.,Uva,Badulla
GALAPITAKANDA T.M.V.,Uva,Badulla
BALAGALAELLA T.V.,Uva,Badulla
B CHELSI TAMIL VIDYALAYAM,Uva,Badulla
AISLABY T.V.,Uva,Badulla
NAMAGAL T.V.(OAKWEL T.V.),Uva,Badulla
MUTHUWANA.T.V,Uva,Badulla
GOWERAKELLE T.V.,Uva,Badulla
ROHEMPTON T.V.,Uva,Badulla
WEST HAPUTALE T.V,Uva,Badulla
KELBURNE T.V.,Uva,Badulla
KINNELAN T.V.,Uva,Badulla
B SARASWATHI CENTRAL COLLEGE,Uva,Badulla
B AL ADHAN MAHA VIDYALAYA,Uva,Badulla
B TAMIL GIRLS MAHA VIDYALAYA,Uva,Badulla
B BHARATHY MAHA VIDYALAYA,Uva,Badulla
B SARASWATHY KANISHTA WIDYALAYA BADULLA,Uva,Badulla
B THELBEDDA NO 1 TAMIL VIDYALAYAM,Uva,Badulla
B VALLUWAR TAMIL VIDYALAYAM,Uva,Badulla
B KALAIVANI TAMIL VIDYALAYAM,Uva,Badulla
B SRIWANI TAMIL VIDYALAYA,Uva,Badulla
B WEWESSA NO 1 TAMIL VIDYALAYA,Uva,Badulla
B RAMAKRISHNA TAMIL VIDYALAYAM,Uva,Badulla
B BHARATHY KANISHTA VIDYALAYA,Uva,Badulla
B CULLEN TAMIL VIDYALAYA,Uva,Badulla
B GLEN ALPIN TAMIL VIDYALAYAM,Uva,Badulla
B DIYANAGALA TAMIL VIDYALAYA,Uva,Badulla
B GRAHAMSLAND TAMIL VIDYALAYA,Uva,Badulla
B MAPAGALA TAMIL VIDYALAYA,Uva,Badulla
B AL IRSHAD MAHA VIDYALAYA,Uva,Badulla
B ELADALUWA TAMIL VIDYALAYA,Uva,Badulla
B SRI SHANMUGANANDA TAMIL VIDYALAYA,Uva,Badulla
B WEWELHINNA TAMIL VIDYALAYA,Uva,Badulla
B NAWALAWATHTHA TAMIL VIDYALAYA,Uva,Badulla
B UNUGALLA TAMIL VIDYALAYA,Uva,Badulla
B MORAGOLLA TAMIL VIDYALAYA,Uva,Badulla
B NAPIER TAMIL VIDYALAYA,Uva,Badulla
B OODOOWERE LOWER TAMIL VIDYALAYA,Uva,Badulla
B SERANDIB TAMIL VIDYALAYA,Uva,Badulla
B YELVARTON TAMIL VIDYALAYA,Uva,Badulla
B KINROOS TAMIL VIDYALAYA,Uva,Badulla
B/SARNIA T.M.V.,Uva,Badulla
B/SARNIYA NO 01 T.V,Uva,Badulla
B/KEENAKELE T.V,Uva,Badulla
B/NARANGALAI T.V,Uva,Badulla
B/LEDGERWATTE NO2 T.V,Uva,Badulla
B/LEGERWATHTHA NO 03 T.V,Uva,Badulla
B/COBO T.V,Uva,Badulla
PAGARAGAMMANA M.K.V,Uva,Badulla
B OODOOWER UPER TAMIL VIDYALAYAM,Uva,Badulla
B SHIWANANDA TAMIL VIDYALAYA,Uva,Badulla
B KIRUBANANDAVARIYAR TAMIL VIDYALAYA,Uva,Badulla
B UWA KETAWELA TAMIL VIDYALAYA,Uva,Badulla
B SPRINGVALLY TAMIL MAHA VIDYALAYA,Uva,Badulla
B MAYMALLAY TAMIL VIDYALAYA,Uva,Badulla
B KOOTTAGODA TAMIL VIDYALAYA,Uva,Badulla
B ROSSET TAMIL VIDYALAYAM,Uva,Badulla
B HALIELA TAMIL MAHA VIDYALAYA,Uva,Badulla
PASSARA TAMIL M.V.,Uva,Badulla
LUNUGALA SRI RAMAKRISHNA T.M.V.,Uva,Badulla
PASSARA MUS M.V.,Uva,Badulla
CANNAWERALLA NO 3 T.V.,Uva,Badulla
MAHADOWA UPPER T.V.,Uva,Badulla
MADULSIMA T.M.V.,Uva,Badulla
BATAWATHTHA T.M.V.,Uva,Badulla
GONAKELE T.M.V.,Uva,Badulla
PASSARA NO 02 T.V.,Uva,Badulla
VIGNESHWARA T.V.,Uva,Badulla
GALLOOLLA T.V.,Uva,Badulla
THIRUMAHAL T.V.,Uva,Badulla
KALAIMAHAL T.M.V.,Uva,Badulla
SHOWLANDS LOWER T.V.,Uva,Badulla
SWINTON T.V.,Uva,Badulla
COCAGALA T.V.,Uva,Badulla
PARK T.V.,Uva,Badulla
MAHADOWA LOWER T.V.,Uva,Badulla
SHOWLANDS UPPER T.V.,Uva,Badulla
KEHELWATHTHA T.V.,Uva,Badulla
MEEDUMPITIYA NO.1 T.V.,Uva,Badulla
DEMERIYA NO.1 T.V.,Uva,Badulla
DAMERIYA NO 2 T.V.,Uva,Badulla
DAMERIYA NO 3 T.V.,Uva,Badulla
AGARATHENNA T.V.,Uva,Badulla
URY T.V.,Uva,Badulla
CANNAWERELLA NO 1 T.V.,Uva,Badulla
CANNAWERALLA NO 2 T.V.,Uva,Badulla
WEWEKELAI T.V.,Uva,Badulla
VERALLAPATHANA T.V.,Uva,Badulla
UVAKELAI T.V.,Uva,Badulla
B/ROEBERIYA T.V.,Uva,Badulla
B/ELEMANE T.V,Uva,Badulla
B ST JAMES TAMIL VIDYALAYA,Uva,Badulla
NELUWA TAMIL VIDYALAYA,Uva,Badulla
MEEDUMPITIYA NO 2 T.V.,Uva,Badulla
SRI GANESHA T.V.,Uva,Badulla
PASSARA NO 4 T.V.,Uva,Badulla
DAYANAWATHTHA T.V.,Uva,Badulla
ELTEB NO 1 T.V.,Uva,Badulla
THANNUGAI T.V.,Uva,Badulla
ELTEB NO 2 T.V.,Uva,Badulla
GALBOKKE T.V.,Uva,Badulla
B UVA SCIENCE COLLEGE,Uva,Badulla
B/MEEGOLLA P.V.,Uva,Badulla
B VIVEKANANDA TAMIL VIDYALAYA,Uva,Badulla
KELIPANAWELA V.,Uva,Badulla
KOTABAKMA V.,Uva,Badulla
WE-ELIYA V.,Uva,Badulla
HAPATHGAMUWA GEMUNU V.,Uva,Badulla
UDAVERIYA T.V.,Uva,Badulla
NAKETIYA T.V.,Uva,Badulla
OHIYA TAMIL VIDYALAYA,Uva,Badulla
SRI GANAPATHY TAMIL MAHA VIDYALAYA,Uva,Badulla
HIUGOLAND TAMIL MAHA VIDYALAYA,Uva,Badulla
THALAWEGAMA K.V.,Uva,Badulla
DIKKANDAYAYA P.S.,Uva,Badulla
B/NOORANIYA MUSLIM VIDYALAYA,Uva,Badulla
AL-AMEEN MUS V,Uva,Badulla
KUMARATHENNA V.,Uva,Badulla
MARANGAHAWELA V,Uva,Badulla
B WETHALAWA PRAIMARY VIDYALAYA,Uva,Badulla
YAHALAARAWA TAMIL VIDYALAYA,Uva,Badulla
B/WENDESIYAYA V,Uva,Badulla
B/MEEGASPITIYA V,Uva,Badulla
B/BATUYAYA P.V.,Uva,Badulla
KIRKLEES SINHALA VIDYALAYA,Uva,Badulla
HABARAGALA TAMIL VIDYALAYA,Uva,Badulla
DARMAPALA VIDYALAYA,Uva,Badulla
B/KIRIMADUTHENNA P.V.,Uva,Badulla
KULUKELE P.S.,Uva,Badulla
AL ILMA MUSLIM VIDYALAYA,Uva,Badulla
MIRAHAWATTA MUSLIM VIDYALAYA,Uva,Badulla
KANDURUDEKA MUSLIM VIDYALAYA,Uva,Badulla
HAPUTHALE MUS.V.,Uva,Badulla
THISSAPURA P.S.,Uva,Badulla
HADDATHTHAWA P S,Uva,Badulla
B/KANDAKAPULPATHA P.V.,Uva,Badulla
ALBION TAMIL PRIMARY VIDYALAYA,Uva,Badulla
B FATHIMA MUSLIM LADIES COLLEGE,Uva,Badulla
VIDYALOKA PRIMARY COLLAGE,Uva,Badulla
ANNOOR MUSLIM VIDYALAYA,Uva,Badulla
SWARNAHANSA VIDYALAYA,Uva,Badulla
B/ALAGOLLA PRIMARY TAMIL VIDYALAYA,Uva,Badulla
MEDAWELA PRIMARY VIDYALAYA,Uva,Badulla
GAMPAHA MASPANNA PRIMARI VIDYALAYA,Uva,Badulla
DARMADEEPA PRIMARY COLLAGE,Uva,Badulla
SAMMANI PRIMARY SCHOOL,Uva,Badulla
B/KANDEGEDARA VIDYADEEPA P.V.,Uva,Badulla
B/THALDENA P.V.,Uva,Badulla
B/D.S.SENANAYAKE P.V.,Uva,Badulla
B/GALAUDA P.V.,Uva,Badulla
SRI SUGATHA P.V.,Uva,Badulla
JANANANDHA P.S.,Uva,Badulla
B KENDAGOLLA PRAIMARY VIDYALAYA,Uva,Badulla
SIDDHARTHA P.S.,Uva,Badulla
B AL HIQMA PRIMARY SCHOOL,Uva,Badulla
ANDAULPATHA P.S.,Uva,Badulla
B UDAWELA PRIMARY SCHOOL,Uva,Badulla
B MALITHTHA PRAIMARY VIDYALAYA,Uva,Badulla
B UWA HILAND TAMIL VIDYALAYA,Uva,Badulla
HALDUMMULLA PRIMARY V.,Uva,Badulla
HAPUTHALE T.P.V.,Uva,Badulla
ALUYATAWELA P.S.,Uva,Badulla
PETHIYAGODA P.S.,Uva,Badulla
BOGAHAKUMBURA PRIMERY SCHOOL,Uva,Badulla
GIRANDURUKOTTE P.S.,Uva,Badulla
DARMAPALA P.V.,Uva,Badulla
B SPRINGVALLY PRAIMARY TAMIL VIDYALAYA,Uva,Badulla
SRI DEWANANDA PRIMARY COLLEGE,Uva,Badulla
KOSLANDA PRIMARY V.,Uva,Badulla
POONAGALA TAMIL PRIMARY V,Uva,Badulla
HALPE P.V.,Uva,Badulla
GONAKELE PRIMARY T.V.,Uva,Badulla
MO/WELLASSA N.S.,Uva,Moneragala
MO/NANNAPURAWA M.V.,Uva,Moneragala
MO/PITAKUMBURA M.V.,Uva,Moneragala
MO/MALLEHEWA M.V.,Uva,Moneragala
MO/MEDAGAMA N.S.,Uva,Moneragala
MO/SIRI DHAMMAPALA M.V.,Uva,Moneragala
MO/SENAPATHIYA M.V.,Uva,Moneragala
MO/KENDAWINNA M.V.,Uva,Moneragala
MO/MAHAMATHYA S.C.,Uva,Moneragala
MO/ELLEKONA K.V.,Uva,Moneragala
MO/KOTAGAMA P.V.,Uva,Moneragala
MO/DODAMGOLLA M.V.,Uva,Moneragala
MO/NAGALA PIYARATHANA K.V.,Uva,Moneragala
MO/BIBILAMULLA K.V.,Uva,Moneragala
MO/BULUPITIYA M.V.,Uva,Moneragala
MO/YAKUNNAWA M.V.,Uva,Moneragala
MO/RADALIYADDA K.V.,Uva,Moneragala
MO/WEGAMA K.V.,Uva,Moneragala
MO/HEPOLA K.V.,Uva,Moneragala
MO/ILUKKEPUTHENNA K.V.,Uva,Moneragala
MO/KANAWEGALLA K.V.,Uva,Moneragala
MO/BDULLAGAMMANA K.V.,Uva,Moneragala
MO/MONARAWANA K.V.,Uva,Moneragala
MO/SERAWA P.S.,Uva,Moneragala
MO/THITHTHAWELKIULA P.V.,Uva,Moneragala
MO/URAULA K.V.,Uva,Moneragala
MO/ETHUNDEMUWAWA K.V.,Uva,Moneragala
MO/KARAGAHAWELA K.V.,Uva,Moneragala
MO/MUDIYALA K.V.,Uva,Moneragala
MO/KOTUWEGANGODA P.S.,Uva,Moneragala
MO/PITADENIYA P.S.,Uva,Moneragala
MO/KANULWELA MUSLIM M.V.,Uva,Moneragala
MO/GODIGAMUWA MUSLIM M.V.,Uva,Moneragala
MO/AL IRSHAD MUSLIM M.V.,Uva,Moneragala
MO/BIBILEWATTA TAMIL K.V.,Uva,Moneragala
MO/YATIELLA P.S.,Uva,Moneragala
MO/ALPITIYA M.V.,Uva,Moneragala
MO/OBBEGODA M.V.,Uva,Moneragala
MO/DAMBAGALLA PIRATHANA M.V.,Uva,Moneragala
MO/MARIARAWA M.V.,Uva,Moneragala
MO/D.S.SENANAYAKA M.V.,Uva,Moneragala
MO/BAKINIGAHAWELA MUSLIM M.V.,Uva,Moneragala
MO/KEENAGODA K.V.,Uva,Moneragala
MO/RATHTHANADENIYA K.V.,Uva,Moneragala
MO/PUBBARA K.V.,Uva,Moneragala
MO/BAKINIGAHAWELA SINHALA K.V.,Uva,Moneragala
MO/KOLLADENIYA M.V.,Uva,Moneragala
MO/KOSSELPOLA K.V.,Uva,Moneragala
MO/GALBOKKA K.V.,Uva,Moneragala
MO/GALGAMUWA M.V.,Uva,Moneragala
MO/GONATHALAWA K.V.,Uva,Moneragala
MO/BADULUWELA K.V.,Uva,Moneragala
MO/MADULLA M.M.V.,Uva,Moneragala
MO/MAGANDAOYA JANAPADA K.V.,Uva,Moneragala
MO/DELIWA M.V.,Uva,Moneragala
MO/AMUNEKANDURA M.V.,Uva,Moneragala
MO/POLGAHAPITIYA P.S.,Uva,Moneragala
MO/ALUGALGE P.S.,Uva,Moneragala
MO/THAMPALAWELA K.V.,Uva,Moneragala
MO/THAMBANA K.V.,Uva,Moneragala
MO/THERELA K.V.,Uva,Moneragala
MO.NELLIYADDA P.V.,Uva,Moneragala
MO/NEELAWABEDDA K.V.,Uva,Moneragala
MO/RATHMALGAHAELLA K.V.,Uva,Moneragala
MAHANAMA M.M.V.,Uva,Moneragala
ETHIMALE M.V.,Uva,Moneragala
DOMBAGAHAWELA M.M.V.,Uva,Moneragala
HULANDAWA LEFT M.V.,Uva,Moneragala
SIYAMBALANDUWA M.V.,Uva,Moneragala
ETHIMALE STEP 1 K.V.,Uva,Moneragala
UDIKKEPUARA K.V.,Uva,Moneragala
KOTIYAGALA K.V.,Uva,Moneragala
KOLONVINNA K.V.,Uva,Moneragala
GALABEDDA M.V.,Uva,Moneragala
DEADDEKIWLA K.V.,Uva,Moneragala
BOHITIYA K.V.,Uva,Moneragala
VIDYALOKA M.V.,Uva,Moneragala
WELIYAYA MAYURAGIRIYA K.V.,Uva,Moneragala
VILAOYA SRIPALI M.V.,Uva,Moneragala
VIHARAGALA P.V.,Uva,Moneragala
HULANDAWA RIGHT M.V.,Uva,Moneragala
RAJAKEEYA V.,Uva,Moneragala
KANDAUDAPANGUWA M.V.,Uva,Moneragala
KIWULEYAYA K.V.,Uva,Moneragala
KODAYANA K.V.,Uva,Moneragala
KOONGASPITIYA K.V.,Uva,Moneragala
GALEARAWA K.V.,Uva,Moneragala
DANAKIRIYA K.V.,Uva,Moneragala
PALLEWELA M.V.,Uva,Moneragala
BUDDAMA M.V.,Uva,Moneragala
MAHAKALUGOLLAC K.V,Uva,Moneragala
THENAGALLANDA M.V.,Uva,Moneragala
MUTHUKANDIYA STEP 1 K.V,Uva,Moneragala
MUTHUKANDIYA STEP 2 K.V.,Uva,Moneragala
GURUHELA K.V.,Uva,Moneragala
MAHANAMA P.S.,Uva,Moneragala
BAMBARAGASRODA P.V.,Uva,Moneragala
BARAWAYA P.V.,Uva,Moneragala
RITIGAHAWATTA K.V.,Uva,Moneragala
THISSAPURA K.V,Uva,Moneragala
MEEYAGALA K.V.,Uva,Moneragala
MAGANDANAMULLA K.V.,Uva,Moneragala
MUTHUKANDIYA STEP 3 K.V.,Uva,Moneragala
KARANAGAMA K.V.,Uva,Moneragala
GEMUNUPURA K.V.,Uva,Moneragala
KOTAMUDUNA M.V.,Uva,Moneragala
NISHSHANKA M.M.V.,Uva,Moneragala
MEDIRIYA RAJAYANANDA M.M.V.,Uva,Moneragala
HINGURUKADUWA M.V.,Uva,Moneragala
ETHTHALAMULLA K.V.,Uva,Moneragala
UDAGAMGODA P.V.,Uva,Moneragala
ETHPATTIYA P.V.,Uva,Moneragala
SRI PEMANANDA M.V.,Uva,Moneragala
KALAWELARAGAMA K.V.,Uva,Moneragala
KAHAMBANA P.V.,Uva,Moneragala
KIRIWANAGIDA K.V,Uva,Moneragala
PAGNGNANANDA M.V.,Uva,Moneragala
KOTIGALHELA K.V.,Uva,Moneragala
KIULEARA P.V.,Uva,Moneragala
GALLABA K.V,Uva,Moneragala
SIDDHARTHA K.V,Uva,Moneragala
BOGAHAPALASSA K.V.,Uva,Moneragala
MADUKOTANARAWA M.V.,Uva,Moneragala
MADUGASMULLA K.V.,Uva,Moneragala
MIYANAKANDURA M.V.,Uva,Moneragala
MUTHUKELIYAWA M.V.,Uva,Moneragala
RANUGALLA K.V,Uva,Moneragala
WARADOLA K.V.,Uva,Moneragala
WEHERABANDITHENNA P.S.,Uva,Moneragala
HINDIKIVULA K.V.,Uva,Moneragala
HOROMBUWA K.V.,Uva,Moneragala
LUNUGALA YODAWEWA M.V.,Uva,Moneragala
ALUPOTHA MUSLIM M.V.,Uva,Moneragala
KATUGAHAGALGE K.V,Uva,Moneragala
HELATHUNTHALA K.V,Uva,Moneragala
SUDUWATHURAARA K.V.,Uva,Moneragala
TANWATHTHA K.V.,Uva,Moneragala
MIYANAWATHTHA P.V.,Uva,Moneragala
MALWATTAWALA M.M.V.,Uva,Moneragala
WEHERAYAYA M.V.,Uva,Moneragala
OKKAMPITIYA VIJAYABAHU M.V.,Uva,Moneragala
DUTUGEMUNU M.M.V.,Uva,Moneragala
SIDDHARTHA M.V.,Uva,Moneragala
DUTUGEMUNU MODEL P.V.,Uva,Moneragala
ETHILIWEWA M.V.,Uva,Moneragala
OKKAMPITIYA JANAPADA K.V.,Uva,Moneragala
KUKURAMPOLA K.V.,Uva,Moneragala
KURUGAMA K.V.,Uva,Moneragala
BUDURUWAGALA M.V.,Uva,Moneragala
PELWATTA NAVODYA M.V.,Uva,Moneragala
PIYANANDA K.V.,Uva,Moneragala
YUDAGANAWA K.V.,Uva,Moneragala
WAGURUWELA M.V.,Uva,Moneragala
WELLAWAYA J.M. KUMARADASA M.V.,Uva,Moneragala
WEHERAYAYA K.V.,Uva,Moneragala
SIYAMBALAGUNAYA K.V.,Uva,Moneragala
HANDAPANAGALA M.V.,Uva,Moneragala
HELAGALBOKKA P.V.,Uva,Moneragala
HELAGAMA K.V.,Uva,Moneragala
RANDENIWELA K.V.,Uva,Moneragala
GONAGANARA K.V.,Uva,Moneragala
JANASANKHA MODEL K.V.,Uva,Moneragala
UNAWATUNA K.V.,Uva,Moneragala
GAMPANGUWA K.V.,Uva,Moneragala
MUNASINGHE P.V.,Uva,Moneragala
RANJAN WIJERATHNA M.V.,Uva,Moneragala
NIYADALL K.V.,Uva,Moneragala
SADDHATISSA P.V.,Uva,Moneragala
KUMARAGAMA P.V.,Uva,Moneragala
MO/MUTHUMINIGAMA K.V,Uva,Moneragala
MAHASENGAMA P.V.,Uva,Moneragala
VIHARAMAHADEVI K.V.,Uva,Moneragala
MO/KEERTHIKUMARAPURA K.V,Uva,Moneragala
MO/AGUNUKOLAPALASSA M.V.,Uva,Moneragala
MO/KATHARAGAMA M.M.V.,Uva,Moneragala
MO/SOMADEWI M.V.,Uva,Moneragala
MO/HAMBEGAMUWA M.V.,Uva,Moneragala
MO/THANAMALWILA M.M.V.,Uva,Moneragala
MO/KALAWELGALA P.V.,Uva,Moneragala
MO/SANDHARAJA M.V.,Uva,Moneragala
KUDA OYA M.V.,Uva,Moneragala
BALAHARUWA K.V.,Uva,Moneragala
MO/BODAGAMA M.V.,Uva,Moneragala
MO/SELLAKATHARAGAMA M.V.,Uva,Moneragala
MO/HABARALUWEWA M.V.,Uva,Moneragala
M0/ALUTHWEWA K.V,Uva,Moneragala
THELULLA K.V.,Uva,Moneragala
THELULLA JANAPADA K.V.,Uva,Moneragala
MO/NIKAWEWA K.V,Uva,Moneragala
M0/NIYADAGALA P.V.,Uva,Moneragala
MO/KIRIIBBANWEWA BANDARANAYAKA M.M.V.,Uva,Moneragala
MO/MAHAGAMA MAHANAGA M.V.,Uva,Moneragala
MO/HAMBEGAMUWA JANAPADAYA K.V,Uva,Moneragala
MO/DETAGAMUWA K.V,Uva,Moneragala
MO/SAMGIPURA THARUNA JANAPADA K.V,Uva,Moneragala
MO/KOTAWEHERAMANKADA M.V.,Uva,Moneragala
MO/SEWANAGALA M.V.,Uva,Moneragala
MO/KOULARA M.V.,Uva,Moneragala
KITHULKOTE M.V.,Uva,Moneragala
MO/GOTHAMIGAMA K.V,Uva,Moneragala
MO/SEWANAGALA USBIM M.V.,Uva,Moneragala
M0/KAHAKURULAN PALASSA K.V,Uva,Moneragala
MO/NALANDA K.V,Uva,Moneragala
MO/DHARMALOKA K.V,Uva,Moneragala
MO/LAGINAGALA K.V,Uva,Moneragala
MO/HABARUGALA VIDYALAYA,Uva,Moneragala
MO/INDIKOLAPALASSA P.V.,Uva,Moneragala
M0/RATHBALAGAMA K.V,Uva,Moneragala
VYKUMBURA T.K.V.,Uva,Moneragala
DEWATHURA P.V.,Uva,Moneragala
MO/MELLAGAMA K.V.,Uva,Moneragala
MO/DAHAGONIYA P.S.,Uva,Moneragala
MO/ILUKKUMBURA P.S.,Uva,Moneragala
YAWWANA-KUMARAPURA K.V.,Uva,Moneragala
MAHA ARAGAMA K.V.,Uva,Moneragala
DEBARA-ARA K.V.,Uva,Moneragala
YALABOWA MODEL P.V.,Uva,Moneragala
ANAPALLAMA K.V.,Uva,Moneragala
DAMBEYAYA P.V.,Uva,Moneragala
SRI SUMANAJOTHI K.V.,Uva,Moneragala
MAHAWELAMULLA MUSLIM K.V.,Uva,Moneragala
MO/NAGAHAMADA M.V.,Uva,Moneragala
MO/DEHIGALA TAMIL K.V.,Uva,Moneragala
KALUOBBA K.V,Uva,Moneragala
VIPULANANDA TAMIL M.V.,Uva,Moneragala
ALIYAWATHTHA T.K.V.,Uva,Moneragala
SRI GOWRY T.K.V.,Uva,Moneragala
SARASWATHY T.K.V.,Uva,Moneragala
SRI SHANMUHA T.M.V.,Uva,Moneragala
KANDAHENA NO 02 T.K.V.,Uva,Moneragala
KANDAHENA NO 1 T.K.V.,Uva,Moneragala
MO/ALUTHWELA P.S.,Uva,Moneragala
VIHARAMULLA P.V.,Uva,Moneragala
DHARMAWIJAYA M.V.,Uva,Moneragala
MO/NUGEGALAYAYA P.V.,Uva,Moneragala
WANDINAHELAYAYA P.V.,Uva,Moneragala
ETHADUTUWEWA K.V.,Uva,Moneragala
SRI SUBODA K.V.,Uva,Moneragala
MADURUKETIYA M.V.,Uva,Moneragala
DEHIKINDAGAMA P.V.,Uva,Moneragala
WATHTHEGAMA SRIMAL K.V.,Uva,Moneragala
HATHARE KANUWA M.V.,Uva,Moneragala
MALIGATHENNA M.V.,Uva,Moneragala
THENNAKUMBURA T.K.V,Uva,Moneragala
GAMEWELA T.M.V.,Uva,Moneragala
MEEGAHAMADA P.S.,Uva,Moneragala
MEEGAHAYAYA P.V.,Uva,Moneragala
KESELKOTUWA P.V.,Uva,Moneragala
THANNAYAYA P.S.,Uva,Moneragala
KALUGAHAWADIYA P.V.,Uva,Moneragala
D.S. SENANAYAKA K.V.,Uva,Moneragala
MORAHELAGAMA P.V.,Uva,Moneragala
MO/WIJAYAPURA JUNIOR SCHOOL,Uva,Moneragala
MO/KARAMETIYA K.V.,Uva,Moneragala
WARAGAMA P.V.,Uva,Moneragala
MO/KIULARA SAMANSIRI KARUNARATHNA P.V.,Uva,Moneragala
MO/RATHUGALA P.S.,Uva,Moneragala
MO/YASHODHARA G.C.,Uva,Moneragala
VIDYALOKA P.V.,Uva,Moneragala
ETHIMALE P.V.,Uva,Moneragala
MO/MADULUMINI P.S.,Uva,Moneragala
MO/HAMBEGAMUWA P.V.,Uva,Moneragala
MALWATTAWALA P.V.,Uva,Moneragala
MO/SHASHINDRAKUMARA P.V.,Uva,Moneragala
MO/SWARNAPRDEEPA P.V.,Uva,Moneragala
PELWATTE P.V.,Uva,Moneragala
DUTUGEMUNU P.V.,Uva,Moneragala
MO/MEDAGAMA P.S.,Uva,Moneragala
MO/PROF.SENAKA BIBILE P.S.,Uva,Moneragala
MO/BAKINIGAHAWELA MUSLIM P.S.,Uva,Moneragala
MO/MARIARAWA P.S.,Uva,Moneragala
MO/OBBEGODA P.S.,Uva,Moneragala
OKKAMPITIYA VIJAYABAHU P.V.,Uva,Moneragala
MO/THANAMALWILA P.V.,Uva,Moneragala
NISHSHANKA P.V.,Uva,Moneragala
MO/MAHAGAMA MODEL PRAIMARY SCHOOL,Uva,Moneragala
MO/UVA WIJAYA P.S.,Uva,Moneragala
MO/DARMAPREEPA P.S.,Uva,Moneragala
MO/PITAKUMBURA P.S.,Uva,Moneragala
MO/BANDARANAYAKA PRAIMARY SCHOOL,Uva,Moneragala
CHANDAWIMALA P.V.,Uva,Moneragala
BUDURUWAGALA P.V.,Uva,Moneragala
SIYMBALANDUWA P.V.,Uva,Moneragala
DOMBAGAHAWELA P.V.,Uva,Moneragala
PALLEWELA P.V.,Uva,Moneragala
MADIRIYA RAJYANANDA P.V.,Uva,Moneragala
ALUPOTHA MUSLIM P.S.,Uva,Moneragala
MO/GALGAMUWA P.S.,Uva,Moneragala
MUTHUKELIYAWA PRIMARY SCHOOL,Uva,Moneragala
VIPULANANDA T.P.V.,Uva,Moneragala
MO/KOULARA PRAIMARY SCHOOL,Uva,Moneragala
KUDAOYA P.V.,Uva,Moneragala
EHELIYAGODA M.M.V.,Sabaragamuwa,Ratnapura
EREPOLA SRI MAHINDA MAHA V.,Sabaragamuwa,Ratnapura
UDUWAKA SIDDHARTHA M.V.,Sabaragamuwa,Ratnapura
NUGADANDA M.V.,Sabaragamuwa,Ratnapura
ANURA M.V.,Sabaragamuwa,Ratnapura
R/PRIMARY SCHOOL,Sabaragamuwa,Ratnapura
EHE/DARMAPALA M.V.,Sabaragamuwa,Ratnapura
PAHALAGAMA V.,Sabaragamuwa,Ratnapura
IDDAMALGODA SENIOR SCHOOL,Sabaragamuwa,Ratnapura
R/UDUMATHTHA MIHINDU MAHA VIDYALAYA,Sabaragamuwa,Ratnapura
KALUANDURA V,Sabaragamuwa,Ratnapura
ANDAGALA SUGATHA BUDDHI V.,Sabaragamuwa,Ratnapura
THORANAKADA DHARMARAJA V,Sabaragamuwa,Ratnapura
R/DIURUMPITIYA SAMAN V.,Sabaragamuwa,Ratnapura
R/DEIYAGALA VIDYALAYA,Sabaragamuwa,Ratnapura
PALEEGALA V,Sabaragamuwa,Ratnapura
BOPATHTHA M.V.,Sabaragamuwa,Ratnapura
R/HEWAINNA KANDA V.,Sabaragamuwa,Ratnapura
KARANDANA NORTH VIDYALAYA,Sabaragamuwa,Ratnapura
R/KIRIPORUWA V.,Sabaragamuwa,Ratnapura
R/MITIPOLA M.V.,Sabaragamuwa,Ratnapura
RATNAPURA HIDURANGALA VIDYALAYA,Sabaragamuwa,Ratnapura
WEWILA VIDYALAYA,Sabaragamuwa,Ratnapura
RATNAPURA KALATHUWAWA WEST .V,Sabaragamuwa,Ratnapura
MAHARA SWARNA JAYANTHI V.,Sabaragamuwa,Ratnapura
WILEGODA WIJENAYAKA V.,Sabaragamuwa,Ratnapura
R/ MAPOTA V.,Sabaragamuwa,Ratnapura
ELLAWALA MAHA V.,Sabaragamuwa,Ratnapura
KARADANA SRI JINARATHANA V.,Sabaragamuwa,Ratnapura
"KIRIELLA C, C",Sabaragamuwa,Ratnapura
R/PATHBERIYA NARADA CENTRAL,Sabaragamuwa,Ratnapura
PUSSALLA M.V.,Sabaragamuwa,Ratnapura
RATNAPURA ELLAGAWA VIDYALAYA,Sabaragamuwa,Ratnapura
R/EPITAWALA VIDYALAYA,Sabaragamuwa,Ratnapura
ELLAVALA KANISHTA VIDYALAYA,Sabaragamuwa,Ratnapura
ELLAWALA PARANAGAMA V.,Sabaragamuwa,Ratnapura
ELLAWALA PAHALAGAMA V.,Sabaragamuwa,Ratnapura
KARADANA JUNIOR SCHOOL,Sabaragamuwa,Ratnapura
R/AMUHENKANDA SRI WIMALASARA MAHA V.,Sabaragamuwa,Ratnapura
POHORABHAWA M.V.,Sabaragamuwa,Ratnapura
WEST MUDUNKOTUWA V.,Sabaragamuwa,Ratnapura
BODIMALUWA V.,Sabaragamuwa,Ratnapura
MATUWAGALA V.,Sabaragamuwa,Ratnapura
THALAWITIYA SIRISAMAN V,Sabaragamuwa,Ratnapura
MUDUNKOTUWA EAST V.,Sabaragamuwa,Ratnapura
RATNAPURA SIRISAMANPURA VIDYALAYA,Sabaragamuwa,Ratnapura
WICKRAMAKANDA V.,Sabaragamuwa,Ratnapura
DIKDENIYA V,Sabaragamuwa,Ratnapura
KALUWAWALATHANNA V,Sabaragamuwa,Ratnapura
KIRIELLA SRI DEWARAKKITHA PRIMARY SCHOOL,Sabaragamuwa,Ratnapura
NUGADANDA BHADRAWATHIE V.,Sabaragamuwa,Ratnapura
HANDURUKANDA V.,Sabaragamuwa,Ratnapura
PARAKADUWA PRIMARY SCHOOL,Sabaragamuwa,Ratnapura
MENERIPITIYA V,Sabaragamuwa,Ratnapura
LELLAGODA SRI SUMANATHISSA V.,Sabaragamuwa,Ratnapura
FERGUSION HIGH SCHOOL,Sabaragamuwa,Ratnapura
SUMANA BALIKA V,Sabaragamuwa,Ratnapura
ST ALOYSIUS NATIONAL SCHOOL,Sabaragamuwa,Ratnapura
SRIPADA MADYA MAHA V.,Sabaragamuwa,Ratnapura
MALWALA NAWODYA MAHA VIDYALAYA,Sabaragamuwa,Ratnapura
RATNAPURA SRI SUMANA MAHA VIDYALAYA,Sabaragamuwa,Ratnapura
SEEVALI M.V.,Sabaragamuwa,Ratnapura
ST. LUKE'S COLLEGE,Sabaragamuwa,Ratnapura
CONVENT OF THECHILD JESUS NATIONAL SCHOOL,Sabaragamuwa,Ratnapura
BATUGEDARA MAHA V.,Sabaragamuwa,Ratnapura
RATNAPURA DARMAPALA M.V.,Sabaragamuwa,Ratnapura
ROYAL COLLEG,Sabaragamuwa,Ratnapura
GILIMALE SAMANALA V.,Sabaragamuwa,Ratnapura
RATHGAMA V.,Sabaragamuwa,Ratnapura
PUNCHIGAMA SIDUHATH V.,Sabaragamuwa,Ratnapura
THIRIWANAKETIYA VIDYALAYA,Sabaragamuwa,Ratnapura
RATNAPURA DHARMARAJA VIDYALAYA,Sabaragamuwa,Ratnapura
R/KUDAAWA V.,Sabaragamuwa,Ratnapura
NILWALA V.,Sabaragamuwa,Ratnapura
RATHTHURUGALA V.,Sabaragamuwa,Ratnapura
ETHOYA SARASAVI V,Sabaragamuwa,Ratnapura
ETHTHOTA V.,Sabaragamuwa,Ratnapura
R/HELAKANDA V.,Sabaragamuwa,Ratnapura
R/LIYANDAWELA.V,Sabaragamuwa,Ratnapura
KETAWALA VIDYALAYA,Sabaragamuwa,Ratnapura
R/RATHNAPURA MIHIDU V.,Sabaragamuwa,Ratnapura
MEEHITIYA V.,Sabaragamuwa,Ratnapura
SIVALI CENTRAL COLLEGE,Sabaragamuwa,Ratnapura
ERATHNA MAHA V.,Sabaragamuwa,Ratnapura
KURUWITA CENTRAL COLLEGE,Sabaragamuwa,Ratnapura
PATHAGAMA MAHA V.,Sabaragamuwa,Ratnapura
TEPPANAWA KUMARA M.V.,Sabaragamuwa,Ratnapura
DODAMPE SRI RAHULA M.V.,Sabaragamuwa,Ratnapura
R/BATUHENA MAHA VIDYALAYA,Sabaragamuwa,Ratnapura
SUMANA SAMAN M.V.,Sabaragamuwa,Ratnapura
SUDAGALA SRI RAHULA V,Sabaragamuwa,Ratnapura
EKNALIGODA V,Sabaragamuwa,Ratnapura
RATHNAPURA KANDANGODA VIDYALAYA,Sabaragamuwa,Ratnapura
KAHANGAMA BAUDDHA M.V.,Sabaragamuwa,Ratnapura
KOSGALA V.,Sabaragamuwa,Ratnapura
R/KOSPALAWINNA VIDYALAYA,Sabaragamuwa,Ratnapura
BATATHOTA V.,Sabaragamuwa,Ratnapura
RATNAPURA MANDADENIYA VIDYALAYA,Sabaragamuwa,Ratnapura
RATNAPURA MALANKANDA VIDYALAYA,Sabaragamuwa,Ratnapura
MAHAWATHTHAKANDA V.,Sabaragamuwa,Ratnapura
THUNANDAHENA V.,Sabaragamuwa,Ratnapura
RATNAPURA PAHALAGAMA BAUDDHA VIDYALAYA,Sabaragamuwa,Ratnapura
SRI SARANAJOTHI THISSA V,Sabaragamuwa,Ratnapura
WALANDURA DHARMAPALA VIDYALAYA,Sabaragamuwa,Ratnapura
HALPE UPANANDA V.,Sabaragamuwa,Ratnapura
ANANDA V.,Sabaragamuwa,Ratnapura
GALUKAGAMA V.,Sabaragamuwa,Ratnapura
PALADENIYA V,Sabaragamuwa,Ratnapura
MURUTHTHETTUWA KANDA V,Sabaragamuwa,Ratnapura
WATHUYAYA SRI SUMANA V.,Sabaragamuwa,Ratnapura
HIGGASWATTA K.V.,Sabaragamuwa,Ratnapura
LASSAKANDA V.,Sabaragamuwa,Ratnapura
R/GANKANDA CENTRAL COLLEGE,Sabaragamuwa,Ratnapura
GALLELLA M.V.,Sabaragamuwa,Ratnapura
BABARABOTUWA WIJAYABA MAHA VIDYALAYA,Sabaragamuwa,Ratnapura
DARMALOKA MAHA V.,Sabaragamuwa,Ratnapura
DIPPITIGALA M.V.,Sabaragamuwa,Ratnapura
RMARAPANA MAHA V.,Sabaragamuwa,Ratnapura
GONAKUMBURA M.V.,Sabaragamuwa,Ratnapura
AMUNUTHANNA J.S.S.,Sabaragamuwa,Ratnapura
NIRALGAMA V.,Sabaragamuwa,Ratnapura
BULUGAHATHENNA M.V.,Sabaragamuwa,Ratnapura
GAIRANAGAMA V.,Sabaragamuwa,Ratnapura
PERALANDA V.,Sabaragamuwa,Ratnapura
WELIMALUWA V.,Sabaragamuwa,Ratnapura
R/SRI RAHULA M.V.,Sabaragamuwa,Ratnapura
BATEWELA V.,Sabaragamuwa,Ratnapura
MAHINDA V.,Sabaragamuwa,Ratnapura
PATHAKADA BAUDDHA M.V.,Sabaragamuwa,Ratnapura
SRI GNANANANDA MAHA V.,Sabaragamuwa,Ratnapura
MORATOTA V.,Sabaragamuwa,Ratnapura
PANAWANNA DHARMARAMA V,Sabaragamuwa,Ratnapura
VIDYADEEPA V,Sabaragamuwa,Ratnapura
SRI ABHAYATISSA UIDYALAYA,Sabaragamuwa,Ratnapura
T.B.WEERASEKARA V.,Sabaragamuwa,Ratnapura
RATNAPURA DOMBAGASWINNA VIDYALAYA,Sabaragamuwa,Ratnapura
R/PRAGANADHEERA V.,Sabaragamuwa,Ratnapura
R/DEHENAKANDA VIDYALAYA,Sabaragamuwa,Ratnapura
BANAGODA V,Sabaragamuwa,Ratnapura
THAKSHILA MODEL PRIMARY SCHOOL,Sabaragamuwa,Ratnapura
POTHTHAKANDA V.,Sabaragamuwa,Ratnapura
R/WEWELWATHTHA V.,Sabaragamuwa,Ratnapura
HETTIKANDA V,Sabaragamuwa,Ratnapura
R/SRI BODHI VIDYALAYA,Sabaragamuwa,Ratnapura
UDATHULA V.,Sabaragamuwa,Ratnapura
R/SRI ANANDA V.,Sabaragamuwa,Ratnapura
PAKNKNARATHANA V.,Sabaragamuwa,Ratnapura
BOPITIYA V,Sabaragamuwa,Ratnapura
SRI BUDDHA JAYANTHI M.M.V.,Sabaragamuwa,Ratnapura
SRI SHARIPUTHRA M.V.,Sabaragamuwa,Ratnapura
UDAGAMA M.V.,Sabaragamuwa,Ratnapura
MORAHELA BANDARANAYAKA M.V.,Sabaragamuwa,Ratnapura
RATHMALAWINNA M.V.,Sabaragamuwa,Ratnapura
BELIHULOYA DAMMARATHANA M.V.,Sabaragamuwa,Ratnapura
ATAWAKWALA SRI RATHANAPALA V.,Sabaragamuwa,Ratnapura
IHALAGALAGAMA V.,Sabaragamuwa,Ratnapura
EGODA WALEBODA V.,Sabaragamuwa,Ratnapura
GETAARALUVA V.,Sabaragamuwa,Ratnapura
GURUBAWILA.V,Sabaragamuwa,Ratnapura
PUWAKGAHAWELA.V.,Sabaragamuwa,Ratnapura
MADDEGAMA SIRI PIYARATHANA V.,Sabaragamuwa,Ratnapura
NELLIWALA V.,Sabaragamuwa,Ratnapura
HATHARABAGE V.,Sabaragamuwa,Ratnapura
HITUWALA DHARMASENA V.,Sabaragamuwa,Ratnapura
KEERAPATHDENIYA V.,Sabaragamuwa,Ratnapura
MEGODA WALEBODA V.,Sabaragamuwa,Ratnapura
SHASTRALANKARA V.,Sabaragamuwa,Ratnapura
IBMULPE USBIM VIYAPARA V.,Sabaragamuwa,Ratnapura
UDAGAMA P.V.,Sabaragamuwa,Ratnapura
ULUPITIYA V.,Sabaragamuwa,Ratnapura
KARAGASTHALAWA M.V.,Sabaragamuwa,Ratnapura
KUMBALMULLA V.,Sabaragamuwa,Ratnapura
PALLEWELA GAMINI V..,Sabaragamuwa,Ratnapura
MADDEGAMA MAYADUNNA V.,Sabaragamuwa,Ratnapura
MAMALGAHA V.,Sabaragamuwa,Ratnapura
MUTHTHETTUWEGAMA V.,Sabaragamuwa,Ratnapura
MORAHALA P.V.,Sabaragamuwa,Ratnapura
DENAGAMA V.,Sabaragamuwa,Ratnapura
LANDUYAYA V.,Sabaragamuwa,Ratnapura
SRI SUMANADEVA V.,Sabaragamuwa,Ratnapura
THORAWELAKANDA V.,Sabaragamuwa,Ratnapura
BALANGODA ANANDA MAITHRIYA M.M.V.,Sabaragamuwa,Ratnapura
ELLEPOLA M.V.,Sabaragamuwa,Ratnapura
MEDDEKANDA M.V.,Sabaragamuwa,Ratnapura
DAMAHANA M.V.,Sabaragamuwa,Ratnapura
ST.AGNAS B.M.V.,Sabaragamuwa,Ratnapura
BALANGODA VIDYALOKA M.V.,Sabaragamuwa,Ratnapura
KATHOTA ROHANA V.,Sabaragamuwa,Ratnapura
MEDABEDDA KAWANTHISSA V.,Sabaragamuwa,Ratnapura
KALTHOTA DAKUNU IWURA V.,Sabaragamuwa,Ratnapura
HOPEWELL V.,Sabaragamuwa,Ratnapura
GODAKUMBURA IMBULAMURA V.,Sabaragamuwa,Ratnapura
BALANGODA KUMARA V.,Sabaragamuwa,Ratnapura
BULATHGAMA V.,Sabaragamuwa,Ratnapura
BOWATHTHA V.,Sabaragamuwa,Ratnapura
MASSENNA SRI WAJIRAGNANA V.,Sabaragamuwa,Ratnapura
RASSAGALA V.,Sabaragamuwa,Ratnapura
WATAWALA V.,Sabaragamuwa,Ratnapura
SRI NARADA M.V.,Sabaragamuwa,Ratnapura
GAWARANHENA V.,Sabaragamuwa,Ratnapura
MADABEDDA M.V.,Sabaragamuwa,Ratnapura
MULGAMA V.,Sabaragamuwa,Ratnapura
MOLAMURA V.,Sabaragamuwa,Ratnapura
WELIPATHAYAYA M.V.,Sabaragamuwa,Ratnapura
DIYAVINNA V.,Sabaragamuwa,Ratnapura
WELANGE V.,Sabaragamuwa,Ratnapura
KIRIMATITANNA V.,Sabaragamuwa,Ratnapura
PETTIGALA V.,Sabaragamuwa,Ratnapura
KAHATAPITIYA HAPUGAHAKUMBURA V.,Sabaragamuwa,Ratnapura
MAHAWALATHENNA V.,Sabaragamuwa,Ratnapura
MAWELA V.,Sabaragamuwa,Ratnapura
THANJANTHENNA V.,Sabaragamuwa,Ratnapura
RAJAWAKA V.,Sabaragamuwa,Ratnapura
SAMANPURA SIDDHARTHA V.,Sabaragamuwa,Ratnapura
THALANGAMA V.,Sabaragamuwa,Ratnapura
KOONGHAMANKADA V.,Sabaragamuwa,Ratnapura
SAMANALAWATHTHA V.,Sabaragamuwa,Ratnapura
R/EMB/RAHULA NATIONAL SCHOOL,Sabaragamuwa,Ratnapura
R/EMB/RATHNALOKA MAHA VIDYALAYA,Sabaragamuwa,Ratnapura
R/EMB/KULARATHNACENTRAL COLLEGE,Sabaragamuwa,Ratnapura
R/EMB/MADAMPE VIJAYA MAHA VIDYALAYA,Sabaragamuwa,Ratnapura
R/EMB/HIRAMADAGAMA MAHA VIDYALAYA,Sabaragamuwa,Ratnapura
R/EMB/BIBILEGAMA MAHA VIDYALAYA,Sabaragamuwa,Ratnapura
R/EMB/ALPITIYA SRI SIDDHARTHA MAHA VIDYALAYA,Sabaragamuwa,Ratnapura
R/EMB/KOTAKETHANA VIDYALAYA,Sabaragamuwa,Ratnapura
R/EMB/PANAWALA VIDYALAYA,Sabaragamuwa,Ratnapura
R/EMB/PELAWATHTHA VIDYALAYA,Sabaragamuwa,Ratnapura
MUTHTHETTUPOLA V.,Sabaragamuwa,Ratnapura
R/EMB/DEMUWATHA VIDYALAYA,Sabaragamuwa,Ratnapura
R/EMB/NIYANGAMA VIDYALAYA,Sabaragamuwa,Ratnapura
R/EMB/YAHALEWELA VIDYALAYA,Sabaragamuwa,Ratnapura
R/EMB/WELKENIYAYA SRI DHARMASENA VIDYALAYA,Sabaragamuwa,Ratnapura
R/EMB/WERALUGAHAMULA VIDYALAYA,Sabaragamuwa,Ratnapura
R/EMB/WERAHERA DHARMAVIJAYA VIDYALAYA,Sabaragamuwa,Ratnapura
R/EMB/PINNAKANDA VIDYALAYA,Sabaragamuwa,Ratnapura
R/EMB/BALAVINNA MAHA VIDYALAYA,Sabaragamuwa,Ratnapura
R/EMB/GANCODA VIDYALAYA,Sabaragamuwa,Ratnapura
R/EMB/ST ANTHONY'S VIDYALAYA,Sabaragamuwa,Ratnapura
R/EMB/WARAYAYA VIDYALAYA,Sabaragamuwa,Ratnapura
R/EMB/POLGAHAWATTA VIDYALAYA,Sabaragamuwa,Ratnapura
R/EMB/AGAREGAMA VIDYALAYA,Sabaragamuwa,Ratnapura
R/EMB/KANDAPOLA VIDYALAYA,Sabaragamuwa,Ratnapura
R/EMB/WETHTHILAKANDA VIDYALAYA,Sabaragamuwa,Ratnapura
R/EMB/UTHUMPULLIGODA VIDYALAYA,Sabaragamuwa,Ratnapura
R/EMB/MAHAGAMA VIDYALAYA,Sabaragamuwa,Ratnapura
R/EMB/THABAGAMUWA NEW SCHOOL,Sabaragamuwa,Ratnapura
VIDYAKARA M.V.,Sabaragamuwa,Ratnapura
SRI WALAGAMBA M.V.,Sabaragamuwa,Ratnapura
HUNUWALA DHARMARAJA M.V.,Sabaragamuwa,Ratnapura
SRI WAJIRAWANSA M.V.,Sabaragamuwa,Ratnapura
PALLEKANDA M.V.,Sabaragamuwa,Ratnapura
RANWALA M.V.,Sabaragamuwa,Ratnapura
UDARANWALA V.,Sabaragamuwa,Ratnapura
URAWALA V.,Sabaragamuwa,Ratnapura
HATANGALA V.,Sabaragamuwa,Ratnapura
R/EMB/MAKANDURA VIDYALAYA,Sabaragamuwa,Ratnapura
WEERASEKARA V.,Sabaragamuwa,Ratnapura
MAHAOMARA V.,Sabaragamuwa,Ratnapura
DANDENIYA V.,Sabaragamuwa,Ratnapura
HATHTHELLA V.,Sabaragamuwa,Ratnapura
KOONGASTHANNA M.V.,Sabaragamuwa,Ratnapura
UDAWELA M.V.,Sabaragamuwa,Ratnapura
GALHIRA V.,Sabaragamuwa,Ratnapura
R/EMB/DIMBULWALA VIDYALAYA,Sabaragamuwa,Ratnapura
SRI WIMALAWANSHA V.,Sabaragamuwa,Ratnapura
WELANGEPOLA V.,Sabaragamuwa,Ratnapura
AKRELLA V.,Sabaragamuwa,Ratnapura
PELENDAKANDA V.,Sabaragamuwa,Ratnapura
MATIHAKWALA V.,Sabaragamuwa,Ratnapura
PARAGAHAMADITHTHA V.,Sabaragamuwa,Ratnapura
HUNUWALA NORTH V.,Sabaragamuwa,Ratnapura
YATIPASGAMUWA V.,Sabaragamuwa,Ratnapura
GALPAYA V.,Sabaragamuwa,Ratnapura
BATADURA V.,Sabaragamuwa,Ratnapura
MEDAGANOYA SRI DHAMMASENA V.,Sabaragamuwa,Ratnapura
PINNAGALAKANDA V.,Sabaragamuwa,Ratnapura
NARISSA V.,Sabaragamuwa,Ratnapura
GALKANDA V.,Sabaragamuwa,Ratnapura
HANDAGIRIYA V.,Sabaragamuwa,Ratnapura
KARAWITA NATIONAL S,Sabaragamuwa,Ratnapura
KAHAWATTA MADYA MAHA VIDYALAYA,Sabaragamuwa,Ratnapura
GABBELA MAHA VIDYALAYA,Sabaragamuwa,Ratnapura
WATAPOTHA M.V.,Sabaragamuwa,Ratnapura
GODAKUMBURA MIYANAVITA MAHA VIDYALAYA,Sabaragamuwa,Ratnapura
MADALAGAMA MAHA VIDYALAYA,Sabaragamuwa,Ratnapura
GAJANAYAKA MAHA VIDYALAYA,Sabaragamuwa,Ratnapura
ELAPATHA M.V.,Sabaragamuwa,Ratnapura
R/KARANGODA MAHA VIDYALAYA,Sabaragamuwa,Ratnapura
SUMANA CENTRAL C,Sabaragamuwa,Ratnapura
R/HUNGAMUWA SRI RATHNODAYA,Sabaragamuwa,Ratnapura
DELA M.V.,Sabaragamuwa,Ratnapura
DELWALA M.V.,Sabaragamuwa,Ratnapura
PEBOTUWA M.V.,Sabaragamuwa,Ratnapura
HOUPE NAWALAKANDA MAHA VIDYALAYA,Sabaragamuwa,Ratnapura
R/DIMIYAWA MAHA VIDYALAYA,Sabaragamuwa,Ratnapura
KALALELLA MAHA VIDYALAYA,Sabaragamuwa,Ratnapura
COLOMBAGAMA MAHANAMA M.V.,Sabaragamuwa,Ratnapura
PANNILA VIDYALAYA,Sabaragamuwa,Ratnapura
PANAPITIYA VIDYALAYA,Sabaragamuwa,Ratnapura
BUNGIRIYA VIDYALAYA,Sabaragamuwa,Ratnapura
MADALAGAMA JANAPADA VIDYALAYA,Sabaragamuwa,Ratnapura
NILMINIPURA V,Sabaragamuwa,Ratnapura
UDA DELWALA RIDEE ELLA V,Sabaragamuwa,Ratnapura
YAINNA VIDYALAYA,Sabaragamuwa,Ratnapura
PILANA VIDYALAYA,Sabaragamuwa,Ratnapura
ERABADDA V,Sabaragamuwa,Ratnapura
R/KEHELOVITYGAMA VIDYALAYA,Sabaragamuwa,Ratnapura
PATHAKADA V,Sabaragamuwa,Ratnapura
R/DAMBULUWANA VIDYALAYA,Sabaragamuwa,Ratnapura
D0LOSWALA KANDA V,Sabaragamuwa,Ratnapura
WATHTHAHENA V,Sabaragamuwa,Ratnapura
HALKADALIYA V,Sabaragamuwa,Ratnapura
R/HALDOLA VIDYALAYA,Sabaragamuwa,Ratnapura
KIRIBATHGALA V,Sabaragamuwa,Ratnapura
ATAKALANPANNA VIDYALAYA,Sabaragamuwa,Ratnapura
DOLOSWALA SADDANANDA V,Sabaragamuwa,Ratnapura
LIYANEKKANAD VIDAYALAYA,Sabaragamuwa,Ratnapura
KAHAWATTA PRIMARY SCHOOL,Sabaragamuwa,Ratnapura
NAHALWATHURA VIDYALAYA,Sabaragamuwa,Ratnapura
YATAGARA VIDYALAYA,Sabaragamuwa,Ratnapura
HORAHINELLA SUMANA VIDYALAYA,Sabaragamuwa,Ratnapura
KARAWITA PRIMARY SCHOOL,Sabaragamuwa,Ratnapura
R/GAGULVITIYA VIDYALAYA,Sabaragamuwa,Ratnapura
R/LOKADENIYA VIDYALAYA,Sabaragamuwa,Ratnapura
YAKDEHIWATHTHA V,Sabaragamuwa,Ratnapura
R/WATHUPITIYA VIDYALAYA,Sabaragamuwa,Ratnapura
KIRANODAGAMA VIDYALAYA,Sabaragamuwa,Ratnapura
ENDANA VIDYALAYA,Sabaragamuwa,Ratnapura
AYAGAMA SRI RSHULA M.V.,Sabaragamuwa,Ratnapura
DUMBARA M.V.,Sabaragamuwa,Ratnapura
R/PALAWELA SRI RATHNAKARA MAHA VIDYALAYA,Sabaragamuwa,Ratnapura
GAWARAGIRIYA M.V.,Sabaragamuwa,Ratnapura
R/UDUGALA V.,Sabaragamuwa,Ratnapura
KETEPOLA V.,Sabaragamuwa,Ratnapura
GALATHURA M.V.,Sabaragamuwa,Ratnapura
GAMIKKANADA V.,Sabaragamuwa,Ratnapura
PALLEKADA V.,Sabaragamuwa,Ratnapura
PIMBURA V.,Sabaragamuwa,Ratnapura
MADABADDARA PARAKKRAMA V.,Sabaragamuwa,Ratnapura
DUMBARA MANANA M.V.,Sabaragamuwa,Ratnapura
SINHALAGODA V.,Sabaragamuwa,Ratnapura
AYAGAMA JANAPADA V.,Sabaragamuwa,Ratnapura
R/NIRIELLA PUGNGNANANDA VIDYALAYA,Sabaragamuwa,Ratnapura
VITHANAGAMA V.,Sabaragamuwa,Ratnapura
KUTTIKANDA V.,Sabaragamuwa,Ratnapura
GENDAGALAV.,Sabaragamuwa,Ratnapura
NIKAGADA SEELARATHANA V.,Sabaragamuwa,Ratnapura
HANDUKANDA V.,Sabaragamuwa,Ratnapura
R/WERAGAMA SRI SUNANDA VIDYALAYA,Sabaragamuwa,Ratnapura
R KOTTEGODA VIDYALAYA,Sabaragamuwa,Ratnapura
KALAWANA GAMINI M.M.V.,Sabaragamuwa,Ratnapura
KALAWANA NATIONAL SCHOOL,Sabaragamuwa,Ratnapura
RAMBUKA MAHA VIDDAYALAYA,Sabaragamuwa,Ratnapura
WEDDAGALA SOUTH MAHA VIDDAYALAYA,Sabaragamuwa,Ratnapura
KAJUGASWATHTHA VIDDAYALAYA,Sabaragamuwa,Ratnapura
PANAPOLA VIDDAYALAYA,Sabaragamuwa,Ratnapura
SAMANPURA MODEL PRIMARY SCHOOL,Sabaragamuwa,Ratnapura
POTHUPITIYA MAHA VIDDAYALAYA,Sabaragamuwa,Ratnapura
DELGODA JANAPADA VIDDAYALAYA,Sabaragamuwa,Ratnapura
KALAWANA MODEL PRIMARY SCHOOL,Sabaragamuwa,Ratnapura
WEWELKADURA VIDDAYALAYA,Sabaragamuwa,Ratnapura
WATHURAWA JANAPADA VIDDAYALAYA,Sabaragamuwa,Ratnapura
MEEPAGAMA VIDDAYALA,Sabaragamuwa,Ratnapura
MEEPAGAMA JAYANTHI MAHA VIDYALAYA,Sabaragamuwa,Ratnapura
NAWALAKANDA VIDDAYALAYA,Sabaragamuwa,Ratnapura
WEDDAGALA NORTH VIDDAYALAYA,Sabaragamuwa,Ratnapura
GALAWATHTHA PUNARTHANA VIDDAYALAYA,Sabaragamuwa,Ratnapura
ILUBAKANDA NEW PRIMARY SCHOOL,Sabaragamuwa,Ratnapura
KUKULEGAMA V,Sabaragamuwa,Ratnapura
KUDUMEERIYA VIDDAYALAYA,Sabaragamuwa,Ratnapura
KOSGULANA VIDDAYALAYA,Sabaragamuwa,Ratnapura
KOPIKEELLA VIDDAYALAYA,Sabaragamuwa,Ratnapura
GANGALAGAMUWA VIDDAYALA,Sabaragamuwa,Ratnapura
PITIGALAKANDA VIDDAYALAYA,Sabaragamuwa,Ratnapura
THANABELA MAHAWILAHENA VIDDAYALAYA,Sabaragamuwa,Ratnapura
DELGODA VIDDAYALAYA,Sabaragamuwa,Ratnapura
WEDDAGALA KUDAWA VIDDAYALAYA,Sabaragamuwa,Ratnapura
WEWAGAMA VIDDAYALAYA,Sabaragamuwa,Ratnapura
KALAWANA ROYAL PRIMARY SCHOOL,Sabaragamuwa,Ratnapura
KODIPPILIKANDA VIDAYALAYA,Sabaragamuwa,Ratnapura
PEDIKANDA JANAPADA VIDDAYALAYA,Sabaragamuwa,Ratnapura
R/EMB/KOLONNA NATIONAL SCHOOL.,Sabaragamuwa,Ratnapura
R/EMB/WIJERIYA SUMANA MAHA VIDYALAYA,Sabaragamuwa,Ratnapura
R/EMB/KELLA MAHA VIDYALAYA,Sabaragamuwa,Ratnapura
R/EMB/PANAMURA MAHA VIDYALAYA,Sabaragamuwa,Ratnapura
R/EMB/ITTAKANDA SINHARAJA M.V.,Sabaragamuwa,Ratnapura
R/EMB/KUMBURUGAMUWAMAHAVIDYALAYA,Sabaragamuwa,Ratnapura
R/EMB/OMALPE MAHA VIDYALAYA,Sabaragamuwa,Ratnapura
R/EMB/GODAWELA MAHA VIDYALAYA,Sabaragamuwa,Ratnapura
R EMB BUTHKANDA VIDYALAYA,Sabaragamuwa,Ratnapura
R EMB THALAGAHAWATHTHA GAMINI VIDYALAYA,Sabaragamuwa,Ratnapura
R/EMB/NEDOLAKANDA VIDYALAYA,Sabaragamuwa,Ratnapura
R/EMB/WALALGODA VIDYALAYA,Sabaragamuwa,Ratnapura
R/EMB/HELAUDAKANDA VIDYALAYA,Sabaragamuwa,Ratnapura
R/EMB/MULNDIYAWALA MAHA VIDYALAYA,Sabaragamuwa,Ratnapura
R/EMB/BULUTHOTA VIDYALAYA,Sabaragamuwa,Ratnapura
R/EMB/WEERABA MODEL SCHOOL,Sabaragamuwa,Ratnapura
R/EMB/DORAPANE MAHA VIDYALAYA,Sabaragamuwa,Ratnapura
R/EMB/KOPPAKANDA VIDYALAYA,Sabaragamuwa,Ratnapura
R/EMB/DIYAPOTA VIDYALAYA,Sabaragamuwa,Ratnapura
R/EMB/JANDURAMAHA VIDYALAYA,Sabaragamuwa,Ratnapura
R EMB PITAKANDA VIDYALAYA,Sabaragamuwa,Ratnapura
R/EMB/ULLINDUWAWA VIDYALAYA,Sabaragamuwa,Ratnapura
R EMB EREPORUWA VIDYALAYA,Sabaragamuwa,Ratnapura
R/EMB/KALUGALA SRI HEMAGIRI VIDYALAYA,Sabaragamuwa,Ratnapura
R/EMB/MADUWANWELA SRI SARANANDA VIDYALAYA,Sabaragamuwa,Ratnapura
R/EMB/MIYANAKOLADENIYA VIDYALAYA,Sabaragamuwa,Ratnapura
R/EMB/DADAYAMKANDA VIDYALAYA,Sabaragamuwa,Ratnapura
R/EMB/DAMBEMADA VIDYALAYA,Sabaragamuwa,Ratnapura
R/EMB/DEMATAKETIYA VIDYALAYA,Sabaragamuwa,Ratnapura
R/EMB/YAKMADITHTHA VIDYALAYA,Sabaragamuwa,Ratnapura
R/EMB/WAWLAPANA VIDYALAYA,Sabaragamuwa,Ratnapura
R EMB HENAGGEGODA VIDYALAYA,Sabaragamuwa,Ratnapura
R/EMB/KARAGAHAYAYA VIDYALAYA,Sabaragamuwa,Ratnapura
R/EMB/EMBILIPITIYA MAHA VIDYALAYA,Sabaragamuwa,Ratnapura
R/EMB/PRESIDENT COLLEGE,Sabaragamuwa,Ratnapura
R/EMB/KOLAMBAGEARA M.V.,Sabaragamuwa,Ratnapura
R EMB CHANDRIKAWEWA JAYANTHI MAHA VIDYALAYA,Sabaragamuwa,Ratnapura
R EMB PALLEBEDDA M.V.,Sabaragamuwa,Ratnapura
R EMB THUNKAMA MAHA VIDYALA,Sabaragamuwa,Ratnapura
R EMB UDAWALAWA MAHA VIDYALAYA,Sabaragamuwa,Ratnapura
R EMB MORKETIYA M.V.,Sabaragamuwa,Ratnapura
R EMB KARAVILAYAYA VIDYALAYA,Sabaragamuwa,Ratnapura
R/EMB/KOSWATIYA VIDYALAYA,Sabaragamuwa,Ratnapura
R/EMB/GAGEYAYAVIDYALAYA,Sabaragamuwa,Ratnapura
R/EMB/PADALANGALA VIDYALAYA,Sabaragamuwa,Ratnapura
R/EMB/PANAHADUWA VIDYALAYA,Sabaragamuwa,Ratnapura
R/EMB/THERAPUTHTHA VIDYALAYA,Sabaragamuwa,Ratnapura
R EMB MADUWANWELA JANAPADA VIDYALAYA,Sabaragamuwa,Ratnapura
R/EMB/THIBOLKETIYA VIDYALAYA,Sabaragamuwa,Ratnapura
R/EMB/THORAKOLAYAYA MAHA VIDYALAYA,Sabaragamuwa,Ratnapura
R/EMB/RANCHAMADAMA VIDYALAYA,Sabaragamuwa,Ratnapura
R/EMB/HALMILLAKETIYA MAHA VIDYALAYA,Sabaragamuwa,Ratnapura
R/EMB/ANDOLUWA VIDYALAYA,Sabaragamuwa,Ratnapura
R/EMB/URUPERESSA VIDYALAYA,Sabaragamuwa,Ratnapura
R/EMB/KACHCHIGALA VIDYALAYA,Sabaragamuwa,Ratnapura
R/EMB/WALAWANADEE VIDYALAYA,Sabaragamuwa,Ratnapura
R/EMB/MIRISWELPOTHA VIDYALAYA,Sabaragamuwa,Ratnapura
R/EMB/MODARAWANA VIDYALAYA,Sabaragamuwa,Ratnapura
R/EMB/NINDAGAMPELESSA VIDYALAYA,Sabaragamuwa,Ratnapura
R/EMB/KETAGALLARA VIDYALAYA,Sabaragamuwa,Ratnapura
R/EMB/BULATHWALKANDA VIDYALAYA,Sabaragamuwa,Ratnapura
R/EMB/THITTAWELPATHA VIDYALAYA,Sabaragamuwa,Ratnapura
R/EMB/SRI GUNARATHNA VIDYALAYA,Sabaragamuwa,Ratnapura
R/EMB/SIRISAGABO VIDYALAYA,Sabaragamuwa,Ratnapura
R/EMB/KANABEDIARA VDYALAYA,Sabaragamuwa,Ratnapura
DUMBARA NO 2 T.V.,Sabaragamuwa,Ratnapura
DUMABARA NO 01 T.V.,Sabaragamuwa,Ratnapura
R/NIRIELLA TAMIL VIDYALAYA,Sabaragamuwa,Ratnapura
R/PALAWELA TAMIL VIDYALYA,Sabaragamuwa,Ratnapura
MADABADDARA T.V.,Sabaragamuwa,Ratnapura
MATUWAGALA T.V.,Sabaragamuwa,Ratnapura
PUSSELLA TAMIL V.,Sabaragamuwa,Ratnapura
AL AQSA MUSLIM M.V.,Sabaragamuwa,Ratnapura
R/MORAGALA TAMIL V.,Sabaragamuwa,Ratnapura
DURUMPITIYA T.V.,Sabaragamuwa,Ratnapura
GETAHATHTHA T.V.,Sabaragamuwa,Ratnapura
AMUNUTHENNA T.V,Sabaragamuwa,Ratnapura
PORONUWA TAMIL V.,Sabaragamuwa,Ratnapura
R/BOPETHTHA T.V.,Sabaragamuwa,Ratnapura
LANSDOWNE T.V.,Sabaragamuwa,Ratnapura
R/SRI WICKNESHWARA VIDYALAYA,Sabaragamuwa,Ratnapura
WEWELWATTA T.V.,Sabaragamuwa,Ratnapura
WELLAWALA MUKALANA T.V.,Sabaragamuwa,Ratnapura
RATNAPURA LELLOPITIYA TAMIL VIDYALAYA,Sabaragamuwa,Ratnapura
"KALAIMAGAL T.V,",Sabaragamuwa,Ratnapura
DELA T.M.V.,Sabaragamuwa,Ratnapura
R/MILLAVITIYA TAMIL VIDYALAYA,Sabaragamuwa,Ratnapura
R/RAMBUKKANDA TAMIL VIDYALAYA,Sabaragamuwa,Ratnapura
N0RAGALLA TV,Sabaragamuwa,Ratnapura
BRIGHTON TV,Sabaragamuwa,Ratnapura
KIRIBATHGALA TV,Sabaragamuwa,Ratnapura
PARAWATTA TV,Sabaragamuwa,Ratnapura
DOLOSWALA BARATHI TV,Sabaragamuwa,Ratnapura
COLOMBAGAMA TV,Sabaragamuwa,Ratnapura
HOUPE TAMIL VIDYALAYA,Sabaragamuwa,Ratnapura
ENDANA NO.1 TAMIL VIDYALAYA,Sabaragamuwa,Ratnapura
R PARAKETIYA TAMIL VIDYALAYA,Sabaragamuwa,Ratnapura
N.MEENATCHIYAMMAL TAMIL VIDYALAYA,Sabaragamuwa,Ratnapura
RATNAPURA TAMIL MAHA VIDYALAYA,Sabaragamuwa,Ratnapura
AL-MACKIYA MUSLIM M.V.,Sabaragamuwa,Ratnapura
HIDELLANA T.V.,Sabaragamuwa,Ratnapura
ST.JOACHIM T.V.,Sabaragamuwa,Ratnapura
NEW MAHAWALA T.V.,Sabaragamuwa,Ratnapura
KERERAGALA TAMIL V.,Sabaragamuwa,Ratnapura
HEDGEFIELD V,Sabaragamuwa,Ratnapura
R/ALUPOLA TAMIL VIDYALAYA,Sabaragamuwa,Ratnapura
R/GALABADA TAMIL VIDYALAYA,Sabaragamuwa,Ratnapura
NIVITHIGALA TV,Sabaragamuwa,Ratnapura
RATHGANGA T.V,Sabaragamuwa,Ratnapura
ERABADDA TV,Sabaragamuwa,Ratnapura
SRI VALLUWAR T.V.,Sabaragamuwa,Ratnapura
R/EMB/ST.JOHN'S TAMIL MAHA VIDYALAYA,Sabaragamuwa,Ratnapura
R/EMB/ASSALAM MUSLIM MAHA VIDYALAYA,Sabaragamuwa,Ratnapura
R/EMB/SPRINGWOOD TAMIL VIDYALAYA,Sabaragamuwa,Ratnapura
R EMB OPATHA NO 01 TAMIL VIDYALAYA,Sabaragamuwa,Ratnapura
R/EMB/OPATHA NO. 2 TAMIL VIDYALAYA,Sabaragamuwa,Ratnapura
R/EMB/OPATA NO.03T.V.,Sabaragamuwa,Ratnapura
R/EMB/MADAMPE NO 01 T.V.,Sabaragamuwa,Ratnapura
R/EMB/MADAMPE NO:02 TAMIL VIDYALAYA,Sabaragamuwa,Ratnapura
R EMB PALMCOTTA TAMIL SCHOOL,Sabaragamuwa,Ratnapura
R EMB HORAMULA TAMIL VIDYALA,Sabaragamuwa,Ratnapura
PANANA TAMIL V.,Sabaragamuwa,Ratnapura
R EMB NAVINNA TAMIL VIDYALAYA,Sabaragamuwa,Ratnapura
AKKARELLA TAMIL V.,Sabaragamuwa,Ratnapura
HALLINNA TAMIL V.,Sabaragamuwa,Ratnapura
HUNUWELA TAMIL V.,Sabaragamuwa,Ratnapura
JAILANI MUS M.V.,Sabaragamuwa,Ratnapura
KANAGANAYAGAM TAMIL M.V.,Sabaragamuwa,Ratnapura
C.C.TAMIL.M.V.,Sabaragamuwa,Ratnapura
HINDU TAMIL M.V.,Sabaragamuwa,Ratnapura
PETTIGALA TAMIL V.,Sabaragamuwa,Ratnapura
PINNAWALA TAMIL M.V.,Sabaragamuwa,Ratnapura
MADDEKANDA TAMIL V.,Sabaragamuwa,Ratnapura
RASSAGALA TAMIL V.,Sabaragamuwa,Ratnapura
DENAGAMA TAMIL V.,Sabaragamuwa,Ratnapura
DETHANAGALA TAMIL V.,Sabaragamuwa,Ratnapura
CECILTON TAMIL V.,Sabaragamuwa,Ratnapura
PAMBAGOLLA TAMIL V.,Sabaragamuwa,Ratnapura
WALEBODA TAMIL.V.,Sabaragamuwa,Ratnapura
HERAMITIGALA TAMIL V.,Sabaragamuwa,Ratnapura
WALAWE TAMIL V.,Sabaragamuwa,Ratnapura
WELEKUMBURA TAMIL V.,Sabaragamuwa,Ratnapura
VIVEGANANDA V.,Sabaragamuwa,Ratnapura
WIKILIYA TAMIL V.,Sabaragamuwa,Ratnapura
DEPDEEN TAMIL SCHOOL,Sabaragamuwa,Ratnapura
R/EMB/LANLABERIYA TAMIL SCHOOL,Sabaragamuwa,Ratnapura
R/EMB/AIGBURTH TAMIL MAHA VIDYALAYA,Sabaragamuwa,Ratnapura
SHRI KRISHNA MAHA VIDYALAYA,Sabaragamuwa,Ratnapura
KALALELLA TAMIL VIDYALAYA,Sabaragamuwa,Ratnapura
WELLANDHURA TAMIL VIDYALAYA,Sabaragamuwa,Ratnapura
DALUGGALA TAMIL VIDYALAYA,Sabaragamuwa,Ratnapura
NEELAGAMA T.V.,Sabaragamuwa,Ratnapura
RILHENA TAMIL V.,Sabaragamuwa,Ratnapura
"PELMADULLA NO:1 , TAMIL V.",Sabaragamuwa,Ratnapura
PALUGAMPALA TAMIL V.,Sabaragamuwa,Ratnapura
R/PATHKADA TAMIL VIDYALAYA,Sabaragamuwa,Ratnapura
DENAWAKA T.V.,Sabaragamuwa,Ratnapura
KALAWANA TAMIL VIDDAYALAYA,Sabaragamuwa,Ratnapura
R/EMB/HAYES TAMIL VIDYALAYA,Sabaragamuwa,Ratnapura
R/WIJAYAKUMARATHUNGA VIDYALAYA,Sabaragamuwa,Ratnapura
NAMUNUTHENNA V.,Sabaragamuwa,Ratnapura
R EMB RAHULA PRIMARY SCHOOL,Sabaragamuwa,Ratnapura
R/EMB/BODHIMALUWA VIDYALAYA,Sabaragamuwa,Ratnapura
PANAHETAGALA,Sabaragamuwa,Ratnapura
R EMB INGINIGAHAGODA VIDYALA,Sabaragamuwa,Ratnapura
R/EMB/SUDARSHANA VIDYALAYA,Sabaragamuwa,Ratnapura
R/EMB/KAWANTHISSAPURA VIDYALAYA,Sabaragamuwa,Ratnapura
R/EMB/HALMILLA ARA VIDYALAYA,Sabaragamuwa,Ratnapura
ZAHIRA V.,Sabaragamuwa,Ratnapura
R/PRINCE COLLEGE,Sabaragamuwa,Ratnapura
MADALAGAMA TAMIL VIDYALAYA,Sabaragamuwa,Ratnapura
R/EMB/GURUARAGAMA VIDYALAYA,Sabaragamuwa,Ratnapura
NIVITHIGALA SUMANA KANISHTA V,Sabaragamuwa,Ratnapura
R/EMB/HAKBELIARA VIDDYALAYA,Sabaragamuwa,Ratnapura
R/EMB/UDAWALAWA JUNIOUR SCHOOL,Sabaragamuwa,Ratnapura
R/EMB/ROYAL COLLEGE,Sabaragamuwa,Ratnapura
PELMADULLA NO.02 T.V.,Sabaragamuwa,Ratnapura
SINHALAGODA T.V.,Sabaragamuwa,Ratnapura
KAHAWATTA MUSLIM VIDYALAYA,Sabaragamuwa,Ratnapura
GAMINI PRIMARY SCHOOL,Sabaragamuwa,Ratnapura
R/EMB/WIJERIYA PRIMARY SCOOL,Sabaragamuwa,Ratnapura
VIDYAKARA P.V.,Sabaragamuwa,Ratnapura
R/ELAPATHA PRIMARY,Sabaragamuwa,Ratnapura
SRI BUDDHA JAYANTHI P.V.,Sabaragamuwa,Ratnapura
SOMADEVI P.V.,Sabaragamuwa,Ratnapura
AL MINARA V.,Sabaragamuwa,Ratnapura
DELA TPV,Sabaragamuwa,Ratnapura
R/EMB/KOLONNA PRIMARY SCHOOL,Sabaragamuwa,Ratnapura
ANANDA PRIMARY SCHOOL,Sabaragamuwa,Ratnapura
R/EMB/WEWEWATHTHA VIDYALAYA,Sabaragamuwa,Ratnapura
R/EMB/ST.JOHNS PRIMARY SCHOOL,Sabaragamuwa,Ratnapura
R/EMB/DAPANE PRIMARY SCHOOL,Sabaragamuwa,Ratnapura
R/EMB/KEHELIYAGAMA NEW MODEL PRIMARY SCHOOL,Sabaragamuwa,Ratnapura
R/EMB/SRIKHEMANANDA PRIMARY SCHOOL,Sabaragamuwa,Ratnapura
AL HIKMA MUSLIM V.,Sabaragamuwa,Ratnapura
RKALAWANA PRIMARY SCHOOL,Sabaragamuwa,Ratnapura
KARAGASTHALAWA P.V.,Sabaragamuwa,Ratnapura
NAPAWALA PRIMARY CLLEGE,Sabaragamuwa,Ratnapura
RATNAPURA TAMIL PRIMERY SCHOOL,Sabaragamuwa,Ratnapura
GAWARAGIRIYA NEW PRIMARY COLLEGE,Sabaragamuwa,Ratnapura
AYAGAMA NEW P.V.,Sabaragamuwa,Ratnapura
THAKSHILA P.V.,Sabaragamuwa,Ratnapura
COLAMBAGAMA MAHANAMA PRATHAMIKA V,Sabaragamuwa,Ratnapura
VIJAYA P.V.,Sabaragamuwa,Ratnapura
KALALELLA PRIMARY SCHOOL,Sabaragamuwa,Ratnapura
RAMBUKA PRIMARY SHOOL,Sabaragamuwa,Ratnapura
GABBELA PRIMARY SCHOOL,Sabaragamuwa,Ratnapura
R/PALAWELA RATHNAKARA PRIMARY,Sabaragamuwa,Ratnapura
PATHAGAMA PRIMARY SCHOOL,Sabaragamuwa,Ratnapura
DODAMPE PRIMARY COLLEGE,Sabaragamuwa,Ratnapura
R/SRI RAHULA PRIMARY SCHOOL,Sabaragamuwa,Ratnapura
ERAPOLA SRI MAHINDA P.V.,Sabaragamuwa,Ratnapura
RATNAPURA SIDDHARTHA PRIMARY VIDYALAYA,Sabaragamuwa,Ratnapura
WELIPATHAYAYA P.V.,Sabaragamuwa,Ratnapura
R/EMB/KUMBURUGAMUWA NEW PRIMARY SCHOOL,Sabaragamuwa,Ratnapura
KANAGANAYAGAM P.V.,Sabaragamuwa,Ratnapura
SRI NARADA P.V.,Sabaragamuwa,Ratnapura
HAUPE NAWALAKANDA PRIMARY SCHOOL,Sabaragamuwa,Ratnapura
ABAYARAJA MAHA VIDYALAYA,Sabaragamuwa,Kegalle
DOMBEPOLA K.V.,Sabaragamuwa,Kegalle
SEAFORTH SENANAYAKA VIDYALAYA,Sabaragamuwa,Kegalle
AMANAWALA GAMINI VIDYALAYA,Sabaragamuwa,Kegalle
PELAMPITIYA K.V,Sabaragamuwa,Kegalle
KANDALOYA NO 1 TAMIL VIDYALAYA,Sabaragamuwa,Kegalle
NAGASTHENNA TAMIL VIDYALAYA,Sabaragamuwa,Kegalle
WEWELTHALAWA T.V.,Sabaragamuwa,Kegalle
MALALPOLA MAHA VIDYALAYA,Sabaragamuwa,Kegalle
WEEOYA K.V.,Sabaragamuwa,Kegalle
WELIHELATHENNA K.V,Sabaragamuwa,Kegalle
GANGASIRIKUMARA K.V.,Sabaragamuwa,Kegalle
KITHU MUGUNUWALA P V,Sabaragamuwa,Kegalle
WEE OYA T.V.,Sabaragamuwa,Kegalle
POONUGALA T.V.,Sabaragamuwa,Kegalle
HALGOLLE TAMIL VIDYALAYA,Sabaragamuwa,Kegalle
KALYANI M.V.,Sabaragamuwa,Kegalle
KIRIKOHUTHENNA K.V.,Sabaragamuwa,Kegalle
MAHABAGE KANISHTA VIDYALAYA,Sabaragamuwa,Kegalle
ATHULAUDA P V,Sabaragamuwa,Kegalle
VIDYA PREDEEPA P.V.,Sabaragamuwa,Kegalle
PRABASHWARA P.V.,Sabaragamuwa,Kegalle
PARAWALATHENNA P.V.,Sabaragamuwa,Kegalle
INGOYA T.V.,Sabaragamuwa,Kegalle
INGIRIYAWATTA MAHA VIDYALAYA,Sabaragamuwa,Kegalle
GONAGAMUWA K.V.,Sabaragamuwa,Kegalle
POLPITIYA K.V.,Sabaragamuwa,Kegalle
GANEPALLA K.V.,Sabaragamuwa,Kegalle
HAKBELLAWAKA K.V.,Sabaragamuwa,Kegalle
PALLEBAGE K.V.,Sabaragamuwa,Kegalle
NELUWATHUKANDA P S,Sabaragamuwa,Kegalle
POLPITIYA P V,Sabaragamuwa,Kegalle
BEHENELLA P.V.,Sabaragamuwa,Kegalle
PALLAWATTHA P.V.,Sabaragamuwa,Kegalle
GANEPALLA T.V.,Sabaragamuwa,Kegalle
DR. N.M. PERERA M.M.V.,Sabaragamuwa,Kegalle
KABULUMULLA LAMA MITHURU MODEL SCHOOL,Sabaragamuwa,Kegalle
SIRIWARDHANA MAHA VIDYALAYA,Sabaragamuwa,Kegalle
GARAGODA SINHALA K.V.,Sabaragamuwa,Kegalle
KELANI TAMIL VIDYALAYA,Sabaragamuwa,Kegalle
ST.MARY S T.M.V.,Sabaragamuwa,Kegalle
GARAGODA MUSLIM M.V.,Sabaragamuwa,Kegalle
MAHAWILA WARAKAGODA P.V.,Sabaragamuwa,Kegalle
VIDYALOKA P.V.,Sabaragamuwa,Kegalle
DUNEDIN TAMIL V.,Sabaragamuwa,Kegalle
PANAWATTHA T.V.,Sabaragamuwa,Kegalle
LAVANT T.V.,Sabaragamuwa,Kegalle
NEW POLATAGAMA T.V.,Sabaragamuwa,Kegalle
BORALANKADA M.V.,Sabaragamuwa,Kegalle
DELLOLUWA K.V.,Sabaragamuwa,Kegalle
MEEGASTHENNA M.V.,Sabaragamuwa,Kegalle
SAPUMALKANDA P V,Sabaragamuwa,Kegalle
KATULANDA PRIMARY SCHOOL,Sabaragamuwa,Kegalle
SAPUMALKANDA TAMIL M.V.,Sabaragamuwa,Kegalle
CLUNES TAMIL VIDYALAYA,Sabaragamuwa,Kegalle
UDABAGE T.V.,Sabaragamuwa,Kegalle
DEHIOWITA NATIONAL SCHOOL,Sabaragamuwa,Kegalle
NAPAWALA DUDLEY SENANAYAKA M.V.,Sabaragamuwa,Kegalle
KAHANAWITA K.V.,Sabaragamuwa,Kegalle
DIGALA K.V.,Sabaragamuwa,Kegalle
IHALA THALDUWA K.V.,Sabaragamuwa,Kegalle
THALDUWA BAUDDHA M.V.,Sabaragamuwa,Kegalle
DAIGALA K.V.,Sabaragamuwa,Kegalle
GURUGALLA KANISTA VIDYALAYA,Sabaragamuwa,Kegalle
THALDUWA MUSLIM MAHA VIDYALAYA,Sabaragamuwa,Kegalle
NAPAWALA MUSLIM M.V.,Sabaragamuwa,Kegalle
DEHIOWITA T.M.V.,Sabaragamuwa,Kegalle
DEBEGAMA KAMBURAPOLA K.V.,Sabaragamuwa,Kegalle
KELEGAMA P.V.,Sabaragamuwa,Kegalle
EPALAPITIYA P.V.,Sabaragamuwa,Kegalle
EYLA T.V.,Sabaragamuwa,Kegalle
MAHA OYA T.V.,Sabaragamuwa,Kegalle
DENSWORTH T.V.,Sabaragamuwa,Kegalle
DIGALA T.V.,Sabaragamuwa,Kegalle
KALAIMAGAL T.V.,Sabaragamuwa,Kegalle
RANJAN WIJERATHNA M.V.,Sabaragamuwa,Kegalle
MANIYANGAMA M.V.,Sabaragamuwa,Kegalle
MURUTHTHETTUWA K.V,Sabaragamuwa,Kegalle
YOGAMA MODEL K.V.,Sabaragamuwa,Kegalle
GALABALANA KANDA K.V.,Sabaragamuwa,Kegalle
PAHALA MANIYAMGAMA P.V.,Sabaragamuwa,Kegalle
WELANGALLA KANISHTA VIDYALAYA,Sabaragamuwa,Kegalle
THALUMPITIYA P.V.,Sabaragamuwa,Kegalle
YOGAMA T.V.,Sabaragamuwa,Kegalle
HATHNAGALA T.V.,Sabaragamuwa,Kegalle
EHELIYAGODA T.V.,Sabaragamuwa,Kegalle
WELANGALLA T.V.,Sabaragamuwa,Kegalle
HINGURALAKANDA M.V.,Sabaragamuwa,Kegalle
IMBULPITIYA K.V.,Sabaragamuwa,Kegalle
PANNILA WEERASINGHE K.V.,Sabaragamuwa,Kegalle
AMBALANPITIYA M.V.,Sabaragamuwa,Kegalle
IDDAMALLENA M.V.,Sabaragamuwa,Kegalle
DANGAMPALA P.V.,Sabaragamuwa,Kegalle
THALAPITIYA P.V.,Sabaragamuwa,Kegalle
PUSPASHENA P.V.,Sabaragamuwa,Kegalle
NAHELMA T.V.,Sabaragamuwa,Kegalle
PAMBEGAMA T.V.,Sabaragamuwa,Kegalle
SRIVAANI T.V.,Sabaragamuwa,Kegalle
MANIKKANDA T V,Sabaragamuwa,Kegalle
SIRISAMAN NATIONAL SCHOOL,Sabaragamuwa,Kegalle
DERANIYAGALA MUHANDIRAM V.,Sabaragamuwa,Kegalle
AMARASINGHA K.V.,Sabaragamuwa,Kegalle
UDAPOLA K.V.,Sabaragamuwa,Kegalle
MIYANAWITA K.V.,Sabaragamuwa,Kegalle
KOSGAHAKANDA M.V.,Sabaragamuwa,Kegalle
HATHKELA K.V.,Sabaragamuwa,Kegalle
DEMADA K.V.,Sabaragamuwa,Kegalle
SRI KATHIRESAN T.M.V.,Sabaragamuwa,Kegalle
THANTHRIKKANDA P.V.,Sabaragamuwa,Kegalle
LIHINIYAGALA PRIMARY SCHOOL,Sabaragamuwa,Kegalle
SARASWATHI TAMIL M.V.,Sabaragamuwa,Kegalle
BASNAGALA M.V.,Sabaragamuwa,Kegalle
ANHETTIGAMA M.V.,Sabaragamuwa,Kegalle
NILWALA P.V.,Sabaragamuwa,Kegalle
WILAGAMA K.V.,Sabaragamuwa,Kegalle
KEERIHENA P.V.,Sabaragamuwa,Kegalle
KEHELWALA PRIMARY SCHOOL,Sabaragamuwa,Kegalle
POLGASWATTHA M.V.,Sabaragamuwa,Kegalle
DODAWATHTHA P.V.,Sabaragamuwa,Kegalle
NOORI TAMIL VIDYALAYA,Sabaragamuwa,Kegalle
LASSANAGAMA T.V.,Sabaragamuwa,Kegalle
POTHDENIKANDA M.V.,Sabaragamuwa,Kegalle
NAKKAVITA K.V.,Sabaragamuwa,Kegalle
HINGURANA K.V.,Sabaragamuwa,Kegalle
SRI DEWANANDA K.V.,Sabaragamuwa,Kegalle
MAGALA K.V,Sabaragamuwa,Kegalle
DIKELLAKANDA K.V.,Sabaragamuwa,Kegalle
YATIWALA K.V.,Sabaragamuwa,Kegalle
PANAKOORA HARADAHA P.V.,Sabaragamuwa,Kegalle
MAHAYAYA P.V.,Sabaragamuwa,Kegalle
DABAR T.V.,Sabaragamuwa,Kegalle
MALIBODA TAMIL VIDYALAYA,Sabaragamuwa,Kegalle
GETIYAMULLA GAMINI ABAYA M.V.,Sabaragamuwa,Kegalle
MALAWANA JAYANTHI V,Sabaragamuwa,Kegalle
MALWANA GOVERNMENT P.V.,Sabaragamuwa,Kegalle
AMBUWAKKA P.V,Sabaragamuwa,Kegalle
BULATHKOHUPITIYA P.V.,Sabaragamuwa,Kegalle
PINDENIYA M.M.V,Sabaragamuwa,Kegalle
IDDAMALPANA M.V.,Sabaragamuwa,Kegalle
ARUGGAMMANA M.V.,Sabaragamuwa,Kegalle
ARANDARA NEW MODEL P.V.,Sabaragamuwa,Kegalle
YATAPANA K.V,Sabaragamuwa,Kegalle
AMPE MODEL K.V,Sabaragamuwa,Kegalle
HEENWELLA K.V.,Sabaragamuwa,Kegalle
RUGGAHATHENNA P.V.,Sabaragamuwa,Kegalle
BOYAGODA K.V.,Sabaragamuwa,Kegalle
KINIGAMA P.V.,Sabaragamuwa,Kegalle
ARUGGAMMANA P.V,Sabaragamuwa,Kegalle
DEWAPPRIYA WALISINGHA P.V.,Sabaragamuwa,Kegalle
PINDENIYA T.V.,Sabaragamuwa,Kegalle
KURUNEGODA MUS.P.V,Sabaragamuwa,Kegalle
SENANAYAKA MAHA VIDDYALAYA,Sabaragamuwa,Kegalle
LENAGALA M.V,Sabaragamuwa,Kegalle
THAMBADIYA SRI SUMEDHAA V.,Sabaragamuwa,Kegalle
KIVULDENIYA MAHANAGA M.V,Sabaragamuwa,Kegalle
WELHELLA K.V.,Sabaragamuwa,Kegalle
KINIVITA K.V,Sabaragamuwa,Kegalle
WERAGALA K.V.,Sabaragamuwa,Kegalle
MALMADUWA K.V,Sabaragamuwa,Kegalle
PARADENIYA P.V.,Sabaragamuwa,Kegalle
MAKOORA P.S.,Sabaragamuwa,Kegalle
PALLEGAMA T.V,Sabaragamuwa,Kegalle
WALAGAMBA MAHA VIDYALAYA,Sabaragamuwa,Kegalle
NIYADURUPOLA M.V,Sabaragamuwa,Kegalle
KADIGAMUWA KANISHTA VIDYALAYA,Sabaragamuwa,Kegalle
K.B.RAJAPAKSHE K.V.,Sabaragamuwa,Kegalle
LEWANGAMA SRI SUMANATISSA K.V.,Sabaragamuwa,Kegalle
PALAMURE SRI MAHINDA P.V.,Sabaragamuwa,Kegalle
KITHALANGAMUWA K.V.,Sabaragamuwa,Kegalle
RABBIDIGALA P.V.,Sabaragamuwa,Kegalle
EBIDIGALA P.V.,Sabaragamuwa,Kegalle
BATUWANA K.V,Sabaragamuwa,Kegalle
PANANA T.V.,Sabaragamuwa,Kegalle
GALAPITAMADA T.V.,Sabaragamuwa,Kegalle
DUNUMALA T.V.,Sabaragamuwa,Kegalle
NIYADURUPOLA T.M.V.,Sabaragamuwa,Kegalle
WAHARAKA M.V.,Sabaragamuwa,Kegalle
LENAGALA SRI RAHULA K.V.,Sabaragamuwa,Kegalle
BASNAGODA K.V.,Sabaragamuwa,Kegalle
WAHAKULA KANISTA VIDYALAYA,Sabaragamuwa,Kegalle
MAHAKANDA K.V.,Sabaragamuwa,Kegalle
INDURANA P.V.,Sabaragamuwa,Kegalle
MORATOTA PRIMARY SCHOOL,Sabaragamuwa,Kegalle
WALAGAMPOTHA P.V.,Sabaragamuwa,Kegalle
PURANPOTHTHA P.V,Sabaragamuwa,Kegalle
MAWANELLA P.S.,Sabaragamuwa,Kegalle
SUNNY CROFT T.V.,Sabaragamuwa,Kegalle
CHESTERFORD T.V.,Sabaragamuwa,Kegalle
VINCIT TAMIL VIDYALAYA,Sabaragamuwa,Kegalle
TROY T.V.,Sabaragamuwa,Kegalle
BATUWITA M.V.,Sabaragamuwa,Kegalle
GONAGALA M.V.,Sabaragamuwa,Kegalle
AMITHIRIGALA M.V.,Sabaragamuwa,Kegalle
PALLEKANUGALA JUNIOR SECONDARY SCHOOL,Sabaragamuwa,Kegalle
MORALIYA KANISHTA VIDYALAYA,Sabaragamuwa,Kegalle
MAHEEPALA HERATH MODEL P.V.,Sabaragamuwa,Kegalle
KUDAGAMA P.V.,Sabaragamuwa,Kegalle
GONAGALA NORTH JUNIOR SCHOOL,Sabaragamuwa,Kegalle
RAJASINGHE M.M.V.,Sabaragamuwa,Kegalle
RUWANWELLA ROYAL COLLEDGE,Sabaragamuwa,Kegalle
SRI WICKRAMA K.V.,Sabaragamuwa,Kegalle
DEHI MORAWATHTHA K.V.,Sabaragamuwa,Kegalle
MAHALLA K.V.,Sabaragamuwa,Kegalle
MUDUGAMUWA K.V,Sabaragamuwa,Kegalle
HUBASWALANA K.V.,Sabaragamuwa,Kegalle
RAJASINGHA P.V.,Sabaragamuwa,Kegalle
EREPOLAMULLA PRIMARY SCHOOL,Sabaragamuwa,Kegalle
SRI KALAIVANI T.V.,Sabaragamuwa,Kegalle
ZAHIRA MUSLIM M.V.,Sabaragamuwa,Kegalle
IMBULANA SRI SENA MAHA VIDYALAYA,Sabaragamuwa,Kegalle
NIVNHELLA K.V.,Sabaragamuwa,Kegalle
PETHANGODA K.V.,Sabaragamuwa,Kegalle
RATHTHAGALA P.V.,Sabaragamuwa,Kegalle
KOTALUGODAKANDA K.V.,Sabaragamuwa,Kegalle
PANNALA M.V.,Sabaragamuwa,Kegalle
RATHNAWALI M.V.,Sabaragamuwa,Kegalle
SULAIMANIYA MUSLIM COLLGE,Sabaragamuwa,Kegalle
SRI INDARATANA K.V.,Sabaragamuwa,Kegalle
HATHAGODA SIRIWARDANA P V,Sabaragamuwa,Kegalle
IHALAGAMMADDA K.V.,Sabaragamuwa,Kegalle
HALOLUWA K.V.,Sabaragamuwa,Kegalle
KANNATTHOTA P.V.,Sabaragamuwa,Kegalle
AL AKEELA MUSLIM M.V.,Sabaragamuwa,Kegalle
SRI SEELANANDA M.V.,Sabaragamuwa,Kegalle
RANGALLA MAHA VIDYALAYA,Sabaragamuwa,Kegalle
URUMEEWALA K.V.,Sabaragamuwa,Kegalle
AMBAMALLA K.V.,Sabaragamuwa,Kegalle
WEGALLA K.V.,Sabaragamuwa,Kegalle
KNEWSMIOR LOWER K.V.,Sabaragamuwa,Kegalle
SRI GANESHA T.V.,Sabaragamuwa,Kegalle
NEVESMIAR IHALA MAHA VIDYALAYA,Sabaragamuwa,Kegalle
YATADEDERIYA TAMIL M.V.,Sabaragamuwa,Kegalle
EDURAPOLA T V,Sabaragamuwa,Kegalle
LEWELLA T V,Sabaragamuwa,Kegalle
THUNBAGE M.V.,Sabaragamuwa,Kegalle
UDUWA SRI SADDHANANDA MAHA VIDYALAYA,Sabaragamuwa,Kegalle
DEDUGALA M.V.,Sabaragamuwa,Kegalle
KEKALAPANA K.V.,Sabaragamuwa,Kegalle
NARANGALA K.V.,Sabaragamuwa,Kegalle
UDAPOTHA TISS P.V.,Sabaragamuwa,Kegalle
KALUPAHANA T.V.,Sabaragamuwa,Kegalle
ATULUGAMA MAYADUNNA M.V.,Sabaragamuwa,Kegalle
MAGAMMANA K.V.,Sabaragamuwa,Kegalle
KURUPETHTHA P.V.,Sabaragamuwa,Kegalle
ATULUGAMA P.V.,Sabaragamuwa,Kegalle
NIKAWALAMULLA P.V.,Sabaragamuwa,Kegalle
GAYATHRI T.V.,Sabaragamuwa,Kegalle
UDANVITA M.V.,Sabaragamuwa,Kegalle
DOMBEMADA K.V.,Sabaragamuwa,Kegalle
DELIWALA M.V.,Sabaragamuwa,Kegalle
DELIWALA TISSA P.V.,Sabaragamuwa,Kegalle
PUWAKMOTE DHARMAPALA M.V.,Sabaragamuwa,Kegalle
MEEDUMA SRI SUMANGALA K.V.,Sabaragamuwa,Kegalle
UDAGALADENIYA WALAGAMBA M.V.,Sabaragamuwa,Kegalle
UDUGAMA BUDDHIST P.V.,Sabaragamuwa,Kegalle
THISMALPOLA K.V.,Sabaragamuwa,Kegalle
ASHOKA M.V.,Sabaragamuwa,Kegalle
PARAKRAMA M.V.,Sabaragamuwa,Kegalle
GABBALA SIRISANGABO M.V.,Sabaragamuwa,Kegalle
WALALGODA M.V.,Sabaragamuwa,Kegalle
HEWADIWELA M.V,Sabaragamuwa,Kegalle
PITAWELA R.C.V.,Sabaragamuwa,Kegalle
KOTAWELLA K.V.,Sabaragamuwa,Kegalle
PARAPE M.V.,Sabaragamuwa,Kegalle
WALPOLA P.V.,Sabaragamuwa,Kegalle
WELIGAMUWA K.V.,Sabaragamuwa,Kegalle
KIVULPANA M.V.,Sabaragamuwa,Kegalle
MANGALAGAMA P.V.,Sabaragamuwa,Kegalle
DUNUKEWALE M.V.,Sabaragamuwa,Kegalle
PITIYEGAMA M.V.,Sabaragamuwa,Kegalle
MOLAGODA JAYAPALA M.V.,Sabaragamuwa,Kegalle
GALPOLA P.V.,Sabaragamuwa,Kegalle
MOLAGODA P.V.,Sabaragamuwa,Kegalle
HALPITIYA K.V.,Sabaragamuwa,Kegalle
PINNAWALA M.M.V.,Sabaragamuwa,Kegalle
SUJATHA K.V.,Sabaragamuwa,Kegalle
KADIGAMUWA VIDYTHILAKA K.V,Sabaragamuwa,Kegalle
MUWAPITIYA M.V.,Sabaragamuwa,Kegalle
HIRIWADUNNA M.V.,Sabaragamuwa,Kegalle
WELIKANDA P.S.,Sabaragamuwa,Kegalle
DHAROL ULOOM MUSLIM M.V.,Sabaragamuwa,Kegalle
HALAGIRIYA K.V.,Sabaragamuwa,Kegalle
KEMPITIKANDA K.V.,Sabaragamuwa,Kegalle
BADDEWELA P.V.,Sabaragamuwa,Kegalle
HENEPOLA OLCOTTE BUDDHIST K.V.,Sabaragamuwa,Kegalle
HENEPOLA R.C.P.V.,Sabaragamuwa,Kegalle
BEDDAWELA M.V.,Sabaragamuwa,Kegalle
UDUHURUWA M.V.,Sabaragamuwa,Kegalle
MAKEHELWALA K.V.,Sabaragamuwa,Kegalle
RANDIWALA M.V.,Sabaragamuwa,Kegalle
DELGAHAGODA MUS.K.V.,Sabaragamuwa,Kegalle
ZAHIRA COLLEGE,Sabaragamuwa,Kegalle
BADURIYA CENTRAL COLLEGE,Sabaragamuwa,Kegalle
BEMINIWATHTHA M.V.,Sabaragamuwa,Kegalle
MEDERIGAMA M.V,Sabaragamuwa,Kegalle
NANKURUGAMA MU P.V.,Sabaragamuwa,Kegalle
WEGANTHALE M.V.,Sabaragamuwa,Kegalle
ILUKGODA P.V.,Sabaragamuwa,Kegalle
VIDYADEEPA.M.V.,Sabaragamuwa,Kegalle
UTHUWANKANDA K.V,Sabaragamuwa,Kegalle
KOONGAMUWA P.V.,Sabaragamuwa,Kegalle
HABBUNKADUWA K.V.,Sabaragamuwa,Kegalle
MAYURAPADA M.M.V.,Sabaragamuwa,Kegalle
DANAGAMA MUS.V.,Sabaragamuwa,Kegalle
GANETHENNA M.V.,Sabaragamuwa,Kegalle
HEENATIPANA K.V.,Sabaragamuwa,Kegalle
UDAMAKADAWARA K.V.,Sabaragamuwa,Kegalle
KAHAWANDALA K.V.,Sabaragamuwa,Kegalle
MALIYADDA K.V.,Sabaragamuwa,Kegalle
BATAWALA P.V.,Sabaragamuwa,Kegalle
MANIKAWA K.V,Sabaragamuwa,Kegalle
MADEENA MAHA VIDYALAYA,Sabaragamuwa,Kegalle
DASWATHTHA M.V.,Sabaragamuwa,Kegalle
ATHTHANAGODA PANAGAMUWA K.V.,Sabaragamuwa,Kegalle
PATTAGAMA K.V.,Sabaragamuwa,Kegalle
DONATHALE SRIPARAKUM P.V.,Sabaragamuwa,Kegalle
PADEEDORA P.S.,Sabaragamuwa,Kegalle
AMBULUGALA MAHA VIDIYALAYA,Sabaragamuwa,Kegalle
GALATHARA UDUWEWALA M.V.,Sabaragamuwa,Kegalle
GALATHARA UDUWEWALA P.V.,Sabaragamuwa,Kegalle
GURUBEVILA K.V.,Sabaragamuwa,Kegalle
LAMBUTUWA P.V.,Sabaragamuwa,Kegalle
THAMMITA K.V.,Sabaragamuwa,Kegalle
EPALAWA P.S.,Sabaragamuwa,Kegalle
ASMADALA P.V.,Sabaragamuwa,Kegalle
WAKIRIGALA MAYURAPADA P.V.,Sabaragamuwa,Kegalle
MAWATHAGODA RIVISANDA M.M.V.,Sabaragamuwa,Kegalle
USSAPITIYA SRI SUMANGALA K.V.,Sabaragamuwa,Kegalle
BODIRAJA K.V.,Sabaragamuwa,Kegalle
POLAMBEGODA K.V.,Sabaragamuwa,Kegalle
ALUTHNUWARA K.V.,Sabaragamuwa,Kegalle
MALIGATHENNA P.V.,Sabaragamuwa,Kegalle
THALGAMUWA ILANGASOORIYA M.V.,Sabaragamuwa,Kegalle
UDUGALA P.S.,Sabaragamuwa,Kegalle
RUKULAGAMA PRIMARY SCHOOL,Sabaragamuwa,Kegalle
NOORANIYA M.M.V,Sabaragamuwa,Kegalle
ALPITIYA K.V.,Sabaragamuwa,Kegalle
BALAWATHGAMA M.V.,Sabaragamuwa,Kegalle
DEWI BALIKA M.V.,Sabaragamuwa,Kegalle
NAGARAGIRI M.V.,Sabaragamuwa,Kegalle
WADUWAWALA K.V.,Sabaragamuwa,Kegalle
WERAGODA SRI SIDDARTHA P.V.,Sabaragamuwa,Kegalle
DUMBULUWAWA MUS.M.V.,Sabaragamuwa,Kegalle
PALLIPORUWA MUS.V.,Sabaragamuwa,Kegalle
MADULBOWA BADHIBIYAM.M.V.,Sabaragamuwa,Kegalle
AL-AZHAR MUS.M.V.,Sabaragamuwa,Kegalle
WADIYATHENNA MUSLIM PRIMARY SCHOOL,Sabaragamuwa,Kegalle
KOTEGODA MUS.V.,Sabaragamuwa,Kegalle
PUHULHENA P.V.,Sabaragamuwa,Kegalle
KEHELPANNALA K.V.,Sabaragamuwa,Kegalle
DIPPITIYA RAJAGIRI M.V.,Sabaragamuwa,Kegalle
DIPPITIYA MUS.M.V.,Sabaragamuwa,Kegalle
HATHGAMPALA M.V.,Sabaragamuwa,Kegalle
AL-JALAL MUS.M.V.,Sabaragamuwa,Kegalle
DEBATHGAMA K.V,Sabaragamuwa,Kegalle
THALGASPITIYA MUS.M.V.,Sabaragamuwa,Kegalle
BAKULWALA K.V.,Sabaragamuwa,Kegalle
MANADEE M.V.,Sabaragamuwa,Kegalle
MANADI P.V.,Sabaragamuwa,Kegalle
D.S.SENANAYAKA K.V.,Sabaragamuwa,Kegalle
WELIMANNA SRI SUNANDA PV,Sabaragamuwa,Kegalle
RAHALA WEST K.V.,Sabaragamuwa,Kegalle
GAMUNU PRIMARY SCHOOL,Sabaragamuwa,Kegalle
RAHALA EAST K.V.,Sabaragamuwa,Kegalle
THELLEKA P.S.,Sabaragamuwa,Kegalle
AMBALAKANDA.M.V.,Sabaragamuwa,Kegalle
KANANGAMUWA RAJASINHA M.V.,Sabaragamuwa,Kegalle
MABOPIYA M.V.,Sabaragamuwa,Kegalle
HUNGANPOLA M.V.,Sabaragamuwa,Kegalle
MORADANA MAHA VIDYALAYA,Sabaragamuwa,Kegalle
GANTHUNA KANDURATA M.V.,Sabaragamuwa,Kegalle
UNDUGODA TAMIL M.V.,Sabaragamuwa,Kegalle
BELIHULWANA P.V,Sabaragamuwa,Kegalle
GANTHUNA UDAGAMA K.V.,Sabaragamuwa,Kegalle
THUMMUDUNA K.V,Sabaragamuwa,Kegalle
UNDUGODA SIDDHARTHA K.V.,Sabaragamuwa,Kegalle
NAPELLA PRIMARY V.,Sabaragamuwa,Kegalle
UDABOGALA P.V.,Sabaragamuwa,Kegalle
DOTHALUOYA P.V.,Sabaragamuwa,Kegalle
KG/MW/NARANGALA T.V.,Sabaragamuwa,Kegalle
KEHELWATHTHA M.V.,Sabaragamuwa,Kegalle
ALAPALAWALA M.V.,Sabaragamuwa,Kegalle
BOSSELLA M.V.,Sabaragamuwa,Kegalle
DAMPELGODA K.V.,Sabaragamuwa,Kegalle
ERAGAMA K.V.,Sabaragamuwa,Kegalle
WATHURA SRI LANKA P V,Sabaragamuwa,Kegalle
ERABADUPITIYA PV,Sabaragamuwa,Kegalle
WADUPOLA P.V.,Sabaragamuwa,Kegalle
BANDARANAYAKA M.V.,Sabaragamuwa,Kegalle
MEEDENIYA M.V.,Sabaragamuwa,Kegalle
DEEWELA M.V.,Sabaragamuwa,Kegalle
MINUWANGAMUWA K.V.,Sabaragamuwa,Kegalle
UDUMAGAMA P.V.,Sabaragamuwa,Kegalle
KANDAMULLA K.V.,Sabaragamuwa,Kegalle
BANDARANAYAKA K.V.,Sabaragamuwa,Kegalle
HETTIMULLA NAWA M.V.,Sabaragamuwa,Kegalle
DEEWELA UDAGAMA P.V,Sabaragamuwa,Kegalle
DEEWELA AHASLIYADDA P.V.,Sabaragamuwa,Kegalle
KARADUPONA TAMIL K.V.,Sabaragamuwa,Kegalle
KEGALU BALIKA M.V,Sabaragamuwa,Kegalle
KEGALU VIDYALAYA,Sabaragamuwa,Kegalle
SWARNAJAYANTHI M.V.,Sabaragamuwa,Kegalle
DIMBULGAMUWA K.V.,Sabaragamuwa,Kegalle
PUWAKDENIYA K.V.,Sabaragamuwa,Kegalle
UDAKARADUPONA K.V.,Sabaragamuwa,Kegalle
EKIRIYAGALA K.V.,Sabaragamuwa,Kegalle
ST.MARYS COLLEGE,Sabaragamuwa,Kegalle
ST JOSEPH'S BALIKA M.V.,Sabaragamuwa,Kegalle
KEGALLE MUSLIM M.V.,Sabaragamuwa,Kegalle
MAHANAGA M.V.,Sabaragamuwa,Kegalle
WALAGAMBA M.V.,Sabaragamuwa,Kegalle
"ST.MARY""S TAMIL M.V.",Sabaragamuwa,Kegalle
AMBANPITIYA SPECIAL M.V.,Sabaragamuwa,Kegalle
BERAGALA K.V.,Sabaragamuwa,Kegalle
PARAGAMMANA DARMAPALA K.V.,Sabaragamuwa,Kegalle
OLAGANKANDE P.V.,Sabaragamuwa,Kegalle
PUSSALLA GAMINI P.V.,Sabaragamuwa,Kegalle
AMBANPITIYA TAMIL V.,Sabaragamuwa,Kegalle
DIKELLA KANISHTA V,Sabaragamuwa,Kegalle
KURUDUHINNA P.V.,Sabaragamuwa,Kegalle
UDAMBASIYABALAPITIYA P S,Sabaragamuwa,Kegalle
GOLINDA TAMIL K.V.,Sabaragamuwa,Kegalle
GALIGAMUWA CENRTAL M.V.,Sabaragamuwa,Kegalle
BOYAGAMA M.V,Sabaragamuwa,Kegalle
ATUGODA SRI SUMANGALA K.V,Sabaragamuwa,Kegalle
KOBBEWELA KEERTHIRATHNA M.V.,Sabaragamuwa,Kegalle
DAMUNUPOLA K.V.,Sabaragamuwa,Kegalle
SIYABALAPITITA YATALATHISSA K.V,Sabaragamuwa,Kegalle
PALAPOLUWA K.V,Sabaragamuwa,Kegalle
KADIGAMUWA BAMBARAGAMA K.V.,Sabaragamuwa,Kegalle
IMBULGALA K.V.,Sabaragamuwa,Kegalle
HAKAHINNA M.V.,Sabaragamuwa,Kegalle
HAKAHINNA P.V,Sabaragamuwa,Kegalle
UDA ASIDENIYA P.V,Sabaragamuwa,Kegalle
GALIGAMUWA P.V,Sabaragamuwa,Kegalle
ATUGODA MAHABODHI P V,Sabaragamuwa,Kegalle
WADURADENIYA P.V.,Sabaragamuwa,Kegalle
DAMMALA P V,Sabaragamuwa,Kegalle
KALANNAYAKA P.V.,Sabaragamuwa,Kegalle
WALAGAMA M.V.,Sabaragamuwa,Kegalle
PANAKAWA M.V,Sabaragamuwa,Kegalle
KANDEGEDARA K.V.,Sabaragamuwa,Kegalle
AMBUWANGALA K.V.,Sabaragamuwa,Kegalle
HATHNAGODA K.V.,Sabaragamuwa,Kegalle
NAWAGAMUWA K.V.,Sabaragamuwa,Kegalle
BAMUNUGAMA MALIYADEWA K.V.,Sabaragamuwa,Kegalle
BATUWATHTHA K.V.,Sabaragamuwa,Kegalle
MAKUDDALA P.V.,Sabaragamuwa,Kegalle
WALAGAMA ROMAN CATHOLIC P.V.,Sabaragamuwa,Kegalle
EDURAPOTHA P.V,Sabaragamuwa,Kegalle
BELIGALA BODHIRAJA M.V,Sabaragamuwa,Kegalle
KAHAMBILIYAWALA M.V.,Sabaragamuwa,Kegalle
KALUGALA K.V.,Sabaragamuwa,Kegalle
SRI DHAMMAJOTHI K.V,Sabaragamuwa,Kegalle
PASPOLAKANDA K.V,Sabaragamuwa,Kegalle
HELIYAGODA P.V,Sabaragamuwa,Kegalle
VIDYAWARDANA NEW P.V.,Sabaragamuwa,Kegalle
WENIWELLAKADUWA P.V.,Sabaragamuwa,Kegalle
DEDIGAMA PERAKUMBA M.V,Sabaragamuwa,Kegalle
MORAWAKA K.V,Sabaragamuwa,Kegalle
IHALAGAMA SRI SEELARATHANA K.V.,Sabaragamuwa,Kegalle
MENIKKADAWARA K.V.,Sabaragamuwa,Kegalle
HOLOMBUWA K.V.,Sabaragamuwa,Kegalle
DEDIGAMA P.V,Sabaragamuwa,Kegalle
GASNAWA T.V,Sabaragamuwa,Kegalle
DUDLEY SENANAYAKA CENTRAL COLLAGE,Sabaragamuwa,Kegalle
AMBEPUSSA M.V.,Sabaragamuwa,Kegalle
DHARMASIRI SENANAYAKE M.V.,Sabaragamuwa,Kegalle
MAHENA K.V.,Sabaragamuwa,Kegalle
0THNAPITIYA K.V.,Sabaragamuwa,Kegalle
ILIPANGAMUWA K.V,Sabaragamuwa,Kegalle
MANGEDARA K.V,Sabaragamuwa,Kegalle
NANGALLA MU.M.V,Sabaragamuwa,Kegalle
THULHIRIYA P.V,Sabaragamuwa,Kegalle
DELGAMUWA P.V,Sabaragamuwa,Kegalle
AMBEPUSSA POSHITHARAMA P.V.,Sabaragamuwa,Kegalle
ETHNAWALA M.V.,Sabaragamuwa,Kegalle
NIWATUWA M.V.,Sabaragamuwa,Kegalle
DORAWAKA SIRINIWASA M.V.,Sabaragamuwa,Kegalle
BABUL HASSEN M.V.,Sabaragamuwa,Kegalle
BOPITIYA P.V,Sabaragamuwa,Kegalle
GANEGAMA K.V.,Sabaragamuwa,Kegalle
GAMINI M.V.,Sabaragamuwa,Kegalle
DUMMALADENIYA MUSLIM V.,Sabaragamuwa,Kegalle
BAUDDHA V.,Sabaragamuwa,Kegalle
MAINNOLUWA M.V.,Sabaragamuwa,Kegalle
DORAWAKA MAHASEN K.V,Sabaragamuwa,Kegalle
MADENIYA TAMIL V.,Sabaragamuwa,Kegalle
MADENIYA T.V.,Sabaragamuwa,Kegalle
KOHOMBADENIYA P.V.,Sabaragamuwa,Kegalle
ALGAMA M.M.V,Sabaragamuwa,Kegalle
GODAWELA SRI PRAGNANANDA M.V.,Sabaragamuwa,Kegalle
ALGAMAWATHTHA P.V.,Sabaragamuwa,Kegalle
THAMBUGALA M.V.,Sabaragamuwa,Kegalle
UDUWAKA K.V,Sabaragamuwa,Kegalle
KANDEGAMA SRI PARAKRAMA V,Sabaragamuwa,Kegalle
ALGAMA MEDAGAMA NEW MODEL P.V.,Sabaragamuwa,Kegalle
GODAWELA MUSLIM V,Sabaragamuwa,Kegalle
KALUGALA P.V.,Sabaragamuwa,Kegalle
DEHIOWITA BUDDHIST P.V.,Sabaragamuwa,Kegalle
HEMINFORD II T.V.,Sabaragamuwa,Kegalle
PAHALA THAMBAVITA P.V.,Sabaragamuwa,Kegalle
SARIPUTHTHA MODEL P.V.,Sabaragamuwa,Kegalle
VIVEKANANDA T.V.,Sabaragamuwa,Kegalle
DIPPITIYA RAJAGIRI P.V.,Sabaragamuwa,Kegalle
BHARATHI T.V.,Sabaragamuwa,Kegalle
THUMBAGE P.V.,Sabaragamuwa,Kegalle
PARAKRAMA P.V.,Sabaragamuwa,Kegalle
RANJAN WIJERATHNA P.V.,Sabaragamuwa,Kegalle
MABOPITIYA P.V.,Sabaragamuwa,Kegalle
GETIYAMULLA P.V.,Sabaragamuwa,Kegalle
RAMAKRISHNA PRIMARY SCHOOL,Sabaragamuwa,Kegalle
WAHARAKA PRIMARY SCHOOL,Sabaragamuwa,Kegalle
RUWANWELLA P.V.,Sabaragamuwa,Kegalle
ASHOKA P.V.,Sabaragamuwa,Kegalle
AL-ARAFA MUS.P.V.,Sabaragamuwa,Kegalle
HATHGAMPALA P.V.,Sabaragamuwa,Kegalle
HIJRAGAMA MUSLIM PRIMARY VIDYALAYA,Sabaragamuwa,Kegalle
IQRA P.V.,Sabaragamuwa,Kegalle
KIVULDENIYA P.V.,Sabaragamuwa,Kegalle
SIRINIVASA P.V.,Sabaragamuwa,Kegalle
BOMALUWA RAJASINGHE P.V.,Sabaragamuwa,Kegalle
KATHIRESHAN TAMIL P.V.,Sabaragamuwa,Kegalle
GALAPITAMADA WALAGAMBA P.V.,Sabaragamuwa,Kegalle
KALYANI P.V.,Sabaragamuwa,Kegalle
KITHSIRIMEWAN PRIMARY SCHOOL,North Western,Kurunegala
SAMODAYA VIDYALAYA,North Western,Kurunegala
AL-HAMRA P.V.,North Western,Kurunegala
JAYA ISURU PRIMARY COLLEGE,North Western,Kurunegala
KEKUNAGOLLA MUSLIM PRIMARY SCHOOL,North Western,Kurunegala
AL-FALAH MUSLIM PRIMARY SCHOOL,North Western,Kurunegala
NIKAWEWA SALIYAKUMARA MODEL P.V.,North Western,Kurunegala
SRIPALI PRIMARY SCHOOL,North Western,Kurunegala
ATHUGALPURA WATHHIMI PRIMARY SCHOOL,North Western,Kurunegala
SRI DHAMMANANDA P.V.,North Western,Kurunegala
SRI SUNANDA P.V.,North Western,Kurunegala
ITHANAWATHTHA P.V.,North Western,Kurunegala
MINUWANGETE P.V.,North Western,Kurunegala
BAMUNAKOTUWA ISIPATHANA P.V.,North Western,Kurunegala
HULOGEDARA P.V.,North Western,Kurunegala
SUMANGALA VIDYADARSHA PRIMARY COLLEGE,North Western,Kurunegala
